ROOT=data/experiments/pl_joint_control_acc_aug102_v1_full_20260620_134805
CUDA_VISIBLE_DEVICES=0
2026-06-20T13:48:05+08:00
{
  "status": "ok",
  "manifest": "data/experiments/pl_joint_control_acc_aug102_v1_full_20260620_134805/cache/amass/pl_curve_cache_manifest.json",
  "sanity": {
    "frozen_joint_acc_W_l2_norm_mean": 1.4663305282592773,
    "frozen_joint_acc_R_l2_norm_mean": 1.4663300514221191,
    "root_acc_smooth_W_l2_norm_mean": 1.2339025735855103,
    "root_acc_smooth_R_l2_norm_mean": 1.2339023351669312,
    "joint_minus_vertex_l2_mean_m": 0.2685065269470215,
    "feature_dim": 102,
    "target_dim": 18
  }
}
{
  "status": "ok",
  "manifest": "data/experiments/pl_joint_control_acc_aug102_v1_full_20260620_134805/cache/amass/pl_curve_cache_manifest.json",
  "rows": [
    {
      "name": "HumanEva/S1/Box_1_poses::original",
      "feature_84_99_abs_mean": 1.0660182237625122,
      "feature_99_102_abs_mean": 0.41117358207702637
    },
    {
      "name": "HumanEva/S1/Box_1_poses::offset_aug_overlay",
      "feature_84_99_abs_mean": 1.0479193925857544,
      "feature_99_102_abs_mean": 0.4106745719909668
    },
    {
      "name": "HumanEva/S1/Box_3_poses::original",
      "feature_84_99_abs_mean": 1.6961665153503418,
      "feature_99_102_abs_mean": 0.4949730336666107
    },
    {
      "name": "HumanEva/S1/Box_3_poses::offset_aug_overlay",
      "feature_84_99_abs_mean": 1.6388651132583618,
      "feature_99_102_abs_mean": 0.3581291437149048
    },
    {
      "name": "HumanEva/S1/Gestures_1_poses::original",
      "feature_84_99_abs_mean": 0.2790266275405884,
      "feature_99_102_abs_mean": 0.17263291776180267
    },
    {
      "name": "HumanEva/S1/Gestures_1_poses::offset_aug_overlay",
      "feature_84_99_abs_mean": 0.2472945600748062,
      "feature_99_102_abs_mean": 0.10692214965820312
    },
    {
      "name": "HumanEva/S1/Gestures_3_poses::original",
      "feature_84_99_abs_mean": 0.32420045137405396,
      "feature_99_102_abs_mean": 0.20616142451763153
    },
    {
      "name": "HumanEva/S1/Gestures_3_poses::offset_aug_overlay",
      "feature_84_99_abs_mean": 0.29449906945228577,
      "feature_99_102_abs_mean": 0.13637959957122803
    },
    {
      "name": "HumanEva/S1/Jog_1_poses::original",
      "feature_84_99_abs_mean": 2.880744457244873,
      "feature_99_102_abs_mean": 2.5545055866241455
    },
    {
      "name": "HumanEva/S1/Jog_1_poses::offset_aug_overlay",
      "feature_84_99_abs_mean": 2.849191665649414,
      "feature_99_102_abs_mean": 2.5266716480255127
    },
    {
      "name": "HumanEva/S1/Jog_3_poses::original",
      "feature_84_99_abs_mean": 2.812744617462158,
      "feature_99_102_abs_mean": 2.5004405975341797
    },
    {
      "name": "HumanEva/S1/Jog_3_poses::offset_aug_overlay",
      "feature_84_99_abs_mean": 2.8349692821502686,
      "feature_99_102_abs_mean": 2.673388957977295
    },
    {
      "name": "HumanEva/S1/Static_poses::original",
      "feature_84_99_abs_mean": 0.14066992700099945,
      "feature_99_102_abs_mean": 0.13409854471683502
    },
    {
      "name": "HumanEva/S1/Static_poses::offset_aug_overlay",
      "feature_84_99_abs_mean": 0.10775814205408096,
      "feature_99_102_abs_mean": 0.014642724767327309
    },
    {
      "name": "HumanEva/S1/ThrowCatch_1_poses::original",
      "feature_84_99_abs_mean": 0.9028684496879578,
      "feature_99_102_abs_mean": 0.6149184107780457
    },
    {
      "name": "HumanEva/S1/ThrowCatch_1_poses::offset_aug_overlay",
      "feature_84_99_abs_mean": 0.8810269236564636,
      "feature_99_102_abs_mean": 0.6082990765571594
    },
    {
      "name": "HumanEva/S1/Walking_3_poses::original",
      "feature_84_99_abs_mean": 1.2746847867965698,
      "feature_99_102_abs_mean": 0.8557303547859192
    },
    {
      "name": "HumanEva/S1/Walking_3_poses::offset_aug_overlay",
      "feature_84_99_abs_mean": 1.2490252256393433,
      "feature_99_102_abs_mean": 0.8783999681472778
    },
    {
      "name": "HumanEva/S2/Box_1_poses::original",
      "feature_84_99_abs_mean": 2.8683979511260986,
      "feature_99_102_abs_mean": 2.8047938346862793
    },
    {
      "name": "HumanEva/S2/Box_1_poses::offset_aug_overlay",
      "feature_84_99_abs_mean": 2.9244987964630127,
      "feature_99_102_abs_mean": 3.0162880420684814
    },
    {
      "name": "HumanEva/S2/Box_3_poses::original",
      "feature_84_99_abs_mean": 2.503288507461548,
      "feature_99_102_abs_mean": 2.0174355506896973
    },
    {
      "name": "HumanEva/S2/Box_3_poses::offset_aug_overlay",
      "feature_84_99_abs_mean": 2.4690158367156982,
      "feature_99_102_abs_mean": 1.9991098642349243
    },
    {
      "name": "HumanEva/S2/Gestures_1_poses::original",
      "feature_84_99_abs_mean": 0.6503722071647644,
      "feature_99_102_abs_mean": 0.4754471778869629
    },
    {
      "name": "HumanEva/S2/Gestures_1_poses::offset_aug_overlay",
      "feature_84_99_abs_mean": 0.6084175705909729,
      "feature_99_102_abs_mean": 0.4524211883544922
    },
    {
      "name": "HumanEva/S2/Gestures_3_poses::original",
      "feature_84_99_abs_mean": 0.701391875743866,
      "feature_99_102_abs_mean": 0.38372257351875305
    },
    {
      "name": "HumanEva/S2/Gestures_3_poses::offset_aug_overlay",
      "feature_84_99_abs_mean": 0.6625099778175354,
      "feature_99_102_abs_mean": 0.34585151076316833
    },
    {
      "name": "HumanEva/S2/Jog_1_poses::original",
      "feature_84_99_abs_mean": 2.610349416732788,
      "feature_99_102_abs_mean": 2.508603572845459
    },
    {
      "name": "HumanEva/S2/Jog_1_poses::offset_aug_overlay",
      "feature_84_99_abs_mean": 2.4940478801727295,
      "feature_99_102_abs_mean": 2.6254148483276367
    },
    {
      "name": "HumanEva/S2/Jog_3_poses::original",
      "feature_84_99_abs_mean": 2.829580068588257,
      "feature_99_102_abs_mean": 2.988504648208618
    },
    {
      "name": "HumanEva/S2/Jog_3_poses::offset_aug_overlay",
      "feature_84_99_abs_mean": 2.866807222366333,
      "feature_99_102_abs_mean": 2.988278388977051
    },
    {
      "name": "HumanEva/S2/Static_poses::original",
      "feature_84_99_abs_mean": 0.1813807487487793,
      "feature_99_102_abs_mean": 0.21561774611473083
    },
    {
      "name": "HumanEva/S2/Static_poses::offset_aug_overlay",
      "feature_84_99_abs_mean": 0.14372293651103973,
      "feature_99_102_abs_mean": 0.11404956877231598
    },
    {
      "name": "HumanEva/S2/Walking_1_poses::original",
      "feature_84_99_abs_mean": 0.8765490651130676,
      "feature_99_102_abs_mean": 0.7431414127349854
    },
    {
      "name": "HumanEva/S2/Walking_1_poses::offset_aug_overlay",
      "feature_84_99_abs_mean": 0.8428512811660767,
      "feature_99_102_abs_mean": 0.7993386387825012
    },
    {
      "name": "HumanEva/S2/Walking_3_poses::original",
      "feature_84_99_abs_mean": 0.9091323614120483,
      "feature_99_102_abs_mean": 0.7156333327293396
    },
    {
      "name": "HumanEva/S2/Walking_3_poses::offset_aug_overlay",
      "feature_84_99_abs_mean": 0.899815022945404,
      "feature_99_102_abs_mean": 0.7590241432189941
    },
    {
      "name": "HumanEva/S3/Box_1_poses::original",
      "feature_84_99_abs_mean": 2.319301128387451,
      "feature_99_102_abs_mean": 0.7906485795974731
    },
    {
      "name": "HumanEva/S3/Box_1_poses::offset_aug_overlay",
      "feature_84_99_abs_mean": 2.2951951026916504,
      "feature_99_102_abs_mean": 0.6640141010284424
    },
    {
      "name": "HumanEva/S3/Box_3_poses::original",
      "feature_84_99_abs_mean": 2.7518374919891357,
      "feature_99_102_abs_mean": 1.3485020399093628
    },
    {
      "name": "HumanEva/S3/Box_3_poses::offset_aug_overlay",
      "feature_84_99_abs_mean": 2.7584269046783447,
      "feature_99_102_abs_mean": 1.3719658851623535
    },
    {
      "name": "HumanEva/S3/Gestures_1_poses::original",
      "feature_84_99_abs_mean": 0.46824702620506287,
      "feature_99_102_abs_mean": 0.2535704970359802
    },
    {
      "name": "HumanEva/S3/Gestures_1_poses::offset_aug_overlay",
      "feature_84_99_abs_mean": 0.4309893548488617,
      "feature_99_102_abs_mean": 0.19654524326324463
    },
    {
      "name": "HumanEva/S3/Gestures_3_poses::original",
      "feature_84_99_abs_mean": 0.7391297221183777,
      "feature_99_102_abs_mean": 0.3032577335834503
    },
    {
      "name": "HumanEva/S3/Gestures_3_poses::offset_aug_overlay",
      "feature_84_99_abs_mean": 0.7219074368476868,
      "feature_99_102_abs_mean": 0.22067146003246307
    },
    {
      "name": "HumanEva/S3/Jog_1_poses::original",
      "feature_84_99_abs_mean": 2.911710739135742,
      "feature_99_102_abs_mean": 3.102686643600464
    },
    {
      "name": "HumanEva/S3/Jog_1_poses::offset_aug_overlay",
      "feature_84_99_abs_mean": 2.8700759410858154,
      "feature_99_102_abs_mean": 3.272616386413574
    },
    {
      "name": "HumanEva/S3/Jog_3_poses::original",
      "feature_84_99_abs_mean": 2.8432388305664062,
      "feature_99_102_abs_mean": 3.1781089305877686
    },
    {
      "name": "HumanEva/S3/Jog_3_poses::offset_aug_overlay",
      "feature_84_99_abs_mean": 2.7785415649414062,
      "feature_99_102_abs_mean": 3.180088520050049
    },
    {
      "name": "HumanEva/S3/Static_poses::original",
      "feature_84_99_abs_mean": 0.2484816312789917,
      "feature_99_102_abs_mean": 0.18378829956054688
    },
    {
      "name": "HumanEva/S3/Static_poses::offset_aug_overlay",
      "feature_84_99_abs_mean": 0.18306423723697662,
      "feature_99_102_abs_mean": 0.06361696869134903
    },
    {
      "name": "HumanEva/S3/ThrowCatch_1_poses::original",
      "feature_84_99_abs_mean": 0.5007191896438599,
      "feature_99_102_abs_mean": 0.27549707889556885
    },
    {
      "name": "HumanEva/S3/ThrowCatch_1_poses::offset_aug_overlay",
      "feature_84_99_abs_mean": 0.46470189094543457,
      "feature_99_102_abs_mean": 0.23822614550590515
    },
    {
      "name": "HumanEva/S3/ThrowCatch_3_poses::original",
      "feature_84_99_abs_mean": 0.6426037549972534,
      "feature_99_102_abs_mean": 0.3545565903186798
    },
    {
      "name": "HumanEva/S3/ThrowCatch_3_poses::offset_aug_overlay",
      "feature_84_99_abs_mean": 0.652962327003479,
      "feature_99_102_abs_mean": 0.3123938739299774
    },
    {
      "name": "HumanEva/S3/Walking_3_poses::original",
      "feature_84_99_abs_mean": 1.3833460807800293,
      "feature_99_102_abs_mean": 0.9853697419166565
    },
    {
      "name": "HumanEva/S3/Walking_3_poses::offset_aug_overlay",
      "feature_84_99_abs_mean": 1.3616381883621216,
      "feature_99_102_abs_mean": 0.9640389084815979
    },
    {
      "name": "MPI_HDM05/bk/HDM_bk_01-01_01_120_poses::original",
      "feature_84_99_abs_mean": 0.6385385394096375,
      "feature_99_102_abs_mean": 0.5694206357002258
    },
    {
      "name": "MPI_HDM05/bk/HDM_bk_01-01_01_120_poses::offset_aug_overlay",
      "feature_84_99_abs_mean": 0.6120592355728149,
      "feature_99_102_abs_mean": 0.5196449160575867
    },
    {
      "name": "MPI_HDM05/bk/HDM_bk_01-01_02_120_poses::original",
      "feature_84_99_abs_mean": 0.7113197445869446,
      "feature_99_102_abs_mean": 0.6457722187042236
    },
    {
      "name": "MPI_HDM05/bk/HDM_bk_01-01_02_120_poses::offset_aug_overlay",
      "feature_84_99_abs_mean": 0.6919755339622498,
      "feature_99_102_abs_mean": 0.6057756543159485
    },
    {
      "name": "MPI_HDM05/bk/HDM_bk_01-01_03_120_poses::original",
      "feature_84_99_abs_mean": 0.8099998831748962,
      "feature_99_102_abs_mean": 0.7456262111663818
    },
    {
      "name": "MPI_HDM05/bk/HDM_bk_01-01_03_120_poses::offset_aug_overlay",
      "feature_84_99_abs_mean": 0.7885499000549316,
      "feature_99_102_abs_mean": 0.6928298473358154
    },
    {
      "name": "MPI_HDM05/bk/HDM_bk_01-02_01_120_poses::original",
      "feature_84_99_abs_mean": 1.4181060791015625,
      "feature_99_102_abs_mean": 1.4522578716278076
    },
    {
      "name": "MPI_HDM05/bk/HDM_bk_01-02_01_120_poses::offset_aug_overlay",
      "feature_84_99_abs_mean": 1.391800045967102,
      "feature_99_102_abs_mean": 1.6187188625335693
    },
    {
      "name": "MPI_HDM05/bk/HDM_bk_01-02_02_120_poses::original",
      "feature_84_99_abs_mean": 1.6860600709915161,
      "feature_99_102_abs_mean": 1.683148980140686
    },
    {
      "name": "MPI_HDM05/bk/HDM_bk_01-02_02_120_poses::offset_aug_overlay",
      "feature_84_99_abs_mean": 1.6545400619506836,
      "feature_99_102_abs_mean": 1.728515386581421
    },
    {
      "name": "MPI_HDM05/bk/HDM_bk_01-02_03_120_poses::original",
      "feature_84_99_abs_mean": 1.4184004068374634,
      "feature_99_102_abs_mean": 1.3521060943603516
    },
    {
      "name": "MPI_HDM05/bk/HDM_bk_01-02_03_120_poses::offset_aug_overlay",
      "feature_84_99_abs_mean": 1.4326821565628052,
      "feature_99_102_abs_mean": 1.344112753868103
    },
    {
      "name": "MPI_HDM05/bk/HDM_bk_01-03_01_120_poses::original",
      "feature_84_99_abs_mean": 1.0205247402191162,
      "feature_99_102_abs_mean": 0.9406487345695496
    },
    {
      "name": "MPI_HDM05/bk/HDM_bk_01-03_01_120_poses::offset_aug_overlay",
      "feature_84_99_abs_mean": 1.0186738967895508,
      "feature_99_102_abs_mean": 0.9448331594467163
    },
    {
      "name": "MPI_HDM05/bk/HDM_bk_01-03_02_120_poses::original",
      "feature_84_99_abs_mean": 1.0834108591079712,
      "feature_99_102_abs_mean": 0.975479245185852
    },
    {
      "name": "MPI_HDM05/bk/HDM_bk_01-03_02_120_poses::offset_aug_overlay",
      "feature_84_99_abs_mean": 1.043986439704895,
      "feature_99_102_abs_mean": 0.9654030799865723
    },
    {
      "name": "MPI_HDM05/bk/HDM_bk_01-03_03_120_poses::original",
      "feature_84_99_abs_mean": 1.1217073202133179,
      "feature_99_102_abs_mean": 1.0018911361694336
    },
    {
      "name": "MPI_HDM05/bk/HDM_bk_01-03_03_120_poses::offset_aug_overlay",
      "feature_84_99_abs_mean": 1.1039601564407349,
      "feature_99_102_abs_mean": 0.9808042645454407
    },
    {
      "name": "MPI_HDM05/bk/HDM_bk_01-03_04_120_poses::original",
      "feature_84_99_abs_mean": 1.2180737257003784,
      "feature_99_102_abs_mean": 1.0900282859802246
    },
    {
      "name": "MPI_HDM05/bk/HDM_bk_01-03_04_120_poses::offset_aug_overlay",
      "feature_84_99_abs_mean": 1.188967227935791,
      "feature_99_102_abs_mean": 1.1037236452102661
    },
    {
      "name": "MPI_HDM05/bk/HDM_bk_01-03_05_120_poses::original",
      "feature_84_99_abs_mean": 1.24582839012146,
      "feature_99_102_abs_mean": 1.2333186864852905
    },
    {
      "name": "MPI_HDM05/bk/HDM_bk_01-03_05_120_poses::offset_aug_overlay",
      "feature_84_99_abs_mean": 1.2441203594207764,
      "feature_99_102_abs_mean": 1.3115547895431519
    },
    {
      "name": "MPI_HDM05/bk/HDM_bk_01-04_01_120_poses::original",
      "feature_84_99_abs_mean": 0.9507931470870972,
      "feature_99_102_abs_mean": 0.892782986164093
    },
    {
      "name": "MPI_HDM05/bk/HDM_bk_01-04_01_120_poses::offset_aug_overlay",
      "feature_84_99_abs_mean": 0.9410013556480408,
      "feature_99_102_abs_mean": 0.9457659125328064
    },
    {
      "name": "MPI_HDM05/bk/HDM_bk_01-04_02_120_poses::original",
      "feature_84_99_abs_mean": 1.0478837490081787,
      "feature_99_102_abs_mean": 1.019141435623169
    },
    {
      "name": "MPI_HDM05/bk/HDM_bk_01-04_02_120_poses::offset_aug_overlay",
      "feature_84_99_abs_mean": 1.0216734409332275,
      "feature_99_102_abs_mean": 0.9638230800628662
    },
    {
      "name": "MPI_HDM05/bk/HDM_bk_01-04_03_120_poses::original",
      "feature_84_99_abs_mean": 1.043703317642212,
      "feature_99_102_abs_mean": 1.0478308200836182
    },
    {
      "name": "MPI_HDM05/bk/HDM_bk_01-04_03_120_poses::offset_aug_overlay",
      "feature_84_99_abs_mean": 1.0414596796035767,
      "feature_99_102_abs_mean": 1.1166681051254272
    },
    {
      "name": "MPI_HDM05/bk/HDM_bk_02-01_01_120_poses::original",
      "feature_84_99_abs_mean": 0.8049121499061584,
      "feature_99_102_abs_mean": 0.6982408761978149
    },
    {
      "name": "MPI_HDM05/bk/HDM_bk_02-01_01_120_poses::offset_aug_overlay",
      "feature_84_99_abs_mean": 0.7841057777404785,
      "feature_99_102_abs_mean": 0.6784590482711792
    },
    {
      "name": "MPI_HDM05/bk/HDM_bk_02-01_02_120_poses::original",
      "feature_84_99_abs_mean": 0.8330084681510925,
      "feature_99_102_abs_mean": 0.675944983959198
    },
    {
      "name": "MPI_HDM05/bk/HDM_bk_02-01_02_120_poses::offset_aug_overlay",
      "feature_84_99_abs_mean": 0.8211405277252197,
      "feature_99_102_abs_mean": 0.6692309379577637
    },
    {
      "name": "MPI_HDM05/bk/HDM_bk_02-01_03_120_poses::original",
      "feature_84_99_abs_mean": 0.8841916918754578,
      "feature_99_102_abs_mean": 0.7699361443519592
    },
    {
      "name": "MPI_HDM05/bk/HDM_bk_02-01_03_120_poses::offset_aug_overlay",
      "feature_84_99_abs_mean": 0.8697782158851624,
      "feature_99_102_abs_mean": 0.7352738380432129
    },
    {
      "name": "MPI_HDM05/bk/HDM_bk_02-02_01_120_poses::original",
      "feature_84_99_abs_mean": 0.9661963582038879,
      "feature_99_102_abs_mean": 0.7640537023544312
    },
    {
      "name": "MPI_HDM05/bk/HDM_bk_02-02_01_120_poses::offset_aug_overlay",
      "feature_84_99_abs_mean": 0.935099184513092,
      "feature_99_102_abs_mean": 0.7273061871528625
    },
    {
      "name": "MPI_HDM05/bk/HDM_bk_02-02_02_120_poses::original",
      "feature_84_99_abs_mean": 0.9347535967826843,
      "feature_99_102_abs_mean": 0.7776321172714233
    },
    {
      "name": "MPI_HDM05/bk/HDM_bk_02-02_02_120_poses::offset_aug_overlay",
      "feature_84_99_abs_mean": 0.9142629504203796,
      "feature_99_102_abs_mean": 0.729875385761261
    },
    {
      "name": "MPI_HDM05/bk/HDM_bk_02-02_03_120_poses::original",
      "feature_84_99_abs_mean": 0.9377943873405457,
      "feature_99_102_abs_mean": 0.7742926478385925
    },
    {
      "name": "MPI_HDM05/bk/HDM_bk_02-02_03_120_poses::offset_aug_overlay",
      "feature_84_99_abs_mean": 0.9133589863777161,
      "feature_99_102_abs_mean": 0.7484021782875061
    },
    {
      "name": "MPI_HDM05/bk/HDM_bk_02-03_01_120_poses::original",
      "feature_84_99_abs_mean": 0.6001191139221191,
      "feature_99_102_abs_mean": 0.36372110247612
    },
    {
      "name": "MPI_HDM05/bk/HDM_bk_02-03_01_120_poses::offset_aug_overlay",
      "feature_84_99_abs_mean": 0.5876073837280273,
      "feature_99_102_abs_mean": 0.32477420568466187
    },
    {
      "name": "MPI_HDM05/bk/HDM_bk_02-03_02_120_poses::original",
      "feature_84_99_abs_mean": 0.7238742113113403,
      "feature_99_102_abs_mean": 0.45134299993515015
    },
    {
      "name": "MPI_HDM05/bk/HDM_bk_02-03_02_120_poses::offset_aug_overlay",
      "feature_84_99_abs_mean": 0.7107338905334473,
      "feature_99_102_abs_mean": 0.44245773553848267
    },
    {
      "name": "MPI_HDM05/bk/HDM_bk_02-03_03_120_poses::original",
      "feature_84_99_abs_mean": 0.6587679386138916,
      "feature_99_102_abs_mean": 0.4050273895263672
    },
    {
      "name": "MPI_HDM05/bk/HDM_bk_02-03_03_120_poses::offset_aug_overlay",
      "feature_84_99_abs_mean": 0.6379253268241882,
      "feature_99_102_abs_mean": 0.3710513412952423
    },
    {
      "name": "MPI_HDM05/bk/HDM_bk_02-03_04_120_poses::original",
      "feature_84_99_abs_mean": 0.7717525362968445,
      "feature_99_102_abs_mean": 0.47371259331703186
    },
    {
      "name": "MPI_HDM05/bk/HDM_bk_02-03_04_120_poses::offset_aug_overlay",
      "feature_84_99_abs_mean": 0.7555513978004456,
      "feature_99_102_abs_mean": 0.44509026408195496
    },
    {
      "name": "MPI_HDM05/bk/HDM_bk_03-02_01_120_poses::original",
      "feature_84_99_abs_mean": 1.8446457386016846,
      "feature_99_102_abs_mean": 1.2797253131866455
    },
    {
      "name": "MPI_HDM05/bk/HDM_bk_03-02_01_120_poses::offset_aug_overlay",
      "feature_84_99_abs_mean": 1.830600619316101,
      "feature_99_102_abs_mean": 1.397821068763733
    },
    {
      "name": "MPI_HDM05/bk/HDM_bk_03-02_02_120_poses::original",
      "feature_84_99_abs_mean": 2.0133907794952393,
      "feature_99_102_abs_mean": 1.580803394317627
    },
    {
      "name": "MPI_HDM05/bk/HDM_bk_03-02_02_120_poses::offset_aug_overlay",
      "feature_84_99_abs_mean": 2.0069828033447266,
      "feature_99_102_abs_mean": 1.6780798435211182
    },
    {
      "name": "MPI_HDM05/bk/HDM_bk_03-02_03_120_poses::original",
      "feature_84_99_abs_mean": 1.9674700498580933,
      "feature_99_102_abs_mean": 1.6055688858032227
    },
    {
      "name": "MPI_HDM05/bk/HDM_bk_03-02_03_120_poses::offset_aug_overlay",
      "feature_84_99_abs_mean": 1.9662079811096191,
      "feature_99_102_abs_mean": 1.6984436511993408
    },
    {
      "name": "MPI_HDM05/bk/HDM_bk_03-03_01_120_poses::original",
      "feature_84_99_abs_mean": 1.2936848402023315,
      "feature_99_102_abs_mean": 1.0137068033218384
    },
    {
      "name": "MPI_HDM05/bk/HDM_bk_03-03_01_120_poses::offset_aug_overlay",
      "feature_84_99_abs_mean": 1.257201910018921,
      "feature_99_102_abs_mean": 1.0195246934890747
    },
    {
      "name": "MPI_HDM05/bk/HDM_bk_03-03_03_120_poses::original",
      "feature_84_99_abs_mean": 1.261954426765442,
      "feature_99_102_abs_mean": 1.2261141538619995
    },
    {
      "name": "MPI_HDM05/bk/HDM_bk_03-03_03_120_poses::offset_aug_overlay",
      "feature_84_99_abs_mean": 1.2494391202926636,
      "feature_99_102_abs_mean": 1.2611544132232666
    },
    {
      "name": "MPI_HDM05/bk/HDM_bk_03-04_02_120_poses::original",
      "feature_84_99_abs_mean": 1.6793711185455322,
      "feature_99_102_abs_mean": 0.7232574224472046
    },
    {
      "name": "MPI_HDM05/bk/HDM_bk_03-04_02_120_poses::offset_aug_overlay",
      "feature_84_99_abs_mean": 1.659188151359558,
      "feature_99_102_abs_mean": 0.6809883713722229
    },
    {
      "name": "MPI_HDM05/bk/HDM_bk_03-04_04_120_poses::original",
      "feature_84_99_abs_mean": 1.6324894428253174,
      "feature_99_102_abs_mean": 0.6404107809066772
    },
    {
      "name": "MPI_HDM05/bk/HDM_bk_03-04_04_120_poses::offset_aug_overlay",
      "feature_84_99_abs_mean": 1.60477614402771,
      "feature_99_102_abs_mean": 0.7067164182662964
    },
    {
      "name": "MPI_HDM05/bk/HDM_bk_03-05_01_120_poses::original",
      "feature_84_99_abs_mean": 1.3084609508514404,
      "feature_99_102_abs_mean": 1.4893603324890137
    },
    {
      "name": "MPI_HDM05/bk/HDM_bk_03-05_01_120_poses::offset_aug_overlay",
      "feature_84_99_abs_mean": 1.2837809324264526,
      "feature_99_102_abs_mean": 1.4532259702682495
    },
    {
      "name": "MPI_HDM05/bk/HDM_bk_03-05_02_120_poses::original",
      "feature_84_99_abs_mean": 1.6517423391342163,
      "feature_99_102_abs_mean": 1.9322792291641235
    },
    {
      "name": "MPI_HDM05/bk/HDM_bk_03-05_02_120_poses::offset_aug_overlay",
      "feature_84_99_abs_mean": 1.6360228061676025,
      "feature_99_102_abs_mean": 1.875083565711975
    },
    {
      "name": "MPI_HDM05/bk/HDM_bk_03-05_03_120_poses::original",
      "feature_84_99_abs_mean": 1.6326955556869507,
      "feature_99_102_abs_mean": 1.7968372106552124
    },
    {
      "name": "MPI_HDM05/bk/HDM_bk_03-05_03_120_poses::offset_aug_overlay",
      "feature_84_99_abs_mean": 1.6334372758865356,
      "feature_99_102_abs_mean": 1.8252959251403809
    },
    {
      "name": "MPI_HDM05/bk/HDM_bk_03-11_01_120_poses::original",
      "feature_84_99_abs_mean": 1.1326507329940796,
      "feature_99_102_abs_mean": 0.9666977524757385
    },
    {
      "name": "MPI_HDM05/bk/HDM_bk_03-11_01_120_poses::offset_aug_overlay",
      "feature_84_99_abs_mean": 1.1143977642059326,
      "feature_99_102_abs_mean": 0.9766510128974915
    },
    {
      "name": "MPI_HDM05/bk/HDM_bk_03-11_02_120_poses::original",
      "feature_84_99_abs_mean": 0.9950138926506042,
      "feature_99_102_abs_mean": 0.8424651026725769
    },
    {
      "name": "MPI_HDM05/bk/HDM_bk_03-11_02_120_poses::offset_aug_overlay",
      "feature_84_99_abs_mean": 0.9642922282218933,
      "feature_99_102_abs_mean": 0.7722685933113098
    },
    {
      "name": "MPI_HDM05/bk/HDM_bk_03-11_03_120_poses::original",
      "feature_84_99_abs_mean": 1.106377124786377,
      "feature_99_102_abs_mean": 0.9997541308403015
    },
    {
      "name": "MPI_HDM05/bk/HDM_bk_03-11_03_120_poses::offset_aug_overlay",
      "feature_84_99_abs_mean": 1.0871464014053345,
      "feature_99_102_abs_mean": 0.9948206543922424
    },
    {
      "name": "MPI_HDM05/bk/HDM_bk_04-01_01_120_poses::original",
      "feature_84_99_abs_mean": 0.8130459189414978,
      "feature_99_102_abs_mean": 0.6146934032440186
    },
    {
      "name": "MPI_HDM05/bk/HDM_bk_04-01_01_120_poses::offset_aug_overlay",
      "feature_84_99_abs_mean": 0.7913246154785156,
      "feature_99_102_abs_mean": 0.5641675591468811
    },
    {
      "name": "MPI_HDM05/bk/HDM_bk_04-01_03_120_poses::original",
      "feature_84_99_abs_mean": 0.7936990857124329,
      "feature_99_102_abs_mean": 0.6160778999328613
    },
    {
      "name": "MPI_HDM05/bk/HDM_bk_04-01_03_120_poses::offset_aug_overlay",
      "feature_84_99_abs_mean": 0.7815467715263367,
      "feature_99_102_abs_mean": 0.6021401882171631
    },
    {
      "name": "MPI_HDM05/bk/HDM_bk_05-01_01_120_poses::original",
      "feature_84_99_abs_mean": 1.0097672939300537,
      "feature_99_102_abs_mean": 0.738290011882782
    },
    {
      "name": "MPI_HDM05/bk/HDM_bk_05-01_01_120_poses::offset_aug_overlay",
      "feature_84_99_abs_mean": 0.9499688148498535,
      "feature_99_102_abs_mean": 0.6791064739227295
    },
    {
      "name": "MPI_HDM05/bk/HDM_bk_05-01_02_120_poses::original",
      "feature_84_99_abs_mean": 1.0437517166137695,
      "feature_99_102_abs_mean": 0.877673327922821
    },
    {
      "name": "MPI_HDM05/bk/HDM_bk_05-01_02_120_poses::offset_aug_overlay",
      "feature_84_99_abs_mean": 1.0091373920440674,
      "feature_99_102_abs_mean": 0.8685740232467651
    },
    {
      "name": "MPI_HDM05/bk/HDM_bk_05-01_03_120_poses::original",
      "feature_84_99_abs_mean": 1.0446234941482544,
      "feature_99_102_abs_mean": 0.9735528826713562
    },
    {
      "name": "MPI_HDM05/bk/HDM_bk_05-01_03_120_poses::offset_aug_overlay",
      "feature_84_99_abs_mean": 1.0394785404205322,
      "feature_99_102_abs_mean": 0.9845019578933716
    },
    {
      "name": "MPI_HDM05/bk/HDM_bk_05-02_01_120_poses::original",
      "feature_84_99_abs_mean": 0.6587010025978088,
      "feature_99_102_abs_mean": 0.4969559609889984
    },
    {
      "name": "MPI_HDM05/bk/HDM_bk_05-02_01_120_poses::offset_aug_overlay",
      "feature_84_99_abs_mean": 0.6369066834449768,
      "feature_99_102_abs_mean": 0.4661221206188202
    },
    {
      "name": "MPI_HDM05/bk/HDM_bk_05-02_02_120_poses::original",
      "feature_84_99_abs_mean": 0.6152061820030212,
      "feature_99_102_abs_mean": 0.48342034220695496
    },
    {
      "name": "MPI_HDM05/bk/HDM_bk_05-02_02_120_poses::offset_aug_overlay",
      "feature_84_99_abs_mean": 0.6087177991867065,
      "feature_99_102_abs_mean": 0.5067700743675232
    },
    {
      "name": "MPI_HDM05/bk/HDM_bk_05-02_03_120_poses::original",
      "feature_84_99_abs_mean": 0.6508335471153259,
      "feature_99_102_abs_mean": 0.49230092763900757
    },
    {
      "name": "MPI_HDM05/bk/HDM_bk_05-02_03_120_poses::offset_aug_overlay",
      "feature_84_99_abs_mean": 0.6355210542678833,
      "feature_99_102_abs_mean": 0.5050146579742432
    },
    {
      "name": "MPI_HDM05/bk/HDM_bk_05-03_01_120_poses::original",
      "feature_84_99_abs_mean": 1.3503097295761108,
      "feature_99_102_abs_mean": 1.0236119031906128
    },
    {
      "name": "MPI_HDM05/bk/HDM_bk_05-03_01_120_poses::offset_aug_overlay",
      "feature_84_99_abs_mean": 1.3411660194396973,
      "feature_99_102_abs_mean": 1.0632898807525635
    },
    {
      "name": "MPI_HDM05/bk/HDM_bk_05-03_02_120_poses::original",
      "feature_84_99_abs_mean": 1.1983429193496704,
      "feature_99_102_abs_mean": 0.8605910539627075
    },
    {
      "name": "MPI_HDM05/bk/HDM_bk_05-03_02_120_poses::offset_aug_overlay",
      "feature_84_99_abs_mean": 1.1875734329223633,
      "feature_99_102_abs_mean": 0.882438600063324
    },
    {
      "name": "MPI_HDM05/bk/HDM_bk_05-03_03_120_poses::original",
      "feature_84_99_abs_mean": 1.3892804384231567,
      "feature_99_102_abs_mean": 1.069175124168396
    },
    {
      "name": "MPI_HDM05/bk/HDM_bk_05-03_03_120_poses::offset_aug_overlay",
      "feature_84_99_abs_mean": 1.3620855808258057,
      "feature_99_102_abs_mean": 0.9894351959228516
    },
    {
      "name": "MPI_HDM05/dg/HDM_dg_01-01_01_120_poses::original",
      "feature_84_99_abs_mean": 0.8267858624458313,
      "feature_99_102_abs_mean": 0.7669231295585632
    },
    {
      "name": "MPI_HDM05/dg/HDM_dg_01-01_01_120_poses::offset_aug_overlay",
      "feature_84_99_abs_mean": 0.7700974345207214,
      "feature_99_102_abs_mean": 0.6983433365821838
    },
    {
      "name": "MPI_HDM05/dg/HDM_dg_01-01_02_120_poses::original",
      "feature_84_99_abs_mean": 0.7788441181182861,
      "feature_99_102_abs_mean": 0.7361413836479187
    },
    {
      "name": "MPI_HDM05/dg/HDM_dg_01-01_02_120_poses::offset_aug_overlay",
      "feature_84_99_abs_mean": 0.755686342716217,
      "feature_99_102_abs_mean": 0.7459441423416138
    },
    {
      "name": "MPI_HDM05/dg/HDM_dg_01-01_03_120_poses::original",
      "feature_84_99_abs_mean": 0.8507274389266968,
      "feature_99_102_abs_mean": 0.7797563672065735
    },
    {
      "name": "MPI_HDM05/dg/HDM_dg_01-01_03_120_poses::offset_aug_overlay",
      "feature_84_99_abs_mean": 0.8335265517234802,
      "feature_99_102_abs_mean": 0.7600454092025757
    },
    {
      "name": "MPI_HDM05/dg/HDM_dg_01-01_04_120_poses::original",
      "feature_84_99_abs_mean": 0.8987030982971191,
      "feature_99_102_abs_mean": 0.7944963574409485
    },
    {
      "name": "MPI_HDM05/dg/HDM_dg_01-01_04_120_poses::offset_aug_overlay",
      "feature_84_99_abs_mean": 0.8523842692375183,
      "feature_99_102_abs_mean": 0.7549195885658264
    },
    {
      "name": "MPI_HDM05/dg/HDM_dg_01-02_01_120_poses::original",
      "feature_84_99_abs_mean": 1.6238046884536743,
      "feature_99_102_abs_mean": 1.4190270900726318
    },
    {
      "name": "MPI_HDM05/dg/HDM_dg_01-02_01_120_poses::offset_aug_overlay",
      "feature_84_99_abs_mean": 1.575235366821289,
      "feature_99_102_abs_mean": 1.3550968170166016
    },
    {
      "name": "MPI_HDM05/dg/HDM_dg_01-02_02_120_poses::original",
      "feature_84_99_abs_mean": 1.8110724687576294,
      "feature_99_102_abs_mean": 1.485248327255249
    },
    {
      "name": "MPI_HDM05/dg/HDM_dg_01-02_02_120_poses::offset_aug_overlay",
      "feature_84_99_abs_mean": 1.816784381866455,
      "feature_99_102_abs_mean": 1.4837901592254639
    },
    {
      "name": "MPI_HDM05/dg/HDM_dg_01-02_03_120_poses::original",
      "feature_84_99_abs_mean": 1.9863700866699219,
      "feature_99_102_abs_mean": 1.5976378917694092
    },
    {
      "name": "MPI_HDM05/dg/HDM_dg_01-02_03_120_poses::offset_aug_overlay",
      "feature_84_99_abs_mean": 1.9653093814849854,
      "feature_99_102_abs_mean": 1.636847972869873
    },
    {
      "name": "MPI_HDM05/dg/HDM_dg_01-03_01_120_poses::original",
      "feature_84_99_abs_mean": 1.4831229448318481,
      "feature_99_102_abs_mean": 1.4881356954574585
    },
    {
      "name": "MPI_HDM05/dg/HDM_dg_01-03_01_120_poses::offset_aug_overlay",
      "feature_84_99_abs_mean": 1.4281022548675537,
      "feature_99_102_abs_mean": 1.4355204105377197
    },
    {
      "name": "MPI_HDM05/dg/HDM_dg_01-03_02_120_poses::original",
      "feature_84_99_abs_mean": 1.4724870920181274,
      "feature_99_102_abs_mean": 1.4869821071624756
    },
    {
      "name": "MPI_HDM05/dg/HDM_dg_01-03_02_120_poses::offset_aug_overlay",
      "feature_84_99_abs_mean": 1.4640356302261353,
      "feature_99_102_abs_mean": 1.4194271564483643
    },
    {
      "name": "MPI_HDM05/dg/HDM_dg_01-03_03_120_poses::original",
      "feature_84_99_abs_mean": 1.496876835823059,
      "feature_99_102_abs_mean": 1.476008415222168
    },
    {
      "name": "MPI_HDM05/dg/HDM_dg_01-03_03_120_poses::offset_aug_overlay",
      "feature_84_99_abs_mean": 1.5139929056167603,
      "feature_99_102_abs_mean": 1.5498747825622559
    },
    {
      "name": "MPI_HDM05/dg/HDM_dg_01-04_01_120_poses::original",
      "feature_84_99_abs_mean": 1.0283639430999756,
      "feature_99_102_abs_mean": 1.0262922048568726
    },
    {
      "name": "MPI_HDM05/dg/HDM_dg_01-04_01_120_poses::offset_aug_overlay",
      "feature_84_99_abs_mean": 0.9983749389648438,
      "feature_99_102_abs_mean": 1.074684739112854
    },
    {
      "name": "MPI_HDM05/dg/HDM_dg_01-04_02_120_poses::original",
      "feature_84_99_abs_mean": 0.9713768362998962,
      "feature_99_102_abs_mean": 0.9997648000717163
    },
    {
      "name": "MPI_HDM05/dg/HDM_dg_01-04_02_120_poses::offset_aug_overlay",
      "feature_84_99_abs_mean": 0.9429206252098083,
      "feature_99_102_abs_mean": 0.9527746438980103
    },
    {
      "name": "MPI_HDM05/dg/HDM_dg_01-04_03_120_poses::original",
      "feature_84_99_abs_mean": 1.039034366607666,
      "feature_99_102_abs_mean": 1.0466063022613525
    },
    {
      "name": "MPI_HDM05/dg/HDM_dg_01-04_03_120_poses::offset_aug_overlay",
      "feature_84_99_abs_mean": 1.0275921821594238,
      "feature_99_102_abs_mean": 1.1121253967285156
    },
    {
      "name": "MPI_HDM05/dg/HDM_dg_02-01_02_120_poses::original",
      "feature_84_99_abs_mean": 0.8001298308372498,
      "feature_99_102_abs_mean": 0.7106934189796448
    },
    {
      "name": "MPI_HDM05/dg/HDM_dg_02-01_02_120_poses::offset_aug_overlay",
      "feature_84_99_abs_mean": 0.7790926694869995,
      "feature_99_102_abs_mean": 0.6604694128036499
    },
    {
      "name": "MPI_HDM05/dg/HDM_dg_02-01_03_120_poses::original",
      "feature_84_99_abs_mean": 0.7321140170097351,
      "feature_99_102_abs_mean": 0.7455141544342041
    },
    {
      "name": "MPI_HDM05/dg/HDM_dg_02-01_03_120_poses::offset_aug_overlay",
      "feature_84_99_abs_mean": 0.7211171388626099,
      "feature_99_102_abs_mean": 0.7238022685050964
    },
    {
      "name": "MPI_HDM05/dg/HDM_dg_02-02_01_120_poses::original",
      "feature_84_99_abs_mean": 0.9533450603485107,
      "feature_99_102_abs_mean": 0.806983470916748
    },
    {
      "name": "MPI_HDM05/dg/HDM_dg_02-02_01_120_poses::offset_aug_overlay",
      "feature_84_99_abs_mean": 0.9418500065803528,
      "feature_99_102_abs_mean": 0.7674616575241089
    },
    {
      "name": "MPI_HDM05/dg/HDM_dg_02-02_02_120_poses::original",
      "feature_84_99_abs_mean": 0.6488332152366638,
      "feature_99_102_abs_mean": 0.5797845721244812
    },
    {
      "name": "MPI_HDM05/dg/HDM_dg_02-02_02_120_poses::offset_aug_overlay",
      "feature_84_99_abs_mean": 0.634829044342041,
      "feature_99_102_abs_mean": 0.5582582354545593
    },
    {
      "name": "MPI_HDM05/dg/HDM_dg_02-02_03_120_poses::original",
      "feature_84_99_abs_mean": 0.8656814694404602,
      "feature_99_102_abs_mean": 0.7826426029205322
    },
    {
      "name": "MPI_HDM05/dg/HDM_dg_02-02_03_120_poses::offset_aug_overlay",
      "feature_84_99_abs_mean": 0.8563448190689087,
      "feature_99_102_abs_mean": 0.8011451363563538
    },
    {
      "name": "MPI_HDM05/dg/HDM_dg_02-02_04_120_poses::original",
      "feature_84_99_abs_mean": 0.8622254729270935,
      "feature_99_102_abs_mean": 0.7362496852874756
    },
    {
      "name": "MPI_HDM05/dg/HDM_dg_02-02_04_120_poses::offset_aug_overlay",
      "feature_84_99_abs_mean": 0.848676860332489,
      "feature_99_102_abs_mean": 0.6898629069328308
    },
    {
      "name": "MPI_HDM05/dg/HDM_dg_02-03_01_120_poses::original",
      "feature_84_99_abs_mean": 0.64361971616745,
      "feature_99_102_abs_mean": 0.43060463666915894
    },
    {
      "name": "MPI_HDM05/dg/HDM_dg_02-03_01_120_poses::offset_aug_overlay",
      "feature_84_99_abs_mean": 0.6387908458709717,
      "feature_99_102_abs_mean": 0.4427545964717865
    },
    {
      "name": "CMU/55/55_28_poses::original",
      "feature_84_99_abs_mean": 0.5909351110458374,
      "feature_99_102_abs_mean": 0.575298011302948
    },
    {
      "name": "CMU/55/55_28_poses::offset_aug_overlay",
      "feature_84_99_abs_mean": 0.5616275668144226,
      "feature_99_102_abs_mean": 0.5352054238319397
    },
    {
      "name": "CMU/56/56_01_poses::original",
      "feature_84_99_abs_mean": 0.9071257710456848,
      "feature_99_102_abs_mean": 0.8602510094642639
    },
    {
      "name": "CMU/56/56_01_poses::offset_aug_overlay",
      "feature_84_99_abs_mean": 0.8666843175888062,
      "feature_99_102_abs_mean": 0.847374677658081
    },
    {
      "name": "CMU/56/56_02_poses::original",
      "feature_84_99_abs_mean": 0.4717309772968292,
      "feature_99_102_abs_mean": 0.2976286709308624
    },
    {
      "name": "CMU/56/56_02_poses::offset_aug_overlay",
      "feature_84_99_abs_mean": 0.4490439295768738,
      "feature_99_102_abs_mean": 0.23133105039596558
    },
    {
      "name": "CMU/56/56_03_poses::original",
      "feature_84_99_abs_mean": 0.8970237374305725,
      "feature_99_102_abs_mean": 0.7643479108810425
    },
    {
      "name": "CMU/56/56_03_poses::offset_aug_overlay",
      "feature_84_99_abs_mean": 0.867053747177124,
      "feature_99_102_abs_mean": 0.702416181564331
    },
    {
      "name": "CMU/56/56_04_poses::original",
      "feature_84_99_abs_mean": 0.9218748211860657,
      "feature_99_102_abs_mean": 0.8226025104522705
    },
    {
      "name": "CMU/56/56_04_poses::offset_aug_overlay",
      "feature_84_99_abs_mean": 0.8869279026985168,
      "feature_99_102_abs_mean": 0.7778407335281372
    },
    {
      "name": "CMU/56/56_05_poses::original",
      "feature_84_99_abs_mean": 0.9131146669387817,
      "feature_99_102_abs_mean": 0.7890222668647766
    },
    {
      "name": "CMU/56/56_05_poses::offset_aug_overlay",
      "feature_84_99_abs_mean": 0.8618735671043396,
      "feature_99_102_abs_mean": 0.7435243725776672
    },
    {
      "name": "CMU/56/56_06_poses::original",
      "feature_84_99_abs_mean": 1.2470325231552124,
      "feature_99_102_abs_mean": 1.3597553968429565
    },
    {
      "name": "CMU/56/56_06_poses::offset_aug_overlay",
      "feature_84_99_abs_mean": 1.2159805297851562,
      "feature_99_102_abs_mean": 1.3144519329071045
    },
    {
      "name": "CMU/56/56_08_poses::original",
      "feature_84_99_abs_mean": 1.4223936796188354,
      "feature_99_102_abs_mean": 1.323004126548767
    },
    {
      "name": "CMU/56/56_08_poses::offset_aug_overlay",
      "feature_84_99_abs_mean": 1.36811363697052,
      "feature_99_102_abs_mean": 1.2874819040298462
    },
    {
      "name": "CMU/60/60_02_poses::original",
      "feature_84_99_abs_mean": 1.396069049835205,
      "feature_99_102_abs_mean": 0.8530906438827515
    },
    {
      "name": "CMU/60/60_02_poses::offset_aug_overlay",
      "feature_84_99_abs_mean": 1.3746776580810547,
      "feature_99_102_abs_mean": 0.8153844475746155
    },
    {
      "name": "CMU/60/60_03_poses::original",
      "feature_84_99_abs_mean": 1.2177752256393433,
      "feature_99_102_abs_mean": 0.7800681591033936
    },
    {
      "name": "CMU/60/60_03_poses::offset_aug_overlay",
      "feature_84_99_abs_mean": 1.203168272972107,
      "feature_99_102_abs_mean": 0.6914357542991638
    },
    {
      "name": "CMU/60/60_04_poses::original",
      "feature_84_99_abs_mean": 1.1854503154754639,
      "feature_99_102_abs_mean": 0.808094322681427
    },
    {
      "name": "CMU/60/60_04_poses::offset_aug_overlay",
      "feature_84_99_abs_mean": 1.1778483390808105,
      "feature_99_102_abs_mean": 0.7943118810653687
    },
    {
      "name": "CMU/60/60_05_poses::original",
      "feature_84_99_abs_mean": 1.1461259126663208,
      "feature_99_102_abs_mean": 0.802035391330719
    },
    {
      "name": "CMU/60/60_05_poses::offset_aug_overlay",
      "feature_84_99_abs_mean": 1.128943681716919,
      "feature_99_102_abs_mean": 0.7141216397285461
    },
    {
      "name": "CMU/60/60_06_poses::original",
      "feature_84_99_abs_mean": 1.3823919296264648,
      "feature_99_102_abs_mean": 0.8777631521224976
    },
    {
      "name": "CMU/60/60_06_poses::offset_aug_overlay",
      "feature_84_99_abs_mean": 1.3336386680603027,
      "feature_99_102_abs_mean": 0.7903546690940857
    },
    {
      "name": "CMU/60/60_09_poses::original",
      "feature_84_99_abs_mean": 1.6161960363388062,
      "feature_99_102_abs_mean": 1.0937867164611816
    },
    {
      "name": "CMU/60/60_09_poses::offset_aug_overlay",
      "feature_84_99_abs_mean": 1.6306501626968384,
      "feature_99_102_abs_mean": 1.1201751232147217
    },
    {
      "name": "CMU/60/60_10_poses::original",
      "feature_84_99_abs_mean": 1.1594359874725342,
      "feature_99_102_abs_mean": 0.7747123837471008
    },
    {
      "name": "CMU/60/60_10_poses::offset_aug_overlay",
      "feature_84_99_abs_mean": 1.1366734504699707,
      "feature_99_102_abs_mean": 0.7685591578483582
    },
    {
      "name": "CMU/60/60_11_poses::original",
      "feature_84_99_abs_mean": 1.3054754734039307,
      "feature_99_102_abs_mean": 0.847981333732605
    },
    {
      "name": "CMU/60/60_11_poses::offset_aug_overlay",
      "feature_84_99_abs_mean": 1.269545078277588,
      "feature_99_102_abs_mean": 0.9028706550598145
    },
    {
      "name": "CMU/60/60_12_poses::original",
      "feature_84_99_abs_mean": 1.2960481643676758,
      "feature_99_102_abs_mean": 0.7934387922286987
    },
    {
      "name": "CMU/60/60_12_poses::offset_aug_overlay",
      "feature_84_99_abs_mean": 1.30321204662323,
      "feature_99_102_abs_mean": 0.8135753870010376
    },
    {
      "name": "CMU/60/60_13_poses::original",
      "feature_84_99_abs_mean": 1.2516785860061646,
      "feature_99_102_abs_mean": 0.8416180610656738
    },
    {
      "name": "CMU/60/60_13_poses::offset_aug_overlay",
      "feature_84_99_abs_mean": 1.2320712804794312,
      "feature_99_102_abs_mean": 0.802211344242096
    },
    {
      "name": "CMU/60/60_14_poses::original",
      "feature_84_99_abs_mean": 1.2409253120422363,
      "feature_99_102_abs_mean": 0.8213537931442261
    },
    {
      "name": "CMU/60/60_14_poses::offset_aug_overlay",
      "feature_84_99_abs_mean": 1.2079445123672485,
      "feature_99_102_abs_mean": 0.7487854361534119
    },
    {
      "name": "CMU/60/60_15_poses::original",
      "feature_84_99_abs_mean": 1.1272212266921997,
      "feature_99_102_abs_mean": 0.7987692356109619
    },
    {
      "name": "CMU/60/60_15_poses::offset_aug_overlay",
      "feature_84_99_abs_mean": 1.1090879440307617,
      "feature_99_102_abs_mean": 0.7857413291931152
    },
    {
      "name": "CMU/61/61_01_poses::original",
      "feature_84_99_abs_mean": 1.098366141319275,
      "feature_99_102_abs_mean": 0.7557165026664734
    },
    {
      "name": "CMU/61/61_01_poses::offset_aug_overlay",
      "feature_84_99_abs_mean": 1.0679340362548828,
      "feature_99_102_abs_mean": 0.7270280718803406
    },
    {
      "name": "CMU/61/61_02_poses::original",
      "feature_84_99_abs_mean": 1.3922990560531616,
      "feature_99_102_abs_mean": 0.8587194681167603
    },
    {
      "name": "CMU/61/61_02_poses::offset_aug_overlay",
      "feature_84_99_abs_mean": 1.3796197175979614,
      "feature_99_102_abs_mean": 0.9481431841850281
    },
    {
      "name": "CMU/61/61_03_poses::original",
      "feature_84_99_abs_mean": 1.210329532623291,
      "feature_99_102_abs_mean": 0.7702040076255798
    },
    {
      "name": "CMU/61/61_03_poses::offset_aug_overlay",
      "feature_84_99_abs_mean": 1.18806791305542,
      "feature_99_102_abs_mean": 0.7451300621032715
    },
    {
      "name": "CMU/61/61_04_poses::original",
      "feature_84_99_abs_mean": 1.1962449550628662,
      "feature_99_102_abs_mean": 0.807019054889679
    },
    {
      "name": "CMU/61/61_04_poses::offset_aug_overlay",
      "feature_84_99_abs_mean": 1.1877758502960205,
      "feature_99_102_abs_mean": 0.7453160285949707
    },
    {
      "name": "CMU/61/61_09_poses::original",
      "feature_84_99_abs_mean": 1.6019761562347412,
      "feature_99_102_abs_mean": 1.0665854215621948
    },
    {
      "name": "CMU/61/61_09_poses::offset_aug_overlay",
      "feature_84_99_abs_mean": 1.582560658454895,
      "feature_99_102_abs_mean": 1.012097716331482
    },
    {
      "name": "CMU/61/61_10_poses::original",
      "feature_84_99_abs_mean": 1.1565983295440674,
      "feature_99_102_abs_mean": 0.7878634929656982
    },
    {
      "name": "CMU/61/61_10_poses::offset_aug_overlay",
      "feature_84_99_abs_mean": 1.1208854913711548,
      "feature_99_102_abs_mean": 0.7469685077667236
    },
    {
      "name": "CMU/61/61_12_poses::original",
      "feature_84_99_abs_mean": 1.2737025022506714,
      "feature_99_102_abs_mean": 0.7800101041793823
    },
    {
      "name": "CMU/61/61_12_poses::offset_aug_overlay",
      "feature_84_99_abs_mean": 1.2705551385879517,
      "feature_99_102_abs_mean": 0.7426198124885559
    },
    {
      "name": "CMU/61/61_15_poses::original",
      "feature_84_99_abs_mean": 1.1511865854263306,
      "feature_99_102_abs_mean": 0.7846347093582153
    },
    {
      "name": "CMU/61/61_15_poses::offset_aug_overlay",
      "feature_84_99_abs_mean": 1.1319438219070435,
      "feature_99_102_abs_mean": 0.7290635108947754
    },
    {
      "name": "CMU/62/62_01_poses::original",
      "feature_84_99_abs_mean": 0.2922472655773163,
      "feature_99_102_abs_mean": 0.2634371519088745
    },
    {
      "name": "CMU/62/62_01_poses::offset_aug_overlay",
      "feature_84_99_abs_mean": 0.25895044207572937,
      "feature_99_102_abs_mean": 0.1935872882604599
    },
    {
      "name": "CMU/62/62_02_poses::original",
      "feature_84_99_abs_mean": 0.29890838265419006,
      "feature_99_102_abs_mean": 0.2646341025829315
    },
    {
      "name": "CMU/62/62_02_poses::offset_aug_overlay",
      "feature_84_99_abs_mean": 0.2593739330768585,
      "feature_99_102_abs_mean": 0.225391685962677
    },
    {
      "name": "CMU/62/62_03_poses::original",
      "feature_84_99_abs_mean": 0.6829810738563538,
      "feature_99_102_abs_mean": 0.34924453496932983
    },
    {
      "name": "CMU/62/62_03_poses::offset_aug_overlay",
      "feature_84_99_abs_mean": 0.6868366599082947,
      "feature_99_102_abs_mean": 0.38531693816185
    },
    {
      "name": "CMU/62/62_04_poses::original",
      "feature_84_99_abs_mean": 0.23980453610420227,
      "feature_99_102_abs_mean": 0.24202562868595123
    },
    {
      "name": "CMU/62/62_04_poses::offset_aug_overlay",
      "feature_84_99_abs_mean": 0.2059376835823059,
      "feature_99_102_abs_mean": 0.15966948866844177
    },
    {
      "name": "CMU/62/62_05_poses::original",
      "feature_84_99_abs_mean": 0.27628254890441895,
      "feature_99_102_abs_mean": 0.2925974130630493
    },
    {
      "name": "CMU/62/62_05_poses::offset_aug_overlay",
      "feature_84_99_abs_mean": 0.24531744420528412,
      "feature_99_102_abs_mean": 0.23113320767879486
    },
    {
      "name": "CMU/62/62_06_poses::original",
      "feature_84_99_abs_mean": 0.1867663860321045,
      "feature_99_102_abs_mean": 0.1891133338212967
    },
    {
      "name": "CMU/62/62_06_poses::offset_aug_overlay",
      "feature_84_99_abs_mean": 0.14119292795658112,
      "feature_99_102_abs_mean": 0.11373922228813171
    },
    {
      "name": "CMU/62/62_07_poses::original",
      "feature_84_99_abs_mean": 0.2676663100719452,
      "feature_99_102_abs_mean": 0.2804308533668518
    },
    {
      "name": "CMU/62/62_07_poses::offset_aug_overlay",
      "feature_84_99_abs_mean": 0.2345127910375595,
      "feature_99_102_abs_mean": 0.22060081362724304
    },
    {
      "name": "CMU/62/62_08_poses::original",
      "feature_84_99_abs_mean": 0.32665348052978516,
      "feature_99_102_abs_mean": 0.3241029977798462
    },
    {
      "name": "CMU/62/62_08_poses::offset_aug_overlay",
      "feature_84_99_abs_mean": 0.300600528717041,
      "feature_99_102_abs_mean": 0.265842080116272
    },
    {
      "name": "CMU/62/62_09_poses::original",
      "feature_84_99_abs_mean": 0.2542346119880676,
      "feature_99_102_abs_mean": 0.2969328463077545
    },
    {
      "name": "CMU/62/62_09_poses::offset_aug_overlay",
      "feature_84_99_abs_mean": 0.22956311702728271,
      "feature_99_102_abs_mean": 0.240869402885437
    },
    {
      "name": "CMU/62/62_10_poses::original",
      "feature_84_99_abs_mean": 0.28147491812705994,
      "feature_99_102_abs_mean": 0.23860183358192444
    },
    {
      "name": "CMU/62/62_10_poses::offset_aug_overlay",
      "feature_84_99_abs_mean": 0.24667121469974518,
      "feature_99_102_abs_mean": 0.17248310148715973
    },
    {
      "name": "CMU/62/62_11_poses::original",
      "feature_84_99_abs_mean": 0.5385396480560303,
      "feature_99_102_abs_mean": 0.43098869919776917
    },
    {
      "name": "CMU/62/62_11_poses::offset_aug_overlay",
      "feature_84_99_abs_mean": 0.5231449604034424,
      "feature_99_102_abs_mean": 0.40979230403900146
    },
    {
      "name": "CMU/62/62_12_poses::original",
      "feature_84_99_abs_mean": 0.33812978863716125,
      "feature_99_102_abs_mean": 0.27222689986228943
    },
    {
      "name": "CMU/62/62_12_poses::offset_aug_overlay",
      "feature_84_99_abs_mean": 0.3104023039340973,
      "feature_99_102_abs_mean": 0.2267649620771408
    },
    {
      "name": "CMU/62/62_13_poses::original",
      "feature_84_99_abs_mean": 0.639629602432251,
      "feature_99_102_abs_mean": 0.6225367188453674
    },
    {
      "name": "CMU/62/62_13_poses::offset_aug_overlay",
      "feature_84_99_abs_mean": 0.622531533241272,
      "feature_99_102_abs_mean": 0.5669924020767212
    },
    {
      "name": "CMU/62/62_14_poses::original",
      "feature_84_99_abs_mean": 0.22763918340206146,
      "feature_99_102_abs_mean": 0.21483449637889862
    },
    {
      "name": "CMU/62/62_14_poses::offset_aug_overlay",
      "feature_84_99_abs_mean": 0.19691678881645203,
      "feature_99_102_abs_mean": 0.14252662658691406
    },
    {
      "name": "CMU/62/62_15_poses::original",
      "feature_84_99_abs_mean": 0.26989737153053284,
      "feature_99_102_abs_mean": 0.24892035126686096
    },
    {
      "name": "CMU/62/62_15_poses::offset_aug_overlay",
      "feature_84_99_abs_mean": 0.23531989753246307,
      "feature_99_102_abs_mean": 0.16598163545131683
    },
    {
      "name": "CMU/62/62_16_poses::original",
      "feature_84_99_abs_mean": 0.19477441906929016,
      "feature_99_102_abs_mean": 0.1764807254076004
    },
    {
      "name": "CMU/62/62_16_poses::offset_aug_overlay",
      "feature_84_99_abs_mean": 0.1668408364057541,
      "feature_99_102_abs_mean": 0.11342277377843857
    },
    {
      "name": "CMU/62/62_17_poses::original",
      "feature_84_99_abs_mean": 0.2102843075990677,
      "feature_99_102_abs_mean": 0.17894896864891052
    },
    {
      "name": "CMU/62/62_17_poses::offset_aug_overlay",
      "feature_84_99_abs_mean": 0.17739367485046387,
      "feature_99_102_abs_mean": 0.10785409808158875
    },
    {
      "name": "CMU/62/62_18_poses::original",
      "feature_84_99_abs_mean": 0.3882547914981842,
      "feature_99_102_abs_mean": 0.3244032561779022
    },
    {
      "name": "CMU/62/62_18_poses::offset_aug_overlay",
      "feature_84_99_abs_mean": 0.3697311282157898,
      "feature_99_102_abs_mean": 0.3062285780906677
    },
    {
      "name": "CMU/62/62_19_poses::original",
      "feature_84_99_abs_mean": 0.3779962360858917,
      "feature_99_102_abs_mean": 0.378007173538208
    },
    {
      "name": "CMU/62/62_19_poses::offset_aug_overlay",
      "feature_84_99_abs_mean": 0.36512553691864014,
      "feature_99_102_abs_mean": 0.372125506401062
    },
    {
      "name": "CMU/62/62_20_poses::original",
      "feature_84_99_abs_mean": 0.42467010021209717,
      "feature_99_102_abs_mean": 0.4204081594944
    },
    {
      "name": "CMU/62/62_20_poses::offset_aug_overlay",
      "feature_84_99_abs_mean": 0.39388298988342285,
      "feature_99_102_abs_mean": 0.38530224561691284
    },
    {
      "name": "CMU/62/62_21_poses::original",
      "feature_84_99_abs_mean": 0.275545209646225,
      "feature_99_102_abs_mean": 0.18683207035064697
    },
    {
      "name": "CMU/62/62_21_poses::offset_aug_overlay",
      "feature_84_99_abs_mean": 0.24552632868289948,
      "feature_99_102_abs_mean": 0.10775787383317947
    },
    {
      "name": "CMU/62/62_22_poses::original",
      "feature_84_99_abs_mean": 0.4233051538467407,
      "feature_99_102_abs_mean": 0.2738611698150635
    },
    {
      "name": "CMU/62/62_22_poses::offset_aug_overlay",
      "feature_84_99_abs_mean": 0.41488197445869446,
      "feature_99_102_abs_mean": 0.22309903800487518
    },
    {
      "name": "CMU/62/62_23_poses::original",
      "feature_84_99_abs_mean": 0.2990615665912628,
      "feature_99_102_abs_mean": 0.3003305196762085
    },
    {
      "name": "CMU/62/62_23_poses::offset_aug_overlay",
      "feature_84_99_abs_mean": 0.2781643569469452,
      "feature_99_102_abs_mean": 0.2852940857410431
    },
    {
      "name": "CMU/62/62_24_poses::original",
      "feature_84_99_abs_mean": 0.21067717671394348,
      "feature_99_102_abs_mean": 0.19885492324829102
    },
    {
      "name": "CMU/62/62_24_poses::offset_aug_overlay",
      "feature_84_99_abs_mean": 0.17366592586040497,
      "feature_99_102_abs_mean": 0.12909629940986633
    },
    {
      "name": "CMU/62/62_25_poses::original",
      "feature_84_99_abs_mean": 0.2804338335990906,
      "feature_99_102_abs_mean": 0.20589154958724976
    },
    {
      "name": "CMU/62/62_25_poses::offset_aug_overlay",
      "feature_84_99_abs_mean": 0.23703081905841827,
      "feature_99_102_abs_mean": 0.12247443199157715
    },
    {
      "name": "CMU/63/63_01_poses::original",
      "feature_84_99_abs_mean": 1.0793370008468628,
      "feature_99_102_abs_mean": 0.42493924498558044
    },
    {
      "name": "CMU/63/63_01_poses::offset_aug_overlay",
      "feature_84_99_abs_mean": 1.0258206129074097,
      "feature_99_102_abs_mean": 0.31469959020614624
    },
    {
      "name": "CMU/63/63_02_poses::original",
      "feature_84_99_abs_mean": 1.0244566202163696,
      "feature_99_102_abs_mean": 0.4378817081451416
    },
    {
      "name": "CMU/63/63_02_poses::offset_aug_overlay",
      "feature_84_99_abs_mean": 1.0066566467285156,
      "feature_99_102_abs_mean": 0.42933186888694763
    },
    {
      "name": "CMU/63/63_03_poses::original",
      "feature_84_99_abs_mean": 1.1321191787719727,
      "feature_99_102_abs_mean": 0.46814852952957153
    },
    {
      "name": "CMU/63/63_03_poses::offset_aug_overlay",
      "feature_84_99_abs_mean": 1.0988836288452148,
      "feature_99_102_abs_mean": 0.3931196630001068
    },
    {
      "name": "CMU/63/63_04_poses::original",
      "feature_84_99_abs_mean": 1.2161844968795776,
      "feature_99_102_abs_mean": 0.48871302604675293
    },
    {
      "name": "CMU/63/63_04_poses::offset_aug_overlay",
      "feature_84_99_abs_mean": 1.2473604679107666,
      "feature_99_102_abs_mean": 0.5382159352302551
    },
    {
      "name": "CMU/63/63_05_poses::original",
      "feature_84_99_abs_mean": 1.2872834205627441,
      "feature_99_102_abs_mean": 0.5203266143798828
    },
    {
      "name": "CMU/63/63_05_poses::offset_aug_overlay",
      "feature_84_99_abs_mean": 1.2062032222747803,
      "feature_99_102_abs_mean": 0.4581294655799866
    },
    {
      "name": "CMU/63/63_06_poses::original",
      "feature_84_99_abs_mean": 1.078730583190918,
      "feature_99_102_abs_mean": 0.4509727954864502
    },
    {
      "name": "CMU/63/63_06_poses::offset_aug_overlay",
      "feature_84_99_abs_mean": 1.0652029514312744,
      "feature_99_102_abs_mean": 0.355224609375
    },
    {
      "name": "CMU/63/63_07_poses::original",
      "feature_84_99_abs_mean": 1.3840289115905762,
      "feature_99_102_abs_mean": 0.6119533777236938
    },
    {
      "name": "CMU/63/63_07_poses::offset_aug_overlay",
      "feature_84_99_abs_mean": 1.3446388244628906,
      "feature_99_102_abs_mean": 0.6101287603378296
    },
    {
      "name": "CMU/63/63_08_poses::original",
      "feature_84_99_abs_mean": 1.4541511535644531,
      "feature_99_102_abs_mean": 0.5946835279464722
    },
    {
      "name": "CMU/63/63_08_poses::offset_aug_overlay",
      "feature_84_99_abs_mean": 1.4234384298324585,
      "feature_99_102_abs_mean": 0.5189154744148254
    },
    {
      "name": "CMU/63/63_09_poses::original",
      "feature_84_99_abs_mean": 1.2599927186965942,
      "feature_99_102_abs_mean": 0.6023545861244202
    },
    {
      "name": "CMU/63/63_09_poses::offset_aug_overlay",
      "feature_84_99_abs_mean": 1.252331018447876,
      "feature_99_102_abs_mean": 0.4699596166610718
    },
    {
      "name": "CMU/63/63_10_poses::original",
      "feature_84_99_abs_mean": 1.0445880889892578,
      "feature_99_102_abs_mean": 0.4654695987701416
    },
    {
      "name": "CMU/63/63_10_poses::offset_aug_overlay",
      "feature_84_99_abs_mean": 1.002290964126587,
      "feature_99_102_abs_mean": 0.46292582154273987
    },
    {
      "name": "CMU/63/63_11_poses::original",
      "feature_84_99_abs_mean": 0.1392785757780075,
      "feature_99_102_abs_mean": 0.16748593747615814
    },
    {
      "name": "CMU/63/63_11_poses::offset_aug_overlay",
      "feature_84_99_abs_mean": 0.08837835490703583,
      "feature_99_102_abs_mean": 0.07749343663454056
    },
    {
      "name": "CMU/63/63_12_poses::original",
      "feature_84_99_abs_mean": 0.13937808573246002,
      "feature_99_102_abs_mean": 0.16155102849006653
    },
    {
      "name": "CMU/63/63_12_poses::offset_aug_overlay",
      "feature_84_99_abs_mean": 0.10101594775915146,
      "feature_99_102_abs_mean": 0.06101351976394653
    },
    {
      "name": "CMU/63/63_13_poses::original",
      "feature_84_99_abs_mean": 0.15682150423526764,
      "feature_99_102_abs_mean": 0.15766297280788422
    },
    {
      "name": "CMU/63/63_13_poses::offset_aug_overlay",
      "feature_84_99_abs_mean": 0.11040304601192474,
      "feature_99_102_abs_mean": 0.057108908891677856
    },
    {
      "name": "CMU/63/63_14_poses::original",
      "feature_84_99_abs_mean": 0.14916107058525085,
      "feature_99_102_abs_mean": 0.1749107390642166
    },
    {
      "name": "CMU/63/63_14_poses::offset_aug_overlay",
      "feature_84_99_abs_mean": 0.11539576202630997,
      "feature_99_102_abs_mean": 0.10181324928998947
    },
    {
      "name": "CMU/63/63_15_poses::original",
      "feature_84_99_abs_mean": 0.14314207434654236,
      "feature_99_102_abs_mean": 0.14459331333637238
    },
    {
      "name": "CMU/63/63_15_poses::offset_aug_overlay",
      "feature_84_99_abs_mean": 0.10314107686281204,
      "feature_99_102_abs_mean": 0.05161651596426964
    },
    {
      "name": "CMU/63/63_16_poses::original",
      "feature_84_99_abs_mean": 0.47264158725738525,
      "feature_99_102_abs_mean": 0.5101089477539062
    },
    {
      "name": "CMU/63/63_16_poses::offset_aug_overlay",
      "feature_84_99_abs_mean": 0.45885902643203735,
      "feature_99_102_abs_mean": 0.45925167202949524
    },
    {
      "name": "CMU/63/63_17_poses::original",
      "feature_84_99_abs_mean": 0.5294880270957947,
      "feature_99_102_abs_mean": 0.6310751438140869
    },
    {
      "name": "CMU/63/63_17_poses::offset_aug_overlay",
      "feature_84_99_abs_mean": 0.5125542879104614,
      "feature_99_102_abs_mean": 0.6250895857810974
    },
    {
      "name": "CMU/63/63_18_poses::original",
      "feature_84_99_abs_mean": 0.5372241735458374,
      "feature_99_102_abs_mean": 0.5852468013763428
    },
    {
      "name": "CMU/63/63_18_poses::offset_aug_overlay",
      "feature_84_99_abs_mean": 0.5100705027580261,
      "feature_99_102_abs_mean": 0.535578727722168
    },
    {
      "name": "CMU/63/63_19_poses::original",
      "feature_84_99_abs_mean": 0.5879046320915222,
      "feature_99_102_abs_mean": 0.4890461266040802
    },
    {
      "name": "CMU/63/63_19_poses::offset_aug_overlay",
      "feature_84_99_abs_mean": 0.5849716663360596,
      "feature_99_102_abs_mean": 0.48779115080833435
    },
    {
      "name": "CMU/63/63_20_poses::original",
      "feature_84_99_abs_mean": 0.44392409920692444,
      "feature_99_102_abs_mean": 0.5114648938179016
    },
    {
      "name": "CMU/63/63_20_poses::offset_aug_overlay",
      "feature_84_99_abs_mean": 0.4371567964553833,
      "feature_99_102_abs_mean": 0.5194182991981506
    },
    {
      "name": "CMU/63/63_21_poses::original",
      "feature_84_99_abs_mean": 0.6634633541107178,
      "feature_99_102_abs_mean": 0.504610538482666
    },
    {
      "name": "CMU/63/63_21_poses::offset_aug_overlay",
      "feature_84_99_abs_mean": 0.6344248652458191,
      "feature_99_102_abs_mean": 0.4611190855503082
    },
    {
      "name": "CMU/63/63_22_poses::original",
      "feature_84_99_abs_mean": 0.7107438445091248,
      "feature_99_102_abs_mean": 0.5644935965538025
    },
    {
      "name": "CMU/63/63_22_poses::offset_aug_overlay",
      "feature_84_99_abs_mean": 0.6659129858016968,
      "feature_99_102_abs_mean": 0.49262094497680664
    },
    {
      "name": "CMU/63/63_23_poses::original",
      "feature_84_99_abs_mean": 0.5767504572868347,
      "feature_99_102_abs_mean": 0.5567747354507446
    },
    {
      "name": "CMU/63/63_23_poses::offset_aug_overlay",
      "feature_84_99_abs_mean": 0.5903251767158508,
      "feature_99_102_abs_mean": 0.5475160479545593
    },
    {
      "name": "CMU/63/63_24_poses::original",
      "feature_84_99_abs_mean": 0.5426639318466187,
      "feature_99_102_abs_mean": 0.4779954254627228
    },
    {
      "name": "CMU/63/63_24_poses::offset_aug_overlay",
      "feature_84_99_abs_mean": 0.5151275396347046,
      "feature_99_102_abs_mean": 0.4390561580657959
    },
    {
      "name": "CMU/63/63_25_poses::original",
      "feature_84_99_abs_mean": 0.501192033290863,
      "feature_99_102_abs_mean": 0.5140113830566406
    },
    {
      "name": "CMU/63/63_25_poses::offset_aug_overlay",
      "feature_84_99_abs_mean": 0.4876382350921631,
      "feature_99_102_abs_mean": 0.46605202555656433
    },
    {
      "name": "CMU/63/63_26_poses::original",
      "feature_84_99_abs_mean": 0.6053147315979004,
      "feature_99_102_abs_mean": 0.5318920016288757
    },
    {
      "name": "CMU/63/63_26_poses::offset_aug_overlay",
      "feature_84_99_abs_mean": 0.5964090824127197,
      "feature_99_102_abs_mean": 0.4385894238948822
    },
    {
      "name": "CMU/63/63_27_poses::original",
      "feature_84_99_abs_mean": 0.5640074610710144,
      "feature_99_102_abs_mean": 0.48245102167129517
    },
    {
      "name": "CMU/63/63_27_poses::offset_aug_overlay",
      "feature_84_99_abs_mean": 0.5294034481048584,
      "feature_99_102_abs_mean": 0.4457596242427826
    },
    {
      "name": "CMU/63/63_28_poses::original",
      "feature_84_99_abs_mean": 0.6125978827476501,
      "feature_99_102_abs_mean": 0.45936229825019836
    },
    {
      "name": "CMU/63/63_28_poses::offset_aug_overlay",
      "feature_84_99_abs_mean": 0.5752634406089783,
      "feature_99_102_abs_mean": 0.4178491532802582
    },
    {
      "name": "CMU/63/63_29_poses::original",
      "feature_84_99_abs_mean": 0.5931033492088318,
      "feature_99_102_abs_mean": 0.45838290452957153
    },
    {
      "name": "CMU/63/63_29_poses::offset_aug_overlay",
      "feature_84_99_abs_mean": 0.5866785049438477,
      "feature_99_102_abs_mean": 0.42598477005958557
    },
    {
      "name": "CMU/63/63_30_poses::original",
      "feature_84_99_abs_mean": 0.537428617477417,
      "feature_99_102_abs_mean": 0.49724429845809937
    },
    {
      "name": "CMU/63/63_30_poses::offset_aug_overlay",
      "feature_84_99_abs_mean": 0.5070453882217407,
      "feature_99_102_abs_mean": 0.4513527750968933
    },
    {
      "name": "CMU/64/64_01_poses::original",
      "feature_84_99_abs_mean": 1.0789692401885986,
      "feature_99_102_abs_mean": 0.42128416895866394
    },
    {
      "name": "CMU/64/64_01_poses::offset_aug_overlay",
      "feature_84_99_abs_mean": 1.0332660675048828,
      "feature_99_102_abs_mean": 0.4049225449562073
    },
    {
      "name": "CMU/64/64_02_poses::original",
      "feature_84_99_abs_mean": 1.0349652767181396,
      "feature_99_102_abs_mean": 0.4542495310306549
    },
    {
      "name": "CMU/64/64_02_poses::offset_aug_overlay",
      "feature_84_99_abs_mean": 1.0346182584762573,
      "feature_99_102_abs_mean": 0.4199720323085785
    },
    {
      "name": "CMU/64/64_03_poses::original",
      "feature_84_99_abs_mean": 1.1687800884246826,
      "feature_99_102_abs_mean": 0.4976295232772827
    },
    {
      "name": "CMU/64/64_03_poses::offset_aug_overlay",
      "feature_84_99_abs_mean": 1.1829383373260498,
      "feature_99_102_abs_mean": 0.3642193675041199
    },
    {
      "name": "CMU/64/64_04_poses::original",
      "feature_84_99_abs_mean": 1.174017310142517,
      "feature_99_102_abs_mean": 0.450147420167923
    },
    {
      "name": "CMU/64/64_04_poses::offset_aug_overlay",
      "feature_84_99_abs_mean": 1.2023817300796509,
      "feature_99_102_abs_mean": 0.4140106737613678
    },
    {
      "name": "CMU/64/64_05_poses::original",
      "feature_84_99_abs_mean": 1.2646431922912598,
      "feature_99_102_abs_mean": 0.5389417409896851
    },
    {
      "name": "CMU/64/64_05_poses::offset_aug_overlay",
      "feature_84_99_abs_mean": 1.2228195667266846,
      "feature_99_102_abs_mean": 0.5725274682044983
    },
    {
      "name": "CMU/64/64_06_poses::original",
      "feature_84_99_abs_mean": 1.0999221801757812,
      "feature_99_102_abs_mean": 0.40250471234321594
    },
    {
      "name": "CMU/64/64_06_poses::offset_aug_overlay",
      "feature_84_99_abs_mean": 1.0428847074508667,
      "feature_99_102_abs_mean": 0.37065744400024414
    },
    {
      "name": "CMU/64/64_07_poses::original",
      "feature_84_99_abs_mean": 1.4491137266159058,
      "feature_99_102_abs_mean": 0.6422916054725647
    },
    {
      "name": "CMU/64/64_07_poses::offset_aug_overlay",
      "feature_84_99_abs_mean": 1.3293306827545166,
      "feature_99_102_abs_mean": 0.48086926341056824
    },
    {
      "name": "CMU/64/64_08_poses::original",
      "feature_84_99_abs_mean": 1.4498291015625,
      "feature_99_102_abs_mean": 0.6320087909698486
    },
    {
      "name": "CMU/64/64_08_poses::offset_aug_overlay",
      "feature_84_99_abs_mean": 1.3957754373550415,
      "feature_99_102_abs_mean": 0.5415161848068237
    },
    {
      "name": "CMU/64/64_09_poses::original",
      "feature_84_99_abs_mean": 1.2502474784851074,
      "feature_99_102_abs_mean": 0.5907685160636902
    },
    {
      "name": "CMU/64/64_09_poses::offset_aug_overlay",
      "feature_84_99_abs_mean": 1.283929467201233,
      "feature_99_102_abs_mean": 0.5546343922615051
    },
    {
      "name": "CMU/64/64_10_poses::original",
      "feature_84_99_abs_mean": 1.0576374530792236,
      "feature_99_102_abs_mean": 0.47043904662132263
    },
    {
      "name": "CMU/64/64_10_poses::offset_aug_overlay",
      "feature_84_99_abs_mean": 1.0562821626663208,
      "feature_99_102_abs_mean": 0.4066736400127411
    },
    {
      "name": "CMU/64/64_11_poses::original",
      "feature_84_99_abs_mean": 0.13696925342082977,
      "feature_99_102_abs_mean": 0.16447240114212036
    },
    {
      "name": "CMU/64/64_11_poses::offset_aug_overlay",
      "feature_84_99_abs_mean": 0.09245167672634125,
      "feature_99_102_abs_mean": 0.0877411738038063
    },
    {
      "name": "CMU/64/64_12_poses::original",
      "feature_84_99_abs_mean": 0.13683615624904633,
      "feature_99_102_abs_mean": 0.15037472546100616
    },
    {
      "name": "CMU/64/64_12_poses::offset_aug_overlay",
      "feature_84_99_abs_mean": 0.09002575278282166,
      "feature_99_102_abs_mean": 0.0662321075797081
    },
    {
      "name": "CMU/64/64_13_poses::original",
      "feature_84_99_abs_mean": 0.14187902212142944,
      "feature_99_102_abs_mean": 0.15498250722885132
    },
    {
      "name": "CMU/64/64_13_poses::offset_aug_overlay",
      "feature_84_99_abs_mean": 0.10011809319257736,
      "feature_99_102_abs_mean": 0.06914634257555008
    },
    {
      "name": "CMU/64/64_14_poses::original",
      "feature_84_99_abs_mean": 0.15670110285282135,
      "feature_99_102_abs_mean": 0.18366454541683197
    },
    {
      "name": "CMU/64/64_14_poses::offset_aug_overlay",
      "feature_84_99_abs_mean": 0.11437443643808365,
      "feature_99_102_abs_mean": 0.10695808380842209
    },
    {
      "name": "KIT/1229/hand_through_hair_left_arm_03_poses::original",
      "feature_84_99_abs_mean": 0.251926064491272,
      "feature_99_102_abs_mean": 0.16913993656635284
    },
    {
      "name": "KIT/1229/hand_through_hair_left_arm_03_poses::offset_aug_overlay",
      "feature_84_99_abs_mean": 0.20244717597961426,
      "feature_99_102_abs_mean": 0.06677023321390152
    },
    {
      "name": "KIT/1229/hand_through_hair_left_arm_04_poses::original",
      "feature_84_99_abs_mean": 0.2442823052406311,
      "feature_99_102_abs_mean": 0.14846253395080566
    },
    {
      "name": "KIT/1229/hand_through_hair_left_arm_04_poses::offset_aug_overlay",
      "feature_84_99_abs_mean": 0.2086118459701538,
      "feature_99_102_abs_mean": 0.05561975762248039
    },
    {
      "name": "KIT/1229/hand_through_hair_left_arm_05_poses::original",
      "feature_84_99_abs_mean": 0.2602701485157013,
      "feature_99_102_abs_mean": 0.1475914716720581
    },
    {
      "name": "KIT/1229/hand_through_hair_left_arm_05_poses::offset_aug_overlay",
      "feature_84_99_abs_mean": 0.2203868180513382,
      "feature_99_102_abs_mean": 0.053480248898267746
    },
    {
      "name": "KIT/1229/hand_through_hair_right_arm_01_poses::original",
      "feature_84_99_abs_mean": 0.23956379294395447,
      "feature_99_102_abs_mean": 0.16251102089881897
    },
    {
      "name": "KIT/1229/hand_through_hair_right_arm_01_poses::offset_aug_overlay",
      "feature_84_99_abs_mean": 0.19484306871891022,
      "feature_99_102_abs_mean": 0.05065872520208359
    },
    {
      "name": "KIT/1229/hand_through_hair_right_arm_02_poses::original",
      "feature_84_99_abs_mean": 0.24124932289123535,
      "feature_99_102_abs_mean": 0.15863442420959473
    },
    {
      "name": "KIT/1229/hand_through_hair_right_arm_02_poses::offset_aug_overlay",
      "feature_84_99_abs_mean": 0.19831012189388275,
      "feature_99_102_abs_mean": 0.04164699837565422
    },
    {
      "name": "KIT/1229/hand_through_hair_right_arm_03_poses::original",
      "feature_84_99_abs_mean": 0.24815307557582855,
      "feature_99_102_abs_mean": 0.13819439709186554
    },
    {
      "name": "KIT/1229/hand_through_hair_right_arm_03_poses::offset_aug_overlay",
      "feature_84_99_abs_mean": 0.217121884226799,
      "feature_99_102_abs_mean": 0.0502626970410347
    },
    {
      "name": "KIT/1229/hand_through_hair_right_arm_04_poses::original",
      "feature_84_99_abs_mean": 0.21567818522453308,
      "feature_99_102_abs_mean": 0.13658100366592407
    },
    {
      "name": "KIT/1229/hand_through_hair_right_arm_04_poses::offset_aug_overlay",
      "feature_84_99_abs_mean": 0.18086907267570496,
      "feature_99_102_abs_mean": 0.049910303205251694
    },
    {
      "name": "KIT/1229/hand_through_hair_right_arm_05_poses::original",
      "feature_84_99_abs_mean": 0.2545800507068634,
      "feature_99_102_abs_mean": 0.15144400298595428
    },
    {
      "name": "KIT/1229/hand_through_hair_right_arm_05_poses::offset_aug_overlay",
      "feature_84_99_abs_mean": 0.2043040245771408,
      "feature_99_102_abs_mean": 0.06169769540429115
    },
    {
      "name": "KIT/1229/hand_through_hair_with_help_01_poses::original",
      "feature_84_99_abs_mean": 0.14790882170200348,
      "feature_99_102_abs_mean": 0.14349934458732605
    },
    {
      "name": "KIT/1229/hand_through_hair_with_help_01_poses::offset_aug_overlay",
      "feature_84_99_abs_mean": 0.09633044898509979,
      "feature_99_102_abs_mean": 0.03171386569738388
    },
    {
      "name": "KIT/1229/hand_through_hair_with_help_02_poses::original",
      "feature_84_99_abs_mean": 0.14533478021621704,
      "feature_99_102_abs_mean": 0.1426592618227005
    },
    {
      "name": "KIT/1229/hand_through_hair_with_help_02_poses::offset_aug_overlay",
      "feature_84_99_abs_mean": 0.09369446337223053,
      "feature_99_102_abs_mean": 0.03861808404326439
    },
    {
      "name": "KIT/1229/hand_through_hair_with_help_03_poses::original",
      "feature_84_99_abs_mean": 0.13334037363529205,
      "feature_99_102_abs_mean": 0.13783568143844604
    },
    {
      "name": "KIT/1229/hand_through_hair_with_help_03_poses::offset_aug_overlay",
      "feature_84_99_abs_mean": 0.08453232795000076,
      "feature_99_102_abs_mean": 0.03383399546146393
    },
    {
      "name": "KIT/1229/hand_through_hair_with_help_04_poses::original",
      "feature_84_99_abs_mean": 0.15261155366897583,
      "feature_99_102_abs_mean": 0.1545933037996292
    },
    {
      "name": "KIT/1229/hand_through_hair_with_help_04_poses::offset_aug_overlay",
      "feature_84_99_abs_mean": 0.10515671223402023,
      "feature_99_102_abs_mean": 0.035933639854192734
    },
    {
      "name": "KIT/1229/hand_through_hair_with_help_05_poses::original",
      "feature_84_99_abs_mean": 0.15923209488391876,
      "feature_99_102_abs_mean": 0.145699605345726
    },
    {
      "name": "KIT/1229/hand_through_hair_with_help_05_poses::offset_aug_overlay",
      "feature_84_99_abs_mean": 0.10439907014369965,
      "feature_99_102_abs_mean": 0.04391685500741005
    },
    {
      "name": "KIT/1229/hand_to_mouth_left_arm_01_poses::original",
      "feature_84_99_abs_mean": 0.25130876898765564,
      "feature_99_102_abs_mean": 0.14558382332324982
    },
    {
      "name": "KIT/1229/hand_to_mouth_left_arm_01_poses::offset_aug_overlay",
      "feature_84_99_abs_mean": 0.21028479933738708,
      "feature_99_102_abs_mean": 0.05709568038582802
    },
    {
      "name": "KIT/1229/hand_to_mouth_left_arm_02_poses::original",
      "feature_84_99_abs_mean": 0.27152934670448303,
      "feature_99_102_abs_mean": 0.1581675410270691
    },
    {
      "name": "KIT/1229/hand_to_mouth_left_arm_02_poses::offset_aug_overlay",
      "feature_84_99_abs_mean": 0.2223139852285385,
      "feature_99_102_abs_mean": 0.05710229650139809
    },
    {
      "name": "KIT/1229/hand_to_mouth_left_arm_03_poses::original",
      "feature_84_99_abs_mean": 0.2533797323703766,
      "feature_99_102_abs_mean": 0.15320786833763123
    },
    {
      "name": "KIT/1229/hand_to_mouth_left_arm_03_poses::offset_aug_overlay",
      "feature_84_99_abs_mean": 0.22121985256671906,
      "feature_99_102_abs_mean": 0.04922788590192795
    },
    {
      "name": "KIT/1229/hand_to_mouth_left_arm_04_poses::original",
      "feature_84_99_abs_mean": 0.2973214387893677,
      "feature_99_102_abs_mean": 0.1552838534116745
    },
    {
      "name": "KIT/1229/hand_to_mouth_left_arm_04_poses::offset_aug_overlay",
      "feature_84_99_abs_mean": 0.2391112893819809,
      "feature_99_102_abs_mean": 0.050811756402254105
    },
    {
      "name": "KIT/1229/hand_to_mouth_left_arm_05_poses::original",
      "feature_84_99_abs_mean": 0.2735762596130371,
      "feature_99_102_abs_mean": 0.15175579488277435
    },
    {
      "name": "KIT/1229/hand_to_mouth_left_arm_05_poses::offset_aug_overlay",
      "feature_84_99_abs_mean": 0.22054973244667053,
      "feature_99_102_abs_mean": 0.04269176721572876
    },
    {
      "name": "KIT/1229/hand_to_mouth_right_arm_01_poses::original",
      "feature_84_99_abs_mean": 0.1955498456954956,
      "feature_99_102_abs_mean": 0.15115520358085632
    },
    {
      "name": "KIT/1229/hand_to_mouth_right_arm_01_poses::offset_aug_overlay",
      "feature_84_99_abs_mean": 0.15384607017040253,
      "feature_99_102_abs_mean": 0.0373179130256176
    },
    {
      "name": "KIT/1229/hand_to_mouth_right_arm_02_poses::original",
      "feature_84_99_abs_mean": 0.19289259612560272,
      "feature_99_102_abs_mean": 0.1317642778158188
    },
    {
      "name": "KIT/1229/hand_to_mouth_right_arm_02_poses::offset_aug_overlay",
      "feature_84_99_abs_mean": 0.1392364650964737,
      "feature_99_102_abs_mean": 0.04371359944343567
    },
    {
      "name": "KIT/1229/hand_to_mouth_right_arm_03_poses::original",
      "feature_84_99_abs_mean": 0.1949588507413864,
      "feature_99_102_abs_mean": 0.1412329524755478
    },
    {
      "name": "KIT/1229/hand_to_mouth_right_arm_03_poses::offset_aug_overlay",
      "feature_84_99_abs_mean": 0.14619289338588715,
      "feature_99_102_abs_mean": 0.04228745400905609
    },
    {
      "name": "KIT/1229/hand_to_mouth_right_arm_04_poses::original",
      "feature_84_99_abs_mean": 0.1730908751487732,
      "feature_99_102_abs_mean": 0.13862858712673187
    },
    {
      "name": "KIT/1229/hand_to_mouth_right_arm_04_poses::offset_aug_overlay",
      "feature_84_99_abs_mean": 0.13037259876728058,
      "feature_99_102_abs_mean": 0.04324181750416756
    },
    {
      "name": "KIT/1229/hand_to_mouth_right_arm_05_poses::original",
      "feature_84_99_abs_mean": 0.19683411717414856,
      "feature_99_102_abs_mean": 0.1341797262430191
    },
    {
      "name": "KIT/1229/hand_to_mouth_right_arm_05_poses::offset_aug_overlay",
      "feature_84_99_abs_mean": 0.15962204337120056,
      "feature_99_102_abs_mean": 0.047175101935863495
    },
    {
      "name": "KIT/1229/hand_to_mouth_with_help_01_poses::original",
      "feature_84_99_abs_mean": 0.1137862280011177,
      "feature_99_102_abs_mean": 0.13053204119205475
    },
    {
      "name": "KIT/1229/hand_to_mouth_with_help_01_poses::offset_aug_overlay",
      "feature_84_99_abs_mean": 0.06469526886940002,
      "feature_99_102_abs_mean": 0.027502842247486115
    },
    {
      "name": "KIT/1229/hand_to_mouth_with_help_02_poses::original",
      "feature_84_99_abs_mean": 0.12933380901813507,
      "feature_99_102_abs_mean": 0.14524255692958832
    },
    {
      "name": "KIT/1229/hand_to_mouth_with_help_02_poses::offset_aug_overlay",
      "feature_84_99_abs_mean": 0.06903821229934692,
      "feature_99_102_abs_mean": 0.027459269389510155
    },
    {
      "name": "KIT/1229/hand_to_mouth_with_help_03_poses::original",
      "feature_84_99_abs_mean": 0.12293051183223724,
      "feature_99_102_abs_mean": 0.13295534253120422
    },
    {
      "name": "KIT/1229/hand_to_mouth_with_help_03_poses::offset_aug_overlay",
      "feature_84_99_abs_mean": 0.07300296425819397,
      "feature_99_102_abs_mean": 0.02689506858587265
    },
    {
      "name": "KIT/1229/hand_to_mouth_with_help_04_poses::original",
      "feature_84_99_abs_mean": 0.1325438767671585,
      "feature_99_102_abs_mean": 0.13811352849006653
    },
    {
      "name": "KIT/1229/hand_to_mouth_with_help_04_poses::offset_aug_overlay",
      "feature_84_99_abs_mean": 0.07285037636756897,
      "feature_99_102_abs_mean": 0.02366933599114418
    },
    {
      "name": "KIT/1229/hand_to_mouth_with_help_05_poses::original",
      "feature_84_99_abs_mean": 0.13316227495670319,
      "feature_99_102_abs_mean": 0.1541953831911087
    },
    {
      "name": "KIT/1229/hand_to_mouth_with_help_05_poses::offset_aug_overlay",
      "feature_84_99_abs_mean": 0.07537641376256943,
      "feature_99_102_abs_mean": 0.030591219663619995
    },
    {
      "name": "KIT/1229/in_out_rotation_with_help_01_poses::original",
      "feature_84_99_abs_mean": 0.12828801572322845,
      "feature_99_102_abs_mean": 0.13841035962104797
    },
    {
      "name": "KIT/1229/in_out_rotation_with_help_01_poses::offset_aug_overlay",
      "feature_84_99_abs_mean": 0.07260385900735855,
      "feature_99_102_abs_mean": 0.0343480110168457
    },
    {
      "name": "KIT/1229/in_out_rotation_with_help_02_poses::original",
      "feature_84_99_abs_mean": 0.13597960770130157,
      "feature_99_102_abs_mean": 0.14023861289024353
    },
    {
      "name": "KIT/1229/in_out_rotation_with_help_02_poses::offset_aug_overlay",
      "feature_84_99_abs_mean": 0.0866699367761612,
      "feature_99_102_abs_mean": 0.04385849088430405
    },
    {
      "name": "KIT/1229/in_out_rotation_with_help_03_poses::original",
      "feature_84_99_abs_mean": 0.12735232710838318,
      "feature_99_102_abs_mean": 0.13666531443595886
    },
    {
      "name": "KIT/1229/in_out_rotation_with_help_03_poses::offset_aug_overlay",
      "feature_84_99_abs_mean": 0.08431500941514969,
      "feature_99_102_abs_mean": 0.04065161943435669
    },
    {
      "name": "KIT/1229/in_out_rotation_with_help_04_poses::original",
      "feature_84_99_abs_mean": 0.13608524203300476,
      "feature_99_102_abs_mean": 0.14937123656272888
    },
    {
      "name": "KIT/1229/in_out_rotation_with_help_04_poses::offset_aug_overlay",
      "feature_84_99_abs_mean": 0.09076621383428574,
      "feature_99_102_abs_mean": 0.04203950613737106
    },
    {
      "name": "KIT/1229/in_out_rotation_with_help_05_poses::original",
      "feature_84_99_abs_mean": 0.12817949056625366,
      "feature_99_102_abs_mean": 0.1313372552394867
    },
    {
      "name": "KIT/1229/in_out_rotation_with_help_05_poses::offset_aug_overlay",
      "feature_84_99_abs_mean": 0.08274225890636444,
      "feature_99_102_abs_mean": 0.036684662103652954
    },
    {
      "name": "KIT/1229/open_pants_left_arm_01_poses::original",
      "feature_84_99_abs_mean": 0.22320356965065002,
      "feature_99_102_abs_mean": 0.1468989998102188
    },
    {
      "name": "KIT/1229/open_pants_left_arm_01_poses::offset_aug_overlay",
      "feature_84_99_abs_mean": 0.17506586015224457,
      "feature_99_102_abs_mean": 0.037575818598270416
    },
    {
      "name": "KIT/1229/open_pants_left_arm_02_poses::original",
      "feature_84_99_abs_mean": 0.13753743469715118,
      "feature_99_102_abs_mean": 0.13571013510227203
    },
    {
      "name": "KIT/1229/open_pants_left_arm_02_poses::offset_aug_overlay",
      "feature_84_99_abs_mean": 0.08610114455223083,
      "feature_99_102_abs_mean": 0.032465506345033646
    },
    {
      "name": "KIT/1229/open_pants_left_arm_03_poses::original",
      "feature_84_99_abs_mean": 0.15799608826637268,
      "feature_99_102_abs_mean": 0.14000366628170013
    },
    {
      "name": "KIT/1229/open_pants_left_arm_03_poses::offset_aug_overlay",
      "feature_84_99_abs_mean": 0.10519056767225266,
      "feature_99_102_abs_mean": 0.041660018265247345
    },
    {
      "name": "KIT/1229/open_pants_left_arm_04_poses::original",
      "feature_84_99_abs_mean": 0.18618987500667572,
      "feature_99_102_abs_mean": 0.15520328283309937
    },
    {
      "name": "KIT/1229/open_pants_left_arm_04_poses::offset_aug_overlay",
      "feature_84_99_abs_mean": 0.11671794205904007,
      "feature_99_102_abs_mean": 0.044655926525592804
    },
    {
      "name": "KIT/1229/open_pants_left_arm_05_poses::original",
      "feature_84_99_abs_mean": 0.1929500252008438,
      "feature_99_102_abs_mean": 0.16267900168895721
    },
    {
      "name": "KIT/1229/open_pants_left_arm_05_poses::offset_aug_overlay",
      "feature_84_99_abs_mean": 0.1297413557767868,
      "feature_99_102_abs_mean": 0.047635093331336975
    },
    {
      "name": "KIT/1229/open_pants_right_arm_01_poses::original",
      "feature_84_99_abs_mean": 0.19995993375778198,
      "feature_99_102_abs_mean": 0.167710080742836
    },
    {
      "name": "KIT/1229/open_pants_right_arm_01_poses::offset_aug_overlay",
      "feature_84_99_abs_mean": 0.140574648976326,
      "feature_99_102_abs_mean": 0.04621392488479614
    },
    {
      "name": "KIT/1229/open_pants_right_arm_02_poses::original",
      "feature_84_99_abs_mean": 0.15723957121372223,
      "feature_99_102_abs_mean": 0.15030671656131744
    },
    {
      "name": "KIT/1229/open_pants_right_arm_02_poses::offset_aug_overlay",
      "feature_84_99_abs_mean": 0.10294968634843826,
      "feature_99_102_abs_mean": 0.03634246811270714
    },
    {
      "name": "KIT/1229/open_pants_right_arm_03_poses::original",
      "feature_84_99_abs_mean": 0.16861550509929657,
      "feature_99_102_abs_mean": 0.14195476472377777
    },
    {
      "name": "KIT/1229/open_pants_right_arm_03_poses::offset_aug_overlay",
      "feature_84_99_abs_mean": 0.10364886373281479,
      "feature_99_102_abs_mean": 0.03454572334885597
    },
    {
      "name": "KIT/1229/open_pants_right_arm_04_poses::original",
      "feature_84_99_abs_mean": 0.15981897711753845,
      "feature_99_102_abs_mean": 0.15083426237106323
    },
    {
      "name": "KIT/1229/open_pants_right_arm_04_poses::offset_aug_overlay",
      "feature_84_99_abs_mean": 0.11403078585863113,
      "feature_99_102_abs_mean": 0.0435912124812603
    },
    {
      "name": "KIT/1229/open_pants_right_arm_05_poses::original",
      "feature_84_99_abs_mean": 0.18347984552383423,
      "feature_99_102_abs_mean": 0.15825514495372772
    },
    {
      "name": "KIT/1229/open_pants_right_arm_05_poses::offset_aug_overlay",
      "feature_84_99_abs_mean": 0.1461547613143921,
      "feature_99_102_abs_mean": 0.05556251481175423
    },
    {
      "name": "KIT/1229/open_pants_right_arm_06_poses::original",
      "feature_84_99_abs_mean": 0.16503845155239105,
      "feature_99_102_abs_mean": 0.1577933132648468
    },
    {
      "name": "KIT/1229/open_pants_right_arm_06_poses::offset_aug_overlay",
      "feature_84_99_abs_mean": 0.1100696548819542,
      "feature_99_102_abs_mean": 0.03943489119410515
    },
    {
      "name": "KIT/1229/supination_with_help_01_poses::original",
      "feature_84_99_abs_mean": 0.13543036580085754,
      "feature_99_102_abs_mean": 0.14741402864456177
    },
    {
      "name": "KIT/1229/supination_with_help_01_poses::offset_aug_overlay",
      "feature_84_99_abs_mean": 0.08131519705057144,
      "feature_99_102_abs_mean": 0.026566090062260628
    },
    {
      "name": "KIT/1229/supination_with_help_02_poses::original",
      "feature_84_99_abs_mean": 0.11624038964509964,
      "feature_99_102_abs_mean": 0.14121092855930328
    },
    {
      "name": "KIT/1229/supination_with_help_02_poses::offset_aug_overlay",
      "feature_84_99_abs_mean": 0.06272239238023758,
      "feature_99_102_abs_mean": 0.02796013467013836
    },
    {
      "name": "KIT/1229/supination_with_help_03_poses::original",
      "feature_84_99_abs_mean": 0.1165303960442543,
      "feature_99_102_abs_mean": 0.13630178570747375
    },
    {
      "name": "KIT/1229/supination_with_help_03_poses::offset_aug_overlay",
      "feature_84_99_abs_mean": 0.07150983810424805,
      "feature_99_102_abs_mean": 0.024336405098438263
    },
    {
      "name": "KIT/1229/supination_with_help_04_poses::original",
      "feature_84_99_abs_mean": 0.12599217891693115,
      "feature_99_102_abs_mean": 0.1468907743692398
    },
    {
      "name": "KIT/1229/supination_with_help_04_poses::offset_aug_overlay",
      "feature_84_99_abs_mean": 0.07756046950817108,
      "feature_99_102_abs_mean": 0.0276953037828207
    },
    {
      "name": "KIT/1229/supination_with_help_05_poses::original",
      "feature_84_99_abs_mean": 0.13485772907733917,
      "feature_99_102_abs_mean": 0.1308511346578598
    },
    {
      "name": "KIT/1229/supination_with_help_05_poses::offset_aug_overlay",
      "feature_84_99_abs_mean": 0.08726181834936142,
      "feature_99_102_abs_mean": 0.029953818768262863
    },
    {
      "name": "KIT/1229/take_book_from_shelf_left_arm_01_poses::original",
      "feature_84_99_abs_mean": 0.2524731159210205,
      "feature_99_102_abs_mean": 0.15083368122577667
    },
    {
      "name": "KIT/1229/take_book_from_shelf_left_arm_01_poses::offset_aug_overlay",
      "feature_84_99_abs_mean": 0.2166765034198761,
      "feature_99_102_abs_mean": 0.07202789187431335
    },
    {
      "name": "KIT/1229/take_book_from_shelf_left_arm_02_poses::original",
      "feature_84_99_abs_mean": 0.23404240608215332,
      "feature_99_102_abs_mean": 0.16069841384887695
    },
    {
      "name": "KIT/1229/take_book_from_shelf_left_arm_02_poses::offset_aug_overlay",
      "feature_84_99_abs_mean": 0.19218170642852783,
      "feature_99_102_abs_mean": 0.0533309169113636
    },
    {
      "name": "KIT/1229/take_book_from_shelf_left_arm_03_poses::original",
      "feature_84_99_abs_mean": 0.21776241064071655,
      "feature_99_102_abs_mean": 0.15666022896766663
    },
    {
      "name": "KIT/1229/take_book_from_shelf_left_arm_03_poses::offset_aug_overlay",
      "feature_84_99_abs_mean": 0.16640549898147583,
      "feature_99_102_abs_mean": 0.05306639149785042
    },
    {
      "name": "KIT/1229/take_book_from_shelf_left_arm_04_poses::original",
      "feature_84_99_abs_mean": 0.21940362453460693,
      "feature_99_102_abs_mean": 0.14603018760681152
    },
    {
      "name": "KIT/1229/take_book_from_shelf_left_arm_04_poses::offset_aug_overlay",
      "feature_84_99_abs_mean": 0.16553673148155212,
      "feature_99_102_abs_mean": 0.03983424976468086
    },
    {
      "name": "KIT/1229/take_book_from_shelf_left_arm_05_poses::original",
      "feature_84_99_abs_mean": 0.2354131042957306,
      "feature_99_102_abs_mean": 0.16081775724887848
    },
    {
      "name": "KIT/1229/take_book_from_shelf_left_arm_05_poses::offset_aug_overlay",
      "feature_84_99_abs_mean": 0.1807267665863037,
      "feature_99_102_abs_mean": 0.04795126989483833
    },
    {
      "name": "KIT/1229/take_book_from_shelf_right_arm_01_poses::original",
      "feature_84_99_abs_mean": 0.20040644705295563,
      "feature_99_102_abs_mean": 0.1475471705198288
    },
    {
      "name": "KIT/1229/take_book_from_shelf_right_arm_01_poses::offset_aug_overlay",
      "feature_84_99_abs_mean": 0.14595456421375275,
      "feature_99_102_abs_mean": 0.049195777624845505
    },
    {
      "name": "KIT/1229/take_book_from_shelf_right_arm_02_poses::original",
      "feature_84_99_abs_mean": 0.26096025109291077,
      "feature_99_102_abs_mean": 0.16425539553165436
    },
    {
      "name": "KIT/1229/take_book_from_shelf_right_arm_02_poses::offset_aug_overlay",
      "feature_84_99_abs_mean": 0.2149181365966797,
      "feature_99_102_abs_mean": 0.055398568511009216
    },
    {
      "name": "KIT/1229/take_book_from_shelf_right_arm_03_poses::original",
      "feature_84_99_abs_mean": 0.24136900901794434,
      "feature_99_102_abs_mean": 0.14829029142856598
    },
    {
      "name": "KIT/1229/take_book_from_shelf_right_arm_03_poses::offset_aug_overlay",
      "feature_84_99_abs_mean": 0.1987544298171997,
      "feature_99_102_abs_mean": 0.04716111719608307
    },
    {
      "name": "KIT/1229/take_book_from_shelf_right_arm_04_poses::original",
      "feature_84_99_abs_mean": 0.1938949078321457,
      "feature_99_102_abs_mean": 0.14343005418777466
    },
    {
      "name": "KIT/1229/take_book_from_shelf_right_arm_04_poses::offset_aug_overlay",
      "feature_84_99_abs_mean": 0.1595822274684906,
      "feature_99_102_abs_mean": 0.051271338015794754
    },
    {
      "name": "KIT/1229/take_book_from_shelf_right_arm_05_poses::original",
      "feature_84_99_abs_mean": 0.23459449410438538,
      "feature_99_102_abs_mean": 0.1425749659538269
    },
    {
      "name": "KIT/1229/take_book_from_shelf_right_arm_05_poses::offset_aug_overlay",
      "feature_84_99_abs_mean": 0.18305188417434692,
      "feature_99_102_abs_mean": 0.058241646736860275
    },
    {
      "name": "KIT/1229/take_book_from_shelf_right_arm_06_poses::original",
      "feature_84_99_abs_mean": 0.18840768933296204,
      "feature_99_102_abs_mean": 0.16381266713142395
    },
    {
      "name": "KIT/1229/take_book_from_shelf_right_arm_06_poses::offset_aug_overlay",
      "feature_84_99_abs_mean": 0.13169348239898682,
      "feature_99_102_abs_mean": 0.04614805802702904
    },
    {
      "name": "KIT/1229/take_book_from_shelf_with_help_01_poses::original",
      "feature_84_99_abs_mean": 0.1263936460018158,
      "feature_99_102_abs_mean": 0.13568058609962463
    },
    {
      "name": "KIT/1229/take_book_from_shelf_with_help_01_poses::offset_aug_overlay",
      "feature_84_99_abs_mean": 0.06882838904857635,
      "feature_99_102_abs_mean": 0.031220750883221626
    },
    {
      "name": "KIT/1229/take_book_from_shelf_with_help_02_poses::original",
      "feature_84_99_abs_mean": 0.13227517902851105,
      "feature_99_102_abs_mean": 0.16491204500198364
    },
    {
      "name": "KIT/1229/take_book_from_shelf_with_help_02_poses::offset_aug_overlay",
      "feature_84_99_abs_mean": 0.07224417477846146,
      "feature_99_102_abs_mean": 0.03369784355163574
    },
    {
      "name": "KIT/1229/take_book_from_shelf_with_help_03_poses::original",
      "feature_84_99_abs_mean": 0.13874755799770355,
      "feature_99_102_abs_mean": 0.14079226553440094
    },
    {
      "name": "KIT/1229/take_book_from_shelf_with_help_03_poses::offset_aug_overlay",
      "feature_84_99_abs_mean": 0.0872608944773674,
      "feature_99_102_abs_mean": 0.049175359308719635
    },
    {
      "name": "KIT/1229/take_book_from_shelf_with_help_04_poses::original",
      "feature_84_99_abs_mean": 0.133526012301445,
      "feature_99_102_abs_mean": 0.13788855075836182
    },
    {
      "name": "KIT/1229/take_book_from_shelf_with_help_04_poses::offset_aug_overlay",
      "feature_84_99_abs_mean": 0.07896341383457184,
      "feature_99_102_abs_mean": 0.04117944836616516
    },
    {
      "name": "KIT/1229/take_book_from_shelf_with_help_05_poses::original",
      "feature_84_99_abs_mean": 0.1289231777191162,
      "feature_99_102_abs_mean": 0.13738885521888733
    },
    {
      "name": "KIT/1229/take_book_from_shelf_with_help_05_poses::offset_aug_overlay",
      "feature_84_99_abs_mean": 0.07911179214715958,
      "feature_99_102_abs_mean": 0.037587687373161316
    },
    {
      "name": "KIT/1229/take_of_t-shirt_left_arm_01_poses::original",
      "feature_84_99_abs_mean": 0.3590106964111328,
      "feature_99_102_abs_mean": 0.1618468463420868
    },
    {
      "name": "KIT/1229/take_of_t-shirt_left_arm_01_poses::offset_aug_overlay",
      "feature_84_99_abs_mean": 0.31757718324661255,
      "feature_99_102_abs_mean": 0.07123033702373505
    },
    {
      "name": "KIT/1229/take_of_t-shirt_left_arm_02_poses::original",
      "feature_84_99_abs_mean": 0.3584716022014618,
      "feature_99_102_abs_mean": 0.16946838796138763
    },
    {
      "name": "KIT/1229/take_of_t-shirt_left_arm_02_poses::offset_aug_overlay",
      "feature_84_99_abs_mean": 0.33044368028640747,
      "feature_99_102_abs_mean": 0.07074081152677536
    },
    {
      "name": "KIT/1229/take_of_t-shirt_left_arm_03_poses::original",
      "feature_84_99_abs_mean": 0.30068889260292053,
      "feature_99_102_abs_mean": 0.16903354227542877
    },
    {
      "name": "KIT/1229/take_of_t-shirt_left_arm_03_poses::offset_aug_overlay",
      "feature_84_99_abs_mean": 0.25535067915916443,
      "feature_99_102_abs_mean": 0.08310099691152573
    },
    {
      "name": "KIT/1229/take_of_t-shirt_left_arm_04_poses::original",
      "feature_84_99_abs_mean": 0.2881907820701599,
      "feature_99_102_abs_mean": 0.15281926095485687
    },
    {
      "name": "KIT/1229/take_of_t-shirt_left_arm_04_poses::offset_aug_overlay",
      "feature_84_99_abs_mean": 0.266184538602829,
      "feature_99_102_abs_mean": 0.058418888598680496
    },
    {
      "name": "KIT/1229/take_of_t-shirt_left_arm_05_poses::original",
      "feature_84_99_abs_mean": 0.2858586609363556,
      "feature_99_102_abs_mean": 0.14698582887649536
    },
    {
      "name": "KIT/1229/take_of_t-shirt_left_arm_05_poses::offset_aug_overlay",
      "feature_84_99_abs_mean": 0.26145729422569275,
      "feature_99_102_abs_mean": 0.05825750529766083
    },
    {
      "name": "KIT/1229/take_of_t-shirt_right_arm_01_poses::original",
      "feature_84_99_abs_mean": 0.2438827008008957,
      "feature_99_102_abs_mean": 0.15219514071941376
    },
    {
      "name": "KIT/1229/take_of_t-shirt_right_arm_01_poses::offset_aug_overlay",
      "feature_84_99_abs_mean": 0.19771012663841248,
      "feature_99_102_abs_mean": 0.05692882463335991
    },
    {
      "name": "KIT/1229/take_of_t-shirt_right_arm_02_poses::original",
      "feature_84_99_abs_mean": 0.2345484048128128,
      "feature_99_102_abs_mean": 0.15943580865859985
    },
    {
      "name": "KIT/1229/take_of_t-shirt_right_arm_02_poses::offset_aug_overlay",
      "feature_84_99_abs_mean": 0.19369256496429443,
      "feature_99_102_abs_mean": 0.061341166496276855
    },
    {
      "name": "KIT/1229/take_of_t-shirt_right_arm_03_poses::original",
      "feature_84_99_abs_mean": 0.26623091101646423,
      "feature_99_102_abs_mean": 0.13178008794784546
    },
    {
      "name": "KIT/1229/take_of_t-shirt_right_arm_03_poses::offset_aug_overlay",
      "feature_84_99_abs_mean": 0.23382005095481873,
      "feature_99_102_abs_mean": 0.0481572262942791
    },
    {
      "name": "KIT/1229/take_of_t-shirt_right_arm_04_poses::original",
      "feature_84_99_abs_mean": 0.249004527926445,
      "feature_99_102_abs_mean": 0.15103498101234436
    },
    {
      "name": "KIT/1229/take_of_t-shirt_right_arm_04_poses::offset_aug_overlay",
      "feature_84_99_abs_mean": 0.2138008177280426,
      "feature_99_102_abs_mean": 0.04887502267956734
    },
    {
      "name": "KIT/1229/take_of_t-shirt_right_arm_05_poses::original",
      "feature_84_99_abs_mean": 0.1938982605934143,
      "feature_99_102_abs_mean": 0.15506304800510406
    },
    {
      "name": "KIT/1229/take_of_t-shirt_right_arm_05_poses::offset_aug_overlay",
      "feature_84_99_abs_mean": 0.1682341992855072,
      "feature_99_102_abs_mean": 0.05737438425421715
    },
    {
      "name": "KIT/1229/take_of_t-shirt_with_help_01_poses::original",
      "feature_84_99_abs_mean": 0.13360069692134857,
      "feature_99_102_abs_mean": 0.13487379252910614
    },
    {
      "name": "KIT/1229/take_of_t-shirt_with_help_01_poses::offset_aug_overlay",
      "feature_84_99_abs_mean": 0.08260124921798706,
      "feature_99_102_abs_mean": 0.03713342547416687
    },
    {
      "name": "KIT/1229/take_of_t-shirt_with_help_02_poses::original",
      "feature_84_99_abs_mean": 0.1465315967798233,
      "feature_99_102_abs_mean": 0.13783326745033264
    },
    {
      "name": "KIT/1229/take_of_t-shirt_with_help_02_poses::offset_aug_overlay",
      "feature_84_99_abs_mean": 0.09183452278375626,
      "feature_99_102_abs_mean": 0.03322335332632065
    },
    {
      "name": "KIT/1229/take_of_t-shirt_with_help_03_poses::original",
      "feature_84_99_abs_mean": 0.13933798670768738,
      "feature_99_102_abs_mean": 0.13575831055641174
    },
    {
      "name": "KIT/1229/take_of_t-shirt_with_help_03_poses::offset_aug_overlay",
      "feature_84_99_abs_mean": 0.08663734048604965,
      "feature_99_102_abs_mean": 0.030938103795051575
    },
    {
      "name": "KIT/1229/take_of_t-shirt_with_help_04_poses::original",
      "feature_84_99_abs_mean": 0.14794370532035828,
      "feature_99_102_abs_mean": 0.14244620501995087
    },
    {
      "name": "KIT/1229/take_of_t-shirt_with_help_04_poses::offset_aug_overlay",
      "feature_84_99_abs_mean": 0.08619598299264908,
      "feature_99_102_abs_mean": 0.03280267491936684
    },
    {
      "name": "KIT/1229/take_of_t-shirt_with_help_05_poses::original",
      "feature_84_99_abs_mean": 0.11968488246202469,
      "feature_99_102_abs_mean": 0.1404777467250824
    },
    {
      "name": "KIT/1229/take_of_t-shirt_with_help_05_poses::offset_aug_overlay",
      "feature_84_99_abs_mean": 0.07093165069818497,
      "feature_99_102_abs_mean": 0.028741881251335144
    },
    {
      "name": "KIT/1229/washing_movement_left_arm_01_poses::original",
      "feature_84_99_abs_mean": 0.2602800726890564,
      "feature_99_102_abs_mean": 0.16761259734630585
    },
    {
      "name": "KIT/1229/washing_movement_left_arm_01_poses::offset_aug_overlay",
      "feature_84_99_abs_mean": 0.20047423243522644,
      "feature_99_102_abs_mean": 0.060150954872369766
    },
    {
      "name": "KIT/1229/washing_movement_left_arm_02_poses::original",
      "feature_84_99_abs_mean": 0.25677618384361267,
      "feature_99_102_abs_mean": 0.16698575019836426
    },
    {
      "name": "KIT/1229/washing_movement_left_arm_02_poses::offset_aug_overlay",
      "feature_84_99_abs_mean": 0.19843794405460358,
      "feature_99_102_abs_mean": 0.055304381996393204
    },
    {
      "name": "KIT/1229/washing_movement_left_arm_03_poses::original",
      "feature_84_99_abs_mean": 0.19693373143672943,
      "feature_99_102_abs_mean": 0.15693624317646027
    },
    {
      "name": "KIT/1229/washing_movement_left_arm_03_poses::offset_aug_overlay",
      "feature_84_99_abs_mean": 0.14270931482315063,
      "feature_99_102_abs_mean": 0.0453987754881382
    },
    {
      "name": "KIT/1229/washing_movement_left_arm_04_poses::original",
      "feature_84_99_abs_mean": 0.22800709307193756,
      "feature_99_102_abs_mean": 0.1483849436044693
    },
    {
      "name": "KIT/1229/washing_movement_left_arm_04_poses::offset_aug_overlay",
      "feature_84_99_abs_mean": 0.18010999262332916,
      "feature_99_102_abs_mean": 0.046078842133283615
    },
    {
      "name": "KIT/1229/washing_movement_left_arm_05_poses::original",
      "feature_84_99_abs_mean": 0.24417604506015778,
      "feature_99_102_abs_mean": 0.15238599479198456
    },
    {
      "name": "KIT/1229/washing_movement_left_arm_05_poses::offset_aug_overlay",
      "feature_84_99_abs_mean": 0.19454842805862427,
      "feature_99_102_abs_mean": 0.05626518279314041
    },
    {
      "name": "KIT/1229/washing_movement_right_arm_01_poses::original",
      "feature_84_99_abs_mean": 0.23629018664360046,
      "feature_99_102_abs_mean": 0.15316921472549438
    },
    {
      "name": "KIT/1229/washing_movement_right_arm_01_poses::offset_aug_overlay",
      "feature_84_99_abs_mean": 0.19716250896453857,
      "feature_99_102_abs_mean": 0.0737326592206955
    },
    {
      "name": "KIT/1229/washing_movement_right_arm_02_poses::original",
      "feature_84_99_abs_mean": 0.2119840532541275,
      "feature_99_102_abs_mean": 0.14183098077774048
    },
    {
      "name": "KIT/1229/washing_movement_right_arm_02_poses::offset_aug_overlay",
      "feature_84_99_abs_mean": 0.16959020495414734,
      "feature_99_102_abs_mean": 0.06837967783212662
    },
    {
      "name": "KIT/1229/washing_movement_right_arm_03_poses::original",
      "feature_84_99_abs_mean": 0.2118653655052185,
      "feature_99_102_abs_mean": 0.16084980964660645
    },
    {
      "name": "KIT/1229/washing_movement_right_arm_03_poses::offset_aug_overlay",
      "feature_84_99_abs_mean": 0.16565121710300446,
      "feature_99_102_abs_mean": 0.060400720685720444
    },
    {
      "name": "KIT/1229/washing_movement_right_arm_04_poses::original",
      "feature_84_99_abs_mean": 0.2019113004207611,
      "feature_99_102_abs_mean": 0.1570981740951538
    },
    {
      "name": "KIT/1229/washing_movement_right_arm_04_poses::offset_aug_overlay",
      "feature_84_99_abs_mean": 0.15754163265228271,
      "feature_99_102_abs_mean": 0.04254620894789696
    },
    {
      "name": "KIT/1229/washing_movement_right_arm_05_poses::original",
      "feature_84_99_abs_mean": 0.2115439623594284,
      "feature_99_102_abs_mean": 0.14147092401981354
    },
    {
      "name": "KIT/1229/washing_movement_right_arm_05_poses::offset_aug_overlay",
      "feature_84_99_abs_mean": 0.1719895601272583,
      "feature_99_102_abs_mean": 0.05941753461956978
    },
    {
      "name": "KIT/1229/washing_movement_with_help_01_poses::original",
      "feature_84_99_abs_mean": 0.13132330775260925,
      "feature_99_102_abs_mean": 0.150628000497818
    },
    {
      "name": "KIT/1229/washing_movement_with_help_01_poses::offset_aug_overlay",
      "feature_84_99_abs_mean": 0.08422411233186722,
      "feature_99_102_abs_mean": 0.03977275639772415
    },
    {
      "name": "KIT/1229/washing_movement_with_help_02_poses::original",
      "feature_84_99_abs_mean": 0.1462506800889969,
      "feature_99_102_abs_mean": 0.14336687326431274
    },
    {
      "name": "KIT/1229/washing_movement_with_help_02_poses::offset_aug_overlay",
      "feature_84_99_abs_mean": 0.09445440024137497,
      "feature_99_102_abs_mean": 0.048431769013404846
    },
    {
      "name": "KIT/1229/washing_movement_with_help_03_poses::original",
      "feature_84_99_abs_mean": 0.1271844208240509,
      "feature_99_102_abs_mean": 0.14025798439979553
    },
    {
      "name": "KIT/1229/washing_movement_with_help_03_poses::offset_aug_overlay",
      "feature_84_99_abs_mean": 0.08420529216527939,
      "feature_99_102_abs_mean": 0.037090666592121124
    },
    {
      "name": "KIT/1229/washing_movement_with_help_04_poses::original",
      "feature_84_99_abs_mean": 0.14810404181480408,
      "feature_99_102_abs_mean": 0.14314326643943787
    },
    {
      "name": "KIT/1229/washing_movement_with_help_04_poses::offset_aug_overlay",
      "feature_84_99_abs_mean": 0.09738635271787643,
      "feature_99_102_abs_mean": 0.039654966443777084
    },
    {
      "name": "KIT/1229/washing_movement_with_help_05_poses::original",
      "feature_84_99_abs_mean": 0.14571262896060944,
      "feature_99_102_abs_mean": 0.14160580933094025
    },
    {
      "name": "KIT/1229/washing_movement_with_help_05_poses::offset_aug_overlay",
      "feature_84_99_abs_mean": 0.09644664078950882,
      "feature_99_102_abs_mean": 0.03430869057774544
    },
    {
      "name": "KIT/1297/wipe01_poses::original",
      "feature_84_99_abs_mean": 0.40447837114334106,
      "feature_99_102_abs_mean": 0.3134854733943939
    },
    {
      "name": "KIT/1297/wipe01_poses::offset_aug_overlay",
      "feature_84_99_abs_mean": 0.3692032992839813,
      "feature_99_102_abs_mean": 0.2569909989833832
    },
    {
      "name": "KIT/1297/wipe02_poses::original",
      "feature_84_99_abs_mean": 0.32972252368927,
      "feature_99_102_abs_mean": 0.29362010955810547
    },
    {
      "name": "KIT/1297/wipe02_poses::offset_aug_overlay",
      "feature_84_99_abs_mean": 0.31567904353141785,
      "feature_99_102_abs_mean": 0.2304750382900238
    },
    {
      "name": "KIT/1297/wipe03_poses::original",
      "feature_84_99_abs_mean": 0.4118160605430603,
      "feature_99_102_abs_mean": 0.3126457631587982
    },
    {
      "name": "KIT/1297/wipe03_poses::offset_aug_overlay",
      "feature_84_99_abs_mean": 0.3875437378883362,
      "feature_99_102_abs_mean": 0.23385882377624512
    },
    {
      "name": "KIT/1297/wipe04_poses::original",
      "feature_84_99_abs_mean": 0.33348581194877625,
      "feature_99_102_abs_mean": 0.2986743450164795
    },
    {
      "name": "KIT/1297/wipe04_poses::offset_aug_overlay",
      "feature_84_99_abs_mean": 0.30432748794555664,
      "feature_99_102_abs_mean": 0.21116872131824493
    },
    {
      "name": "KIT/1297/wipe05_poses::original",
      "feature_84_99_abs_mean": 0.3493840992450714,
      "feature_99_102_abs_mean": 0.29796046018600464
    },
    {
      "name": "KIT/1297/wipe05_poses::offset_aug_overlay",
      "feature_84_99_abs_mean": 0.31786879897117615,
      "feature_99_102_abs_mean": 0.22611990571022034
    },
    {
      "name": "KIT/359/bend_right09_poses::original",
      "feature_84_99_abs_mean": 0.6873562932014465,
      "feature_99_102_abs_mean": 0.7913416624069214
    },
    {
      "name": "KIT/359/bend_right09_poses::offset_aug_overlay",
      "feature_84_99_abs_mean": 0.6780215501785278,
      "feature_99_102_abs_mean": 0.7682591676712036
    },
    {
      "name": "KIT/359/bend_right10_poses::original",
      "feature_84_99_abs_mean": 0.8817270994186401,
      "feature_99_102_abs_mean": 0.9419061541557312
    },
    {
      "name": "KIT/359/bend_right10_poses::offset_aug_overlay",
      "feature_84_99_abs_mean": 0.8630418181419373,
      "feature_99_102_abs_mean": 0.9031181931495667
    },
    {
      "name": "KIT/359/downstairs01_poses::original",
      "feature_84_99_abs_mean": 0.5857047438621521,
      "feature_99_102_abs_mean": 0.6570658087730408
    },
    {
      "name": "KIT/359/downstairs01_poses::offset_aug_overlay",
      "feature_84_99_abs_mean": 0.5516833662986755,
      "feature_99_102_abs_mean": 0.5696481466293335
    },
    {
      "name": "KIT/359/downstairs02_poses::original",
      "feature_84_99_abs_mean": 0.5869093537330627,
      "feature_99_102_abs_mean": 0.6991548538208008
    },
    {
      "name": "KIT/359/downstairs02_poses::offset_aug_overlay",
      "feature_84_99_abs_mean": 0.5659282207489014,
      "feature_99_102_abs_mean": 0.6537721753120422
    },
    {
      "name": "KIT/359/downstairs03_poses::original",
      "feature_84_99_abs_mean": 0.5302854776382446,
      "feature_99_102_abs_mean": 0.6085995435714722
    },
    {
      "name": "KIT/359/downstairs03_poses::offset_aug_overlay",
      "feature_84_99_abs_mean": 0.4936203062534332,
      "feature_99_102_abs_mean": 0.5770040154457092
    },
    {
      "name": "KIT/359/downstairs04_poses::original",
      "feature_84_99_abs_mean": 0.7108011245727539,
      "feature_99_102_abs_mean": 0.7661702036857605
    },
    {
      "name": "KIT/359/downstairs04_poses::offset_aug_overlay",
      "feature_84_99_abs_mean": 0.6664551496505737,
      "feature_99_102_abs_mean": 0.7412150502204895
    },
    {
      "name": "KIT/359/downstairs05_poses::original",
      "feature_84_99_abs_mean": 0.6117436289787292,
      "feature_99_102_abs_mean": 0.6815961599349976
    },
    {
      "name": "KIT/359/downstairs05_poses::offset_aug_overlay",
      "feature_84_99_abs_mean": 0.5770589709281921,
      "feature_99_102_abs_mean": 0.6033684611320496
    },
    {
      "name": "KIT/359/downstairs06_poses::original",
      "feature_84_99_abs_mean": 0.6398501396179199,
      "feature_99_102_abs_mean": 0.8140342235565186
    },
    {
      "name": "KIT/359/downstairs06_poses::offset_aug_overlay",
      "feature_84_99_abs_mean": 0.5723736882209778,
      "feature_99_102_abs_mean": 0.7548059225082397
    },
    {
      "name": "KIT/359/downstairs07_poses::original",
      "feature_84_99_abs_mean": 0.7984701991081238,
      "feature_99_102_abs_mean": 0.9766639471054077
    },
    {
      "name": "KIT/359/downstairs07_poses::offset_aug_overlay",
      "feature_84_99_abs_mean": 0.764101505279541,
      "feature_99_102_abs_mean": 0.9064441323280334
    },
    {
      "name": "KIT/359/downstairs08_poses::original",
      "feature_84_99_abs_mean": 0.6208199262619019,
      "feature_99_102_abs_mean": 0.79891037940979
    },
    {
      "name": "KIT/359/downstairs08_poses::offset_aug_overlay",
      "feature_84_99_abs_mean": 0.6087813973426819,
      "feature_99_102_abs_mean": 0.7454854249954224
    },
    {
      "name": "KIT/359/downstairs09_poses::original",
      "feature_84_99_abs_mean": 0.7298482060432434,
      "feature_99_102_abs_mean": 0.8928791284561157
    },
    {
      "name": "KIT/359/downstairs09_poses::offset_aug_overlay",
      "feature_84_99_abs_mean": 0.7025561928749084,
      "feature_99_102_abs_mean": 0.8531131148338318
    },
    {
      "name": "KIT/359/downstairs10_poses::original",
      "feature_84_99_abs_mean": 0.646640419960022,
      "feature_99_102_abs_mean": 0.7854335904121399
    },
    {
      "name": "KIT/359/downstairs10_poses::offset_aug_overlay",
      "feature_84_99_abs_mean": 0.6300110220909119,
      "feature_99_102_abs_mean": 0.7654473781585693
    },
    {
      "name": "KIT/359/go_over_beam01_poses::original",
      "feature_84_99_abs_mean": 0.3799251616001129,
      "feature_99_102_abs_mean": 0.35982275009155273
    },
    {
      "name": "KIT/359/go_over_beam01_poses::offset_aug_overlay",
      "feature_84_99_abs_mean": 0.345210999250412,
      "feature_99_102_abs_mean": 0.305627703666687
    },
    {
      "name": "KIT/359/go_over_beam02_poses::original",
      "feature_84_99_abs_mean": 0.452607661485672,
      "feature_99_102_abs_mean": 0.4214553236961365
    },
    {
      "name": "KIT/359/go_over_beam02_poses::offset_aug_overlay",
      "feature_84_99_abs_mean": 0.41894039511680603,
      "feature_99_102_abs_mean": 0.3532927930355072
    },
    {
      "name": "KIT/359/go_over_beam03_poses::original",
      "feature_84_99_abs_mean": 0.4062143564224243,
      "feature_99_102_abs_mean": 0.3532263934612274
    },
    {
      "name": "KIT/359/go_over_beam03_poses::offset_aug_overlay",
      "feature_84_99_abs_mean": 0.3798055946826935,
      "feature_99_102_abs_mean": 0.3183360993862152
    },
    {
      "name": "KIT/359/go_over_beam04_poses::original",
      "feature_84_99_abs_mean": 0.4361450970172882,
      "feature_99_102_abs_mean": 0.3863176703453064
    },
    {
      "name": "KIT/359/go_over_beam04_poses::offset_aug_overlay",
      "feature_84_99_abs_mean": 0.4046010375022888,
      "feature_99_102_abs_mean": 0.311820924282074
    },
    {
      "name": "KIT/359/go_over_beam05_poses::original",
      "feature_84_99_abs_mean": 0.40644392371177673,
      "feature_99_102_abs_mean": 0.4005035161972046
    },
    {
      "name": "KIT/359/go_over_beam05_poses::offset_aug_overlay",
      "feature_84_99_abs_mean": 0.3735743463039398,
      "feature_99_102_abs_mean": 0.32995760440826416
    },
    {
      "name": "KIT/359/go_over_beam06_poses::original",
      "feature_84_99_abs_mean": 0.4168228209018707,
      "feature_99_102_abs_mean": 0.3572157621383667
    },
    {
      "name": "KIT/359/go_over_beam06_poses::offset_aug_overlay",
      "feature_84_99_abs_mean": 0.3673259913921356,
      "feature_99_102_abs_mean": 0.2929742634296417
    },
    {
      "name": "KIT/359/go_over_beam07_poses::original",
      "feature_84_99_abs_mean": 0.5126540660858154,
      "feature_99_102_abs_mean": 0.38923218846321106
    },
    {
      "name": "KIT/359/go_over_beam07_poses::offset_aug_overlay",
      "feature_84_99_abs_mean": 0.47798073291778564,
      "feature_99_102_abs_mean": 0.3601751923561096
    },
    {
      "name": "KIT/359/go_over_beam08_poses::original",
      "feature_84_99_abs_mean": 0.5005267262458801,
      "feature_99_102_abs_mean": 0.3740443289279938
    },
    {
      "name": "KIT/359/go_over_beam08_poses::offset_aug_overlay",
      "feature_84_99_abs_mean": 0.4670611619949341,
      "feature_99_102_abs_mean": 0.2935175597667694
    },
    {
      "name": "KIT/359/go_over_beam09_poses::original",
      "feature_84_99_abs_mean": 0.44152772426605225,
      "feature_99_102_abs_mean": 0.34505438804626465
    },
    {
      "name": "KIT/359/go_over_beam09_poses::offset_aug_overlay",
      "feature_84_99_abs_mean": 0.4191592335700989,
      "feature_99_102_abs_mean": 0.30116400122642517
    },
    {
      "name": "KIT/359/go_over_beam10_poses::original",
      "feature_84_99_abs_mean": 0.5427705645561218,
      "feature_99_102_abs_mean": 0.3918816149234772
    },
    {
      "name": "KIT/359/go_over_beam10_poses::offset_aug_overlay",
      "feature_84_99_abs_mean": 0.5036064386367798,
      "feature_99_102_abs_mean": 0.34694015979766846
    },
    {
      "name": "KIT/359/step_over_gap01_poses::original",
      "feature_84_99_abs_mean": 0.4392032325267792,
      "feature_99_102_abs_mean": 0.4620976448059082
    },
    {
      "name": "KIT/359/step_over_gap01_poses::offset_aug_overlay",
      "feature_84_99_abs_mean": 0.4004303812980652,
      "feature_99_102_abs_mean": 0.3915742337703705
    },
    {
      "name": "KIT/359/step_over_gap02_poses::original",
      "feature_84_99_abs_mean": 0.38785600662231445,
      "feature_99_102_abs_mean": 0.41605862975120544
    },
    {
      "name": "KIT/359/step_over_gap02_poses::offset_aug_overlay",
      "feature_84_99_abs_mean": 0.34515443444252014,
      "feature_99_102_abs_mean": 0.3481631875038147
    },
    {
      "name": "KIT/359/step_over_gap03_poses::original",
      "feature_84_99_abs_mean": 0.4535490572452545,
      "feature_99_102_abs_mean": 0.44004499912261963
    },
    {
      "name": "KIT/359/step_over_gap03_poses::offset_aug_overlay",
      "feature_84_99_abs_mean": 0.4195777475833893,
      "feature_99_102_abs_mean": 0.39441978931427
    },
    {
      "name": "KIT/359/step_over_gap04_poses::original",
      "feature_84_99_abs_mean": 0.5127884149551392,
      "feature_99_102_abs_mean": 0.553135097026825
    },
    {
      "name": "KIT/359/step_over_gap04_poses::offset_aug_overlay",
      "feature_84_99_abs_mean": 0.4646354019641876,
      "feature_99_102_abs_mean": 0.5079124569892883
    },
    {
      "name": "KIT/359/step_over_gap05_poses::original",
      "feature_84_99_abs_mean": 0.4899439215660095,
      "feature_99_102_abs_mean": 0.5324361324310303
    },
    {
      "name": "KIT/359/step_over_gap05_poses::offset_aug_overlay",
      "feature_84_99_abs_mean": 0.4469725489616394,
      "feature_99_102_abs_mean": 0.49874550104141235
    },
    {
      "name": "KIT/359/step_over_gap06_poses::original",
      "feature_84_99_abs_mean": 0.5534029603004456,
      "feature_99_102_abs_mean": 0.6389853954315186
    },
    {
      "name": "KIT/359/step_over_gap06_poses::offset_aug_overlay",
      "feature_84_99_abs_mean": 0.5134366750717163,
      "feature_99_102_abs_mean": 0.6005167961120605
    },
    {
      "name": "KIT/359/step_over_gap07_poses::original",
      "feature_84_99_abs_mean": 0.48248448967933655,
      "feature_99_102_abs_mean": 0.5274760127067566
    },
    {
      "name": "KIT/359/step_over_gap07_poses::offset_aug_overlay",
      "feature_84_99_abs_mean": 0.4375613033771515,
      "feature_99_102_abs_mean": 0.4783388674259186
    },
    {
      "name": "KIT/359/step_over_gap08_poses::original",
      "feature_84_99_abs_mean": 0.540549099445343,
      "feature_99_102_abs_mean": 0.5449317693710327
    },
    {
      "name": "KIT/359/step_over_gap08_poses::offset_aug_overlay",
      "feature_84_99_abs_mean": 0.49475374817848206,
      "feature_99_102_abs_mean": 0.5144727826118469
    },
    {
      "name": "KIT/359/step_over_gap09_poses::original",
      "feature_84_99_abs_mean": 0.45328912138938904,
      "feature_99_102_abs_mean": 0.4632702171802521
    },
    {
      "name": "KIT/359/step_over_gap09_poses::offset_aug_overlay",
      "feature_84_99_abs_mean": 0.4266177713871002,
      "feature_99_102_abs_mean": 0.4207214117050171
    },
    {
      "name": "KIT/359/step_over_gap10_poses::original",
      "feature_84_99_abs_mean": 0.45555025339126587,
      "feature_99_102_abs_mean": 0.49796804785728455
    },
    {
      "name": "KIT/359/step_over_gap10_poses::offset_aug_overlay",
      "feature_84_99_abs_mean": 0.4227065443992615,
      "feature_99_102_abs_mean": 0.44645342230796814
    },
    {
      "name": "KIT/359/turn_left01_poses::original",
      "feature_84_99_abs_mean": 0.9916316866874695,
      "feature_99_102_abs_mean": 1.0444508790969849
    },
    {
      "name": "KIT/359/turn_left01_poses::offset_aug_overlay",
      "feature_84_99_abs_mean": 0.9911726713180542,
      "feature_99_102_abs_mean": 1.0819652080535889
    },
    {
      "name": "KIT/359/turn_left02_poses::original",
      "feature_84_99_abs_mean": 0.998694896697998,
      "feature_99_102_abs_mean": 1.1033726930618286
    },
    {
      "name": "KIT/359/turn_left02_poses::offset_aug_overlay",
      "feature_84_99_abs_mean": 0.9440380930900574,
      "feature_99_102_abs_mean": 1.0389630794525146
    },
    {
      "name": "KIT/359/turn_left03_poses::original",
      "feature_84_99_abs_mean": 1.0574619770050049,
      "feature_99_102_abs_mean": 1.162284016609192
    },
    {
      "name": "KIT/359/turn_left03_poses::offset_aug_overlay",
      "feature_84_99_abs_mean": 1.0295742750167847,
      "feature_99_102_abs_mean": 1.1002591848373413
    },
    {
      "name": "KIT/359/turn_left04_poses::original",
      "feature_84_99_abs_mean": 0.9656826257705688,
      "feature_99_102_abs_mean": 1.0961253643035889
    },
    {
      "name": "KIT/359/turn_left04_poses::offset_aug_overlay",
      "feature_84_99_abs_mean": 0.9825384616851807,
      "feature_99_102_abs_mean": 1.1539796590805054
    },
    {
      "name": "KIT/359/turn_left05_poses::original",
      "feature_84_99_abs_mean": 0.815824031829834,
      "feature_99_102_abs_mean": 0.9193187952041626
    },
    {
      "name": "KIT/359/turn_left05_poses::offset_aug_overlay",
      "feature_84_99_abs_mean": 0.7839309573173523,
      "feature_99_102_abs_mean": 0.8769980072975159
    },
    {
      "name": "KIT/359/turn_left06_poses::original",
      "feature_84_99_abs_mean": 1.0049654245376587,
      "feature_99_102_abs_mean": 1.0509313344955444
    },
    {
      "name": "KIT/359/turn_left06_poses::offset_aug_overlay",
      "feature_84_99_abs_mean": 0.9984807372093201,
      "feature_99_102_abs_mean": 1.096442699432373
    },
    {
      "name": "KIT/359/turn_left07_poses::original",
      "feature_84_99_abs_mean": 0.9668771028518677,
      "feature_99_102_abs_mean": 1.0423072576522827
    },
    {
      "name": "KIT/359/turn_left07_poses::offset_aug_overlay",
      "feature_84_99_abs_mean": 0.9496544003486633,
      "feature_99_102_abs_mean": 1.0776667594909668
    },
    {
      "name": "KIT/359/turn_left08_poses::original",
      "feature_84_99_abs_mean": 1.019055724143982,
      "feature_99_102_abs_mean": 1.0701557397842407
    },
    {
      "name": "KIT/359/turn_left08_poses::offset_aug_overlay",
      "feature_84_99_abs_mean": 0.9737151265144348,
      "feature_99_102_abs_mean": 0.987313449382782
    },
    {
      "name": "KIT/359/turn_left09_poses::original",
      "feature_84_99_abs_mean": 1.0668851137161255,
      "feature_99_102_abs_mean": 1.12064790725708
    },
    {
      "name": "KIT/359/turn_left09_poses::offset_aug_overlay",
      "feature_84_99_abs_mean": 1.05111825466156,
      "feature_99_102_abs_mean": 1.1563700437545776
    },
    {
      "name": "KIT/359/turn_left10_poses::original",
      "feature_84_99_abs_mean": 1.044137716293335,
      "feature_99_102_abs_mean": 1.1294593811035156
    },
    {
      "name": "KIT/359/turn_left10_poses::offset_aug_overlay",
      "feature_84_99_abs_mean": 1.0310038328170776,
      "feature_99_102_abs_mean": 1.0614734888076782
    },
    {
      "name": "KIT/359/turn_right02_poses::original",
      "feature_84_99_abs_mean": 0.9187765121459961,
      "feature_99_102_abs_mean": 0.9498579502105713
    },
    {
      "name": "KIT/359/turn_right02_poses::offset_aug_overlay",
      "feature_84_99_abs_mean": 0.8824425935745239,
      "feature_99_102_abs_mean": 0.8858973979949951
    },
    {
      "name": "KIT/359/turn_right03_poses::original",
      "feature_84_99_abs_mean": 0.9480254054069519,
      "feature_99_102_abs_mean": 0.9038223624229431
    },
    {
      "name": "KIT/359/turn_right03_poses::offset_aug_overlay",
      "feature_84_99_abs_mean": 0.948773980140686,
      "feature_99_102_abs_mean": 1.0168224573135376
    },
    {
      "name": "KIT/359/turn_right04_poses::original",
      "feature_84_99_abs_mean": 0.8030580878257751,
      "feature_99_102_abs_mean": 0.7944989800453186
    },
    {
      "name": "KIT/359/turn_right04_poses::offset_aug_overlay",
      "feature_84_99_abs_mean": 0.7888375520706177,
      "feature_99_102_abs_mean": 0.7519323825836182
    },
    {
      "name": "KIT/359/turn_right05_poses::original",
      "feature_84_99_abs_mean": 1.13541841506958,
      "feature_99_102_abs_mean": 1.187058687210083
    },
    {
      "name": "KIT/359/turn_right05_poses::offset_aug_overlay",
      "feature_84_99_abs_mean": 1.1495437622070312,
      "feature_99_102_abs_mean": 1.3906795978546143
    },
    {
      "name": "KIT/359/turn_right06_poses::original",
      "feature_84_99_abs_mean": 0.9321213960647583,
      "feature_99_102_abs_mean": 0.9277145862579346
    },
    {
      "name": "KIT/359/turn_right06_poses::offset_aug_overlay",
      "feature_84_99_abs_mean": 0.9390078783035278,
      "feature_99_102_abs_mean": 0.9855741262435913
    },
    {
      "name": "KIT/359/turn_right07_poses::original",
      "feature_84_99_abs_mean": 1.019612431526184,
      "feature_99_102_abs_mean": 1.0810692310333252
    },
    {
      "name": "KIT/359/turn_right07_poses::offset_aug_overlay",
      "feature_84_99_abs_mean": 0.9962500929832458,
      "feature_99_102_abs_mean": 1.0947927236557007
    },
    {
      "name": "KIT/359/turn_right08_poses::original",
      "feature_84_99_abs_mean": 1.0525034666061401,
      "feature_99_102_abs_mean": 1.0375887155532837
    },
    {
      "name": "KIT/359/turn_right08_poses::offset_aug_overlay",
      "feature_84_99_abs_mean": 1.0181498527526855,
      "feature_99_102_abs_mean": 0.9497866630554199
    },
    {
      "name": "KIT/359/turn_right09_poses::original",
      "feature_84_99_abs_mean": 1.0019959211349487,
      "feature_99_102_abs_mean": 0.9788626432418823
    },
    {
      "name": "KIT/359/turn_right09_poses::offset_aug_overlay",
      "feature_84_99_abs_mean": 1.0175669193267822,
      "feature_99_102_abs_mean": 1.0739277601242065
    },
    {
      "name": "KIT/359/turn_right10_poses::original",
      "feature_84_99_abs_mean": 1.0688865184783936,
      "feature_99_102_abs_mean": 1.0704935789108276
    },
    {
      "name": "KIT/359/turn_right10_poses::offset_aug_overlay",
      "feature_84_99_abs_mean": 1.0472453832626343,
      "feature_99_102_abs_mean": 1.151799201965332
    },
    {
      "name": "KIT/359/upstairs01_poses::original",
      "feature_84_99_abs_mean": 0.5978044867515564,
      "feature_99_102_abs_mean": 0.5280069708824158
    },
    {
      "name": "KIT/359/upstairs01_poses::offset_aug_overlay",
      "feature_84_99_abs_mean": 0.5531467795372009,
      "feature_99_102_abs_mean": 0.4772985577583313
    },
    {
      "name": "KIT/359/upstairs02_poses::original",
      "feature_84_99_abs_mean": 0.5846405625343323,
      "feature_99_102_abs_mean": 0.4870424270629883
    },
    {
      "name": "KIT/359/upstairs02_poses::offset_aug_overlay",
      "feature_84_99_abs_mean": 0.5474658012390137,
      "feature_99_102_abs_mean": 0.46057090163230896
    },
    {
      "name": "KIT/359/upstairs03_poses::original",
      "feature_84_99_abs_mean": 0.6872780919075012,
      "feature_99_102_abs_mean": 0.5738323926925659
    },
    {
      "name": "KIT/359/upstairs03_poses::offset_aug_overlay",
      "feature_84_99_abs_mean": 0.6457746028900146,
      "feature_99_102_abs_mean": 0.5655927062034607
    },
    {
      "name": "KIT/359/upstairs04_poses::original",
      "feature_84_99_abs_mean": 0.6435660123825073,
      "feature_99_102_abs_mean": 0.5662513375282288
    },
    {
      "name": "KIT/359/upstairs04_poses::offset_aug_overlay",
      "feature_84_99_abs_mean": 0.6177799701690674,
      "feature_99_102_abs_mean": 0.5281557440757751
    },
    {
      "name": "KIT/359/upstairs05_poses::original",
      "feature_84_99_abs_mean": 0.6278901696205139,
      "feature_99_102_abs_mean": 0.5439363718032837
    },
    {
      "name": "KIT/359/upstairs05_poses::offset_aug_overlay",
      "feature_84_99_abs_mean": 0.586315393447876,
      "feature_99_102_abs_mean": 0.49114668369293213
    },
    {
      "name": "KIT/359/upstairs06_poses::original",
      "feature_84_99_abs_mean": 0.6231239438056946,
      "feature_99_102_abs_mean": 0.6388750076293945
    },
    {
      "name": "KIT/359/upstairs06_poses::offset_aug_overlay",
      "feature_84_99_abs_mean": 0.594510555267334,
      "feature_99_102_abs_mean": 0.5947161316871643
    },
    {
      "name": "KIT/359/upstairs07_poses::original",
      "feature_84_99_abs_mean": 0.5948265194892883,
      "feature_99_102_abs_mean": 0.5259043574333191
    },
    {
      "name": "KIT/359/upstairs07_poses::offset_aug_overlay",
      "feature_84_99_abs_mean": 0.5475354194641113,
      "feature_99_102_abs_mean": 0.5010471343994141
    },
    {
      "name": "KIT/359/upstairs08_poses::original",
      "feature_84_99_abs_mean": 0.6580671072006226,
      "feature_99_102_abs_mean": 0.6513984203338623
    },
    {
      "name": "KIT/359/upstairs08_poses::offset_aug_overlay",
      "feature_84_99_abs_mean": 0.6457356214523315,
      "feature_99_102_abs_mean": 0.6164751052856445
    },
    {
      "name": "KIT/359/upstairs09_poses::original",
      "feature_84_99_abs_mean": 0.6465816497802734,
      "feature_99_102_abs_mean": 0.6252105832099915
    },
    {
      "name": "KIT/359/upstairs09_poses::offset_aug_overlay",
      "feature_84_99_abs_mean": 0.6295084357261658,
      "feature_99_102_abs_mean": 0.6003108024597168
    },
    {
      "name": "KIT/359/upstairs10_poses::original",
      "feature_84_99_abs_mean": 0.6177131533622742,
      "feature_99_102_abs_mean": 0.6189040541648865
    },
    {
      "name": "KIT/359/upstairs10_poses::offset_aug_overlay",
      "feature_84_99_abs_mean": 0.5764186978340149,
      "feature_99_102_abs_mean": 0.5680345892906189
    },
    {
      "name": "KIT/359/upstairs_downstairs01_poses::original",
      "feature_84_99_abs_mean": 0.8570190072059631,
      "feature_99_102_abs_mean": 0.928796112537384
    },
    {
      "name": "KIT/359/upstairs_downstairs01_poses::offset_aug_overlay",
      "feature_84_99_abs_mean": 0.8472779393196106,
      "feature_99_102_abs_mean": 0.9494370222091675
    },
    {
      "name": "KIT/359/upstairs_downstairs02_poses::original",
      "feature_84_99_abs_mean": 0.7886127829551697,
      "feature_99_102_abs_mean": 0.8056249022483826
    },
    {
      "name": "KIT/359/upstairs_downstairs02_poses::offset_aug_overlay",
      "feature_84_99_abs_mean": 0.7597036361694336,
      "feature_99_102_abs_mean": 0.825139045715332
    },
    {
      "name": "KIT/359/upstairs_downstairs03_poses::original",
      "feature_84_99_abs_mean": 0.6826286315917969,
      "feature_99_102_abs_mean": 0.6883885860443115
    },
    {
      "name": "KIT/359/upstairs_downstairs03_poses::offset_aug_overlay",
      "feature_84_99_abs_mean": 0.6586676836013794,
      "feature_99_102_abs_mean": 0.6591714024543762
    },
    {
      "name": "KIT/359/upstairs_downstairs04_poses::original",
      "feature_84_99_abs_mean": 0.6585418581962585,
      "feature_99_102_abs_mean": 0.6616316437721252
    },
    {
      "name": "KIT/359/upstairs_downstairs04_poses::offset_aug_overlay",
      "feature_84_99_abs_mean": 0.649739682674408,
      "feature_99_102_abs_mean": 0.6949727535247803
    },
    {
      "name": "KIT/359/walking_fast01_poses::original",
      "feature_84_99_abs_mean": 1.0143159627914429,
      "feature_99_102_abs_mean": 1.128652572631836
    },
    {
      "name": "KIT/359/walking_fast01_poses::offset_aug_overlay",
      "feature_84_99_abs_mean": 0.9889535307884216,
      "feature_99_102_abs_mean": 1.1248908042907715
    },
    {
      "name": "KIT/359/walking_fast02_poses::original",
      "feature_84_99_abs_mean": 0.9350849390029907,
      "feature_99_102_abs_mean": 1.038743495941162
    },
    {
      "name": "KIT/359/walking_fast02_poses::offset_aug_overlay",
      "feature_84_99_abs_mean": 0.9081296920776367,
      "feature_99_102_abs_mean": 0.9866865277290344
    },
    {
      "name": "KIT/359/walking_fast03_poses::original",
      "feature_84_99_abs_mean": 0.9653050303459167,
      "feature_99_102_abs_mean": 1.059343695640564
    },
    {
      "name": "KIT/359/walking_fast03_poses::offset_aug_overlay",
      "feature_84_99_abs_mean": 0.9580586552619934,
      "feature_99_102_abs_mean": 0.9892873167991638
    },
    {
      "name": "KIT/359/walking_fast04_poses::original",
      "feature_84_99_abs_mean": 0.8650090098381042,
      "feature_99_102_abs_mean": 0.922593355178833
    },
    {
      "name": "KIT/359/walking_fast04_poses::offset_aug_overlay",
      "feature_84_99_abs_mean": 0.8258489370346069,
      "feature_99_102_abs_mean": 0.9040910601615906
    },
    {
      "name": "KIT/359/walking_fast05_poses::original",
      "feature_84_99_abs_mean": 0.9967291951179504,
      "feature_99_102_abs_mean": 0.930848240852356
    },
    {
      "name": "KIT/359/walking_fast05_poses::offset_aug_overlay",
      "feature_84_99_abs_mean": 0.9829162359237671,
      "feature_99_102_abs_mean": 0.9377428889274597
    },
    {
      "name": "KIT/359/walking_fast06_poses::original",
      "feature_84_99_abs_mean": 0.9697811007499695,
      "feature_99_102_abs_mean": 1.031253695487976
    },
    {
      "name": "KIT/359/walking_fast06_poses::offset_aug_overlay",
      "feature_84_99_abs_mean": 0.9353315830230713,
      "feature_99_102_abs_mean": 1.0725438594818115
    },
    {
      "name": "KIT/359/walking_fast07_poses::original",
      "feature_84_99_abs_mean": 0.9738837480545044,
      "feature_99_102_abs_mean": 0.984412670135498
    },
    {
      "name": "KIT/359/walking_fast07_poses::offset_aug_overlay",
      "feature_84_99_abs_mean": 0.9452196359634399,
      "feature_99_102_abs_mean": 0.9550262093544006
    },
    {
      "name": "KIT/359/walking_fast09_poses::original",
      "feature_84_99_abs_mean": 1.1332050561904907,
      "feature_99_102_abs_mean": 1.1425650119781494
    },
    {
      "name": "KIT/359/walking_fast09_poses::offset_aug_overlay",
      "feature_84_99_abs_mean": 1.0958352088928223,
      "feature_99_102_abs_mean": 1.1699068546295166
    },
    {
      "name": "KIT/359/walking_fast10_poses::original",
      "feature_84_99_abs_mean": 0.9890238046646118,
      "feature_99_102_abs_mean": 0.9146124124526978
    },
    {
      "name": "KIT/359/walking_fast10_poses::offset_aug_overlay",
      "feature_84_99_abs_mean": 0.9557169079780579,
      "feature_99_102_abs_mean": 0.8832923173904419
    },
    {
      "name": "KIT/359/walking_medium01_poses::original",
      "feature_84_99_abs_mean": 0.5869029760360718,
      "feature_99_102_abs_mean": 0.657508909702301
    },
    {
      "name": "KIT/359/walking_medium01_poses::offset_aug_overlay",
      "feature_84_99_abs_mean": 0.5665796399116516,
      "feature_99_102_abs_mean": 0.6279391050338745
    },
    {
      "name": "KIT/359/walking_medium02_poses::original",
      "feature_84_99_abs_mean": 0.6533488631248474,
      "feature_99_102_abs_mean": 0.6723662614822388
    },
    {
      "name": "KIT/359/walking_medium02_poses::offset_aug_overlay",
      "feature_84_99_abs_mean": 0.6184602379798889,
      "feature_99_102_abs_mean": 0.654628574848175
    },
    {
      "name": "KIT/359/walking_medium03_poses::original",
      "feature_84_99_abs_mean": 0.6079550981521606,
      "feature_99_102_abs_mean": 0.6256983280181885
    },
    {
      "name": "KIT/359/walking_medium03_poses::offset_aug_overlay",
      "feature_84_99_abs_mean": 0.567948579788208,
      "feature_99_102_abs_mean": 0.6074549555778503
    },
    {
      "name": "KIT/359/walking_medium04_poses::original",
      "feature_84_99_abs_mean": 0.6316308975219727,
      "feature_99_102_abs_mean": 0.6910909414291382
    },
    {
      "name": "KIT/359/walking_medium04_poses::offset_aug_overlay",
      "feature_84_99_abs_mean": 0.6024553775787354,
      "feature_99_102_abs_mean": 0.6905676126480103
    },
    {
      "name": "KIT/359/walking_medium05_poses::original",
      "feature_84_99_abs_mean": 0.6631186008453369,
      "feature_99_102_abs_mean": 0.7046487331390381
    },
    {
      "name": "KIT/359/walking_medium05_poses::offset_aug_overlay",
      "feature_84_99_abs_mean": 0.6359133720397949,
      "feature_99_102_abs_mean": 0.7368512153625488
    },
    {
      "name": "KIT/359/walking_medium06_poses::original",
      "feature_84_99_abs_mean": 0.7338942289352417,
      "feature_99_102_abs_mean": 0.8048467040061951
    },
    {
      "name": "KIT/359/walking_medium06_poses::offset_aug_overlay",
      "feature_84_99_abs_mean": 0.7178404331207275,
      "feature_99_102_abs_mean": 0.8169367909431458
    },
    {
      "name": "KIT/359/walking_medium07_poses::original",
      "feature_84_99_abs_mean": 0.6605458855628967,
      "feature_99_102_abs_mean": 0.6842241883277893
    },
    {
      "name": "KIT/359/walking_medium07_poses::offset_aug_overlay",
      "feature_84_99_abs_mean": 0.6096773743629456,
      "feature_99_102_abs_mean": 0.665431797504425
    },
    {
      "name": "KIT/359/walking_medium08_poses::original",
      "feature_84_99_abs_mean": 0.6695395112037659,
      "feature_99_102_abs_mean": 0.7001575827598572
    },
    {
      "name": "KIT/359/walking_medium08_poses::offset_aug_overlay",
      "feature_84_99_abs_mean": 0.6292231678962708,
      "feature_99_102_abs_mean": 0.6793177127838135
    },
    {
      "name": "KIT/359/walking_medium09_poses::original",
      "feature_84_99_abs_mean": 0.6992295384407043,
      "feature_99_102_abs_mean": 0.7334510684013367
    },
    {
      "name": "KIT/359/walking_medium09_poses::offset_aug_overlay",
      "feature_84_99_abs_mean": 0.6660041809082031,
      "feature_99_102_abs_mean": 0.7586464285850525
    },
    {
      "name": "KIT/359/walking_medium10_poses::original",
      "feature_84_99_abs_mean": 0.6566383242607117,
      "feature_99_102_abs_mean": 0.7228594422340393
    },
    {
      "name": "KIT/359/walking_medium10_poses::offset_aug_overlay",
      "feature_84_99_abs_mean": 0.6315352320671082,
      "feature_99_102_abs_mean": 0.7006753087043762
    },
    {
      "name": "KIT/359/walking_run01_poses::original",
      "feature_84_99_abs_mean": 1.0383094549179077,
      "feature_99_102_abs_mean": 0.9474881291389465
    },
    {
      "name": "KIT/359/walking_run01_poses::offset_aug_overlay",
      "feature_84_99_abs_mean": 1.0011004209518433,
      "feature_99_102_abs_mean": 0.9121201038360596
    },
    {
      "name": "KIT/359/walking_run04_poses::original",
      "feature_84_99_abs_mean": 0.7931392788887024,
      "feature_99_102_abs_mean": 0.8031421899795532
    },
    {
      "name": "KIT/359/walking_run04_poses::offset_aug_overlay",
      "feature_84_99_abs_mean": 0.7643734812736511,
      "feature_99_102_abs_mean": 0.7772707939147949
    },
    {
      "name": "KIT/359/walking_run05_poses::original",
      "feature_84_99_abs_mean": 0.8922486901283264,
      "feature_99_102_abs_mean": 0.8519760966300964
    },
    {
      "name": "KIT/359/walking_run05_poses::offset_aug_overlay",
      "feature_84_99_abs_mean": 0.8524705767631531,
      "feature_99_102_abs_mean": 0.8245656490325928
    },
    {
      "name": "KIT/359/walking_run06_poses::original",
      "feature_84_99_abs_mean": 1.0220810174942017,
      "feature_99_102_abs_mean": 0.9577100872993469
    },
    {
      "name": "KIT/359/walking_run06_poses::offset_aug_overlay",
      "feature_84_99_abs_mean": 0.9586838483810425,
      "feature_99_102_abs_mean": 0.9348997473716736
    },
    {
      "name": "KIT/359/walking_run07_poses::original",
      "feature_84_99_abs_mean": 1.096186637878418,
      "feature_99_102_abs_mean": 1.082241415977478
    },
    {
      "name": "KIT/359/walking_run07_poses::offset_aug_overlay",
      "feature_84_99_abs_mean": 1.0802695751190186,
      "feature_99_102_abs_mean": 1.0992079973220825
    },
    {
      "name": "KIT/359/walking_run08_poses::original",
      "feature_84_99_abs_mean": 1.1492384672164917,
      "feature_99_102_abs_mean": 1.0425583124160767
    },
    {
      "name": "KIT/359/walking_run08_poses::offset_aug_overlay",
      "feature_84_99_abs_mean": 1.1124963760375977,
      "feature_99_102_abs_mean": 1.0613744258880615
    },
    {
      "name": "KIT/359/walking_run09_poses::original",
      "feature_84_99_abs_mean": 1.117990255355835,
      "feature_99_102_abs_mean": 1.0596727132797241
    },
    {
      "name": "KIT/359/walking_run09_poses::offset_aug_overlay",
      "feature_84_99_abs_mean": 1.0942553281784058,
      "feature_99_102_abs_mean": 1.0140678882598877
    },
    {
      "name": "KIT/359/walking_slow01_poses::original",
      "feature_84_99_abs_mean": 0.3685915470123291,
      "feature_99_102_abs_mean": 0.47125837206840515
    },
    {
      "name": "KIT/359/walking_slow01_poses::offset_aug_overlay",
      "feature_84_99_abs_mean": 0.32288286089897156,
      "feature_99_102_abs_mean": 0.4610767960548401
    },
    {
      "name": "KIT/359/walking_slow02_poses::original",
      "feature_84_99_abs_mean": 0.39055395126342773,
      "feature_99_102_abs_mean": 0.5038617253303528
    },
    {
      "name": "KIT/359/walking_slow02_poses::offset_aug_overlay",
      "feature_84_99_abs_mean": 0.36005672812461853,
      "feature_99_102_abs_mean": 0.5238288640975952
    },
    {
      "name": "KIT/359/walking_slow03_poses::original",
      "feature_84_99_abs_mean": 0.40585365891456604,
      "feature_99_102_abs_mean": 0.5011606216430664
    },
    {
      "name": "KIT/359/walking_slow03_poses::offset_aug_overlay",
      "feature_84_99_abs_mean": 0.35905319452285767,
      "feature_99_102_abs_mean": 0.4671459197998047
    },
    {
      "name": "KIT/359/walking_slow04_poses::original",
      "feature_84_99_abs_mean": 0.381032794713974,
      "feature_99_102_abs_mean": 0.47419869899749756
    },
    {
      "name": "KIT/359/walking_slow04_poses::offset_aug_overlay",
      "feature_84_99_abs_mean": 0.35619544982910156,
      "feature_99_102_abs_mean": 0.449673056602478
    },
    {
      "name": "KIT/359/walking_slow05_poses::original",
      "feature_84_99_abs_mean": 0.3900378942489624,
      "feature_99_102_abs_mean": 0.4848182797431946
    },
    {
      "name": "KIT/359/walking_slow05_poses::offset_aug_overlay",
      "feature_84_99_abs_mean": 0.35891029238700867,
      "feature_99_102_abs_mean": 0.4355640411376953
    },
    {
      "name": "KIT/359/walking_slow06_poses::original",
      "feature_84_99_abs_mean": 0.492736279964447,
      "feature_99_102_abs_mean": 0.5377643704414368
    },
    {
      "name": "KIT/359/walking_slow06_poses::offset_aug_overlay",
      "feature_84_99_abs_mean": 0.44217735528945923,
      "feature_99_102_abs_mean": 0.5391317009925842
    },
    {
      "name": "KIT/359/walking_slow07_poses::original",
      "feature_84_99_abs_mean": 0.4326997697353363,
      "feature_99_102_abs_mean": 0.5324045419692993
    },
    {
      "name": "KIT/359/walking_slow07_poses::offset_aug_overlay",
      "feature_84_99_abs_mean": 0.3905610740184784,
      "feature_99_102_abs_mean": 0.5366662740707397
    },
    {
      "name": "KIT/359/walking_slow08_poses::original",
      "feature_84_99_abs_mean": 0.4665775001049042,
      "feature_99_102_abs_mean": 0.5543740391731262
    },
    {
      "name": "KIT/359/walking_slow08_poses::offset_aug_overlay",
      "feature_84_99_abs_mean": 0.4228728711605072,
      "feature_99_102_abs_mean": 0.5121785402297974
    },
    {
      "name": "KIT/359/walking_slow09_poses::original",
      "feature_84_99_abs_mean": 0.42724695801734924,
      "feature_99_102_abs_mean": 0.5449232459068298
    },
    {
      "name": "KIT/359/walking_slow09_poses::offset_aug_overlay",
      "feature_84_99_abs_mean": 0.3931857645511627,
      "feature_99_102_abs_mean": 0.4837651550769806
    },
    {
      "name": "KIT/883/wipe_leg_bigcircle02_poses::original",
      "feature_84_99_abs_mean": 0.17615418136119843,
      "feature_99_102_abs_mean": 0.19125999510288239
    },
    {
      "name": "KIT/883/wipe_leg_bigcircle02_poses::offset_aug_overlay",
      "feature_84_99_abs_mean": 0.13524480164051056,
      "feature_99_102_abs_mean": 0.06267683953046799
    },
    {
      "name": "KIT/883/wipe_leg_bigcircle03_poses::original",
      "feature_84_99_abs_mean": 0.10044911503791809,
      "feature_99_102_abs_mean": 0.14379654824733734
    },
    {
      "name": "KIT/883/wipe_leg_bigcircle03_poses::offset_aug_overlay",
      "feature_84_99_abs_mean": 0.04870510846376419,
      "feature_99_102_abs_mean": 0.03999783471226692
    },
    {
      "name": "KIT/883/wipe_leg_dabbing02_poses::original",
      "feature_84_99_abs_mean": 0.2054280787706375,
      "feature_99_102_abs_mean": 0.18504567444324493
    },
    {
      "name": "KIT/883/wipe_leg_dabbing02_poses::offset_aug_overlay",
      "feature_84_99_abs_mean": 0.14957237243652344,
      "feature_99_102_abs_mean": 0.06458210200071335
    },
    {
      "name": "KIT/883/wipe_leg_dabbing03_poses::original",
      "feature_84_99_abs_mean": 0.1647077202796936,
      "feature_99_102_abs_mean": 0.14694899320602417
    },
    {
      "name": "KIT/883/wipe_leg_dabbing03_poses::offset_aug_overlay",
      "feature_84_99_abs_mean": 0.12495554238557816,
      "feature_99_102_abs_mean": 0.03970809653401375
    },
    {
      "name": "KIT/883/wipe_leg_dabbing04_poses::original",
      "feature_84_99_abs_mean": 0.17115238308906555,
      "feature_99_102_abs_mean": 0.16410993039608002
    },
    {
      "name": "KIT/883/wipe_leg_dabbing04_poses::offset_aug_overlay",
      "feature_84_99_abs_mean": 0.12549397349357605,
      "feature_99_102_abs_mean": 0.05187138170003891
    },
    {
      "name": "KIT/883/wipe_leg_dabbing05_poses::original",
      "feature_84_99_abs_mean": 0.16819168627262115,
      "feature_99_102_abs_mean": 0.16705577075481415
    },
    {
      "name": "KIT/883/wipe_leg_dabbing05_poses::offset_aug_overlay",
      "feature_84_99_abs_mean": 0.12265291064977646,
      "feature_99_102_abs_mean": 0.0616508312523365
    },
    {
      "name": "KIT/883/wipe_leg_smallcircle02_poses::original",
      "feature_84_99_abs_mean": 0.16665007174015045,
      "feature_99_102_abs_mean": 0.1419680267572403
    },
    {
      "name": "KIT/883/wipe_leg_smallcircle02_poses::offset_aug_overlay",
      "feature_84_99_abs_mean": 0.12644699215888977,
      "feature_99_102_abs_mean": 0.04750070720911026
    },
    {
      "name": "KIT/883/wipe_leg_smallcircle03_poses::original",
      "feature_84_99_abs_mean": 0.18320102989673615,
      "feature_99_102_abs_mean": 0.1603178232908249
    },
    {
      "name": "KIT/883/wipe_leg_smallcircle03_poses::offset_aug_overlay",
      "feature_84_99_abs_mean": 0.13592219352722168,
      "feature_99_102_abs_mean": 0.062479764223098755
    },
    {
      "name": "KIT/883/wipe_leg_smallcircle04_poses::original",
      "feature_84_99_abs_mean": 0.18018345534801483,
      "feature_99_102_abs_mean": 0.15576942265033722
    },
    {
      "name": "KIT/883/wipe_leg_smallcircle04_poses::offset_aug_overlay",
      "feature_84_99_abs_mean": 0.14199160039424896,
      "feature_99_102_abs_mean": 0.05637675151228905
    },
    {
      "name": "KIT/883/wipe_leg_vertical01_poses::original",
      "feature_84_99_abs_mean": 0.14869078993797302,
      "feature_99_102_abs_mean": 0.14681129157543182
    },
    {
      "name": "KIT/883/wipe_leg_vertical01_poses::offset_aug_overlay",
      "feature_84_99_abs_mean": 0.09900224953889847,
      "feature_99_102_abs_mean": 0.041821546852588654
    },
    {
      "name": "KIT/883/wipe_leg_vertical02_poses::original",
      "feature_84_99_abs_mean": 0.1584622859954834,
      "feature_99_102_abs_mean": 0.14669303596019745
    },
    {
      "name": "KIT/883/wipe_leg_vertical02_poses::offset_aug_overlay",
      "feature_84_99_abs_mean": 0.12637129426002502,
      "feature_99_102_abs_mean": 0.0527360737323761
    },
    {
      "name": "KIT/883/wipe_leg_vertical03_poses::original",
      "feature_84_99_abs_mean": 0.18865787982940674,
      "feature_99_102_abs_mean": 0.1685515195131302
    },
    {
      "name": "KIT/883/wipe_leg_vertical03_poses::offset_aug_overlay",
      "feature_84_99_abs_mean": 0.14403240382671356,
      "feature_99_102_abs_mean": 0.054530926048755646
    },
    {
      "name": "KIT/883/wipe_leg_vertical04_poses::original",
      "feature_84_99_abs_mean": 0.15366995334625244,
      "feature_99_102_abs_mean": 0.15377627313137054
    },
    {
      "name": "KIT/883/wipe_leg_vertical04_poses::offset_aug_overlay",
      "feature_84_99_abs_mean": 0.11652152985334396,
      "feature_99_102_abs_mean": 0.05148452892899513
    },
    {
      "name": "KIT/883/wipe_leg_vertical05_poses::original",
      "feature_84_99_abs_mean": 0.18319962918758392,
      "feature_99_102_abs_mean": 0.15683035552501678
    },
    {
      "name": "KIT/883/wipe_leg_vertical05_poses::offset_aug_overlay",
      "feature_84_99_abs_mean": 0.14137563109397888,
      "feature_99_102_abs_mean": 0.05432490259408951
    },
    {
      "name": "KIT/883/wipe_leg_vertical06_poses::original",
      "feature_84_99_abs_mean": 0.16193053126335144,
      "feature_99_102_abs_mean": 0.14955070614814758
    },
    {
      "name": "KIT/883/wipe_leg_vertical06_poses::offset_aug_overlay",
      "feature_84_99_abs_mean": 0.1293375939130783,
      "feature_99_102_abs_mean": 0.049170978367328644
    },
    {
      "name": "KIT/883/wipe_leg_vertical07_poses::original",
      "feature_84_99_abs_mean": 0.1613338589668274,
      "feature_99_102_abs_mean": 0.1427987515926361
    },
    {
      "name": "KIT/883/wipe_leg_vertical07_poses::offset_aug_overlay",
      "feature_84_99_abs_mean": 0.11707967519760132,
      "feature_99_102_abs_mean": 0.051020488142967224
    },
    {
      "name": "KIT/883/wipe_leg_vertical08_poses::original",
      "feature_84_99_abs_mean": 0.15732073783874512,
      "feature_99_102_abs_mean": 0.15331418812274933
    },
    {
      "name": "KIT/883/wipe_leg_vertical08_poses::offset_aug_overlay",
      "feature_84_99_abs_mean": 0.10351133346557617,
      "feature_99_102_abs_mean": 0.0366695299744606
    },
    {
      "name": "KIT/883/wipe_leg_vertical09_poses::original",
      "feature_84_99_abs_mean": 0.20068573951721191,
      "feature_99_102_abs_mean": 0.16754360496997833
    },
    {
      "name": "KIT/883/wipe_leg_vertical09_poses::offset_aug_overlay",
      "feature_84_99_abs_mean": 0.1649758666753769,
      "feature_99_102_abs_mean": 0.05532832071185112
    },
    {
      "name": "KIT/883/wipe_leg_vertical10_poses::original",
      "feature_84_99_abs_mean": 0.1677200347185135,
      "feature_99_102_abs_mean": 0.14231465756893158
    },
    {
      "name": "KIT/883/wipe_leg_vertical10_poses::offset_aug_overlay",
      "feature_84_99_abs_mean": 0.1257711499929428,
      "feature_99_102_abs_mean": 0.04364042356610298
    },
    {
      "name": "KIT/9/LeftTurn01_poses::original",
      "feature_84_99_abs_mean": 0.4098271131515503,
      "feature_99_102_abs_mean": 0.43322819471359253
    },
    {
      "name": "KIT/9/LeftTurn01_poses::offset_aug_overlay",
      "feature_84_99_abs_mean": 0.3717275559902191,
      "feature_99_102_abs_mean": 0.3989148437976837
    },
    {
      "name": "KIT/9/LeftTurn02_poses::original",
      "feature_84_99_abs_mean": 0.4525131583213806,
      "feature_99_102_abs_mean": 0.49445000290870667
    },
    {
      "name": "KIT/9/LeftTurn02_poses::offset_aug_overlay",
      "feature_84_99_abs_mean": 0.41407063603401184,
      "feature_99_102_abs_mean": 0.44261422753334045
    },
    {
      "name": "KIT/9/LeftTurn03_poses::original",
      "feature_84_99_abs_mean": 0.6008588075637817,
      "feature_99_102_abs_mean": 0.5643523335456848
    },
    {
      "name": "KIT/9/LeftTurn03_poses::offset_aug_overlay",
      "feature_84_99_abs_mean": 0.5570986270904541,
      "feature_99_102_abs_mean": 0.5662017464637756
    },
    {
      "name": "KIT/9/LeftTurn04_poses::original",
      "feature_84_99_abs_mean": 0.4278967082500458,
      "feature_99_102_abs_mean": 0.5011582374572754
    },
    {
      "name": "KIT/9/LeftTurn04_poses::offset_aug_overlay",
      "feature_84_99_abs_mean": 0.3910268247127533,
      "feature_99_102_abs_mean": 0.4339239001274109
    },
    {
      "name": "KIT/9/LeftTurn05_poses::original",
      "feature_84_99_abs_mean": 0.5607728958129883,
      "feature_99_102_abs_mean": 0.5410075783729553
    },
    {
      "name": "KIT/9/LeftTurn05_poses::offset_aug_overlay",
      "feature_84_99_abs_mean": 0.5454561710357666,
      "feature_99_102_abs_mean": 0.5302900075912476
    },
    {
      "name": "KIT/9/LeftTurn06_poses::original",
      "feature_84_99_abs_mean": 0.5462982654571533,
      "feature_99_102_abs_mean": 0.49674877524375916
    },
    {
      "name": "KIT/9/LeftTurn06_poses::offset_aug_overlay",
      "feature_84_99_abs_mean": 0.5027562975883484,
      "feature_99_102_abs_mean": 0.4813474714756012
    },
    {
      "name": "KIT/9/LeftTurn07_poses::original",
      "feature_84_99_abs_mean": 0.5229344367980957,
      "feature_99_102_abs_mean": 0.5433497428894043
    },
    {
      "name": "KIT/9/LeftTurn07_poses::offset_aug_overlay",
      "feature_84_99_abs_mean": 0.49390777945518494,
      "feature_99_102_abs_mean": 0.4992277920246124
    },
    {
      "name": "KIT/9/LeftTurn08_poses::original",
      "feature_84_99_abs_mean": 0.47301146388053894,
      "feature_99_102_abs_mean": 0.5077165365219116
    },
    {
      "name": "KIT/9/LeftTurn08_poses::offset_aug_overlay",
      "feature_84_99_abs_mean": 0.43922534584999084,
      "feature_99_102_abs_mean": 0.43778201937675476
    },
    {
      "name": "KIT/9/LeftTurn09_poses::original",
      "feature_84_99_abs_mean": 0.4535699784755707,
      "feature_99_102_abs_mean": 0.44327840209007263
    },
    {
      "name": "KIT/9/LeftTurn09_poses::offset_aug_overlay",
      "feature_84_99_abs_mean": 0.423893541097641,
      "feature_99_102_abs_mean": 0.41816410422325134
    },
    {
      "name": "KIT/9/LeftTurn10_poses::original",
      "feature_84_99_abs_mean": 0.4516383409500122,
      "feature_99_102_abs_mean": 0.4686262905597687
    },
    {
      "name": "KIT/9/LeftTurn10_poses::offset_aug_overlay",
      "feature_84_99_abs_mean": 0.42347219586372375,
      "feature_99_102_abs_mean": 0.4266357719898224
    },
    {
      "name": "KIT/9/RightTurn01_poses::original",
      "feature_84_99_abs_mean": 0.42911314964294434,
      "feature_99_102_abs_mean": 0.42270001769065857
    },
    {
      "name": "KIT/9/RightTurn01_poses::offset_aug_overlay",
      "feature_84_99_abs_mean": 0.4012986421585083,
      "feature_99_102_abs_mean": 0.39052221179008484
    },
    {
      "name": "KIT/9/RightTurn02_poses::original",
      "feature_84_99_abs_mean": 0.4804218113422394,
      "feature_99_102_abs_mean": 0.42802175879478455
    },
    {
      "name": "KIT/9/RightTurn02_poses::offset_aug_overlay",
      "feature_84_99_abs_mean": 0.44702795147895813,
      "feature_99_102_abs_mean": 0.3993039131164551
    },
    {
      "name": "KIT/9/RightTurn03_poses::original",
      "feature_84_99_abs_mean": 0.39481404423713684,
      "feature_99_102_abs_mean": 0.4118258059024811
    },
    {
      "name": "KIT/9/RightTurn03_poses::offset_aug_overlay",
      "feature_84_99_abs_mean": 0.36198294162750244,
      "feature_99_102_abs_mean": 0.3643180727958679
    },
    {
      "name": "KIT/9/RightTurn04_poses::original",
      "feature_84_99_abs_mean": 0.42749589681625366,
      "feature_99_102_abs_mean": 0.45951610803604126
    },
    {
      "name": "KIT/9/RightTurn04_poses::offset_aug_overlay",
      "feature_84_99_abs_mean": 0.3985612392425537,
      "feature_99_102_abs_mean": 0.42977312207221985
    },
    {
      "name": "KIT/9/RightTurn05_poses::original",
      "feature_84_99_abs_mean": 0.45374754071235657,
      "feature_99_102_abs_mean": 0.45190590620040894
    },
    {
      "name": "KIT/9/RightTurn05_poses::offset_aug_overlay",
      "feature_84_99_abs_mean": 0.4178238809108734,
      "feature_99_102_abs_mean": 0.40114569664001465
    },
    {
      "name": "KIT/9/RightTurn06_poses::original",
      "feature_84_99_abs_mean": 0.5577357411384583,
      "feature_99_102_abs_mean": 0.6064595580101013
    },
    {
      "name": "KIT/9/RightTurn06_poses::offset_aug_overlay",
      "feature_84_99_abs_mean": 0.5275804400444031,
      "feature_99_102_abs_mean": 0.5865539908409119
    },
    {
      "name": "KIT/9/RightTurn07_poses::original",
      "feature_84_99_abs_mean": 0.5136131644248962,
      "feature_99_102_abs_mean": 0.5220377445220947
    },
    {
      "name": "KIT/9/RightTurn07_poses::offset_aug_overlay",
      "feature_84_99_abs_mean": 0.46815770864486694,
      "feature_99_102_abs_mean": 0.5426660180091858
    },
    {
      "name": "KIT/9/RightTurn08_poses::original",
      "feature_84_99_abs_mean": 0.48120567202568054,
      "feature_99_102_abs_mean": 0.5021072030067444
    },
    {
      "name": "KIT/9/RightTurn08_poses::offset_aug_overlay",
      "feature_84_99_abs_mean": 0.46596410870552063,
      "feature_99_102_abs_mean": 0.4943763017654419
    },
    {
      "name": "KIT/9/RightTurn09_poses::original",
      "feature_84_99_abs_mean": 0.5079041123390198,
      "feature_99_102_abs_mean": 0.5380688905715942
    },
    {
      "name": "KIT/9/RightTurn09_poses::offset_aug_overlay",
      "feature_84_99_abs_mean": 0.4679071605205536,
      "feature_99_102_abs_mean": 0.5048485994338989
    },
    {
      "name": "KIT/9/RightTurn10_poses::original",
      "feature_84_99_abs_mean": 0.5554315447807312,
      "feature_99_102_abs_mean": 0.5633171796798706
    },
    {
      "name": "KIT/9/RightTurn10_poses::offset_aug_overlay",
      "feature_84_99_abs_mean": 0.5091816782951355,
      "feature_99_102_abs_mean": 0.5385805368423462
    },
    {
      "name": "KIT/9/WalkInClockwiseCircle01_poses::original",
      "feature_84_99_abs_mean": 0.49648505449295044,
      "feature_99_102_abs_mean": 0.5160964131355286
    },
    {
      "name": "KIT/9/WalkInClockwiseCircle01_poses::offset_aug_overlay",
      "feature_84_99_abs_mean": 0.4704630672931671,
      "feature_99_102_abs_mean": 0.4851166903972626
    },
    {
      "name": "KIT/9/WalkInClockwiseCircle02_poses::original",
      "feature_84_99_abs_mean": 0.5691664814949036,
      "feature_99_102_abs_mean": 0.5681021213531494
    },
    {
      "name": "KIT/9/WalkInClockwiseCircle02_poses::offset_aug_overlay",
      "feature_84_99_abs_mean": 0.5329899787902832,
      "feature_99_102_abs_mean": 0.5525148510932922
    },
    {
      "name": "KIT/9/WalkInClockwiseCircle03_poses::original",
      "feature_84_99_abs_mean": 0.5647217631340027,
      "feature_99_102_abs_mean": 0.5688501596450806
    },
    {
      "name": "KIT/9/WalkInClockwiseCircle03_poses::offset_aug_overlay",
      "feature_84_99_abs_mean": 0.5348479747772217,
      "feature_99_102_abs_mean": 0.5241071581840515
    },
    {
      "name": "KIT/9/WalkInClockwiseCircle04_poses::original",
      "feature_84_99_abs_mean": 0.5689782500267029,
      "feature_99_102_abs_mean": 0.5739911794662476
    },
    {
      "name": "KIT/9/WalkInClockwiseCircle04_poses::offset_aug_overlay",
      "feature_84_99_abs_mean": 0.5337106585502625,
      "feature_99_102_abs_mean": 0.5308533310890198
    },
    {
      "name": "KIT/9/WalkInClockwiseCircle05_poses::original",
      "feature_84_99_abs_mean": 0.534572422504425,
      "feature_99_102_abs_mean": 0.5397211909294128
    },
    {
      "name": "KIT/9/WalkInClockwiseCircle05_poses::offset_aug_overlay",
      "feature_84_99_abs_mean": 0.5076186656951904,
      "feature_99_102_abs_mean": 0.523127555847168
    },
    {
      "name": "KIT/9/WalkInClockwiseCircle06_poses::original",
      "feature_84_99_abs_mean": 0.5873668193817139,
      "feature_99_102_abs_mean": 0.5594415664672852
    },
    {
      "name": "KIT/9/WalkInClockwiseCircle06_poses::offset_aug_overlay",
      "feature_84_99_abs_mean": 0.5772141814231873,
      "feature_99_102_abs_mean": 0.5337482690811157
    },
    {
      "name": "KIT/9/WalkInClockwiseCircle07_poses::original",
      "feature_84_99_abs_mean": 0.5285292863845825,
      "feature_99_102_abs_mean": 0.5111581683158875
    },
    {
      "name": "KIT/9/WalkInClockwiseCircle07_poses::offset_aug_overlay",
      "feature_84_99_abs_mean": 0.501899003982544,
      "feature_99_102_abs_mean": 0.5007687211036682
    },
    {
      "name": "KIT/9/WalkInClockwiseCircle08_poses::original",
      "feature_84_99_abs_mean": 0.5199475288391113,
      "feature_99_102_abs_mean": 0.5116785764694214
    },
    {
      "name": "KIT/9/WalkInClockwiseCircle08_poses::offset_aug_overlay",
      "feature_84_99_abs_mean": 0.4867208003997803,
      "feature_99_102_abs_mean": 0.4709107577800751
    },
    {
      "name": "KIT/9/WalkInClockwiseCircle09_poses::original",
      "feature_84_99_abs_mean": 0.6144641637802124,
      "feature_99_102_abs_mean": 0.5964921116828918
    },
    {
      "name": "KIT/9/WalkInClockwiseCircle09_poses::offset_aug_overlay",
      "feature_84_99_abs_mean": 0.5804287791252136,
      "feature_99_102_abs_mean": 0.5890663862228394
    },
    {
      "name": "KIT/9/WalkInClockwiseCircle10_poses::original",
      "feature_84_99_abs_mean": 0.5526896715164185,
      "feature_99_102_abs_mean": 0.5305295586585999
    },
    {
      "name": "KIT/9/WalkInClockwiseCircle10_poses::offset_aug_overlay",
      "feature_84_99_abs_mean": 0.5277071595191956,
      "feature_99_102_abs_mean": 0.5121296644210815
    },
    {
      "name": "KIT/9/WalkInCounterClockwiseCircle01_poses::original",
      "feature_84_99_abs_mean": 0.5147916674613953,
      "feature_99_102_abs_mean": 0.511062502861023
    },
    {
      "name": "KIT/9/WalkInCounterClockwiseCircle01_poses::offset_aug_overlay",
      "feature_84_99_abs_mean": 0.49289682507514954,
      "feature_99_102_abs_mean": 0.4813712239265442
    },
    {
      "name": "KIT/9/WalkInCounterClockwiseCircle02_poses::original",
      "feature_84_99_abs_mean": 0.5506555438041687,
      "feature_99_102_abs_mean": 0.5590399503707886
    },
    {
      "name": "KIT/9/WalkInCounterClockwiseCircle02_poses::offset_aug_overlay",
      "feature_84_99_abs_mean": 0.5179357528686523,
      "feature_99_102_abs_mean": 0.5371602773666382
    },
    {
      "name": "KIT/9/WalkInCounterClockwiseCircle03_poses::original",
      "feature_84_99_abs_mean": 0.5190034508705139,
      "feature_99_102_abs_mean": 0.512755274772644
    },
    {
      "name": "KIT/9/WalkInCounterClockwiseCircle03_poses::offset_aug_overlay",
      "feature_84_99_abs_mean": 0.5115137100219727,
      "feature_99_102_abs_mean": 0.49795645475387573
    },
    {
      "name": "KIT/9/WalkInCounterClockwiseCircle04_poses::original",
      "feature_84_99_abs_mean": 0.5442884564399719,
      "feature_99_102_abs_mean": 0.5466912388801575
    },
    {
      "name": "KIT/9/WalkInCounterClockwiseCircle04_poses::offset_aug_overlay",
      "feature_84_99_abs_mean": 0.5226559042930603,
      "feature_99_102_abs_mean": 0.5048938393592834
    },
    {
      "name": "KIT/9/WalkInCounterClockwiseCircle05_poses::original",
      "feature_84_99_abs_mean": 0.5602550506591797,
      "feature_99_102_abs_mean": 0.5603888630867004
    },
    {
      "name": "KIT/9/WalkInCounterClockwiseCircle05_poses::offset_aug_overlay",
      "feature_84_99_abs_mean": 0.5176871418952942,
      "feature_99_102_abs_mean": 0.5056408047676086
    },
    {
      "name": "KIT/9/WalkInCounterClockwiseCircle06_poses::original",
      "feature_84_99_abs_mean": 0.49720367789268494,
      "feature_99_102_abs_mean": 0.505591630935669
    },
    {
      "name": "KIT/9/WalkInCounterClockwiseCircle06_poses::offset_aug_overlay",
      "feature_84_99_abs_mean": 0.4579242169857025,
      "feature_99_102_abs_mean": 0.45510202646255493
    },
    {
      "name": "KIT/9/WalkInCounterClockwiseCircle07_poses::original",
      "feature_84_99_abs_mean": 0.5101638436317444,
      "feature_99_102_abs_mean": 0.5033705234527588
    },
    {
      "name": "KIT/9/WalkInCounterClockwiseCircle07_poses::offset_aug_overlay",
      "feature_84_99_abs_mean": 0.4733974039554596,
      "feature_99_102_abs_mean": 0.47330522537231445
    },
    {
      "name": "KIT/9/WalkInCounterClockwiseCircle08_poses::original",
      "feature_84_99_abs_mean": 0.6334896683692932,
      "feature_99_102_abs_mean": 0.5873876214027405
    },
    {
      "name": "KIT/9/WalkInCounterClockwiseCircle08_poses::offset_aug_overlay",
      "feature_84_99_abs_mean": 0.6044272780418396,
      "feature_99_102_abs_mean": 0.5354052782058716
    },
    {
      "name": "KIT/9/WalkInCounterClockwiseCircle09_poses::original",
      "feature_84_99_abs_mean": 0.4976387917995453,
      "feature_99_102_abs_mean": 0.506166934967041
    },
    {
      "name": "KIT/9/WalkInCounterClockwiseCircle09_poses::offset_aug_overlay",
      "feature_84_99_abs_mean": 0.45066940784454346,
      "feature_99_102_abs_mean": 0.488444060087204
    },
    {
      "name": "KIT/9/WalkInCounterClockwiseCircle10_poses::original",
      "feature_84_99_abs_mean": 0.49936291575431824,
      "feature_99_102_abs_mean": 0.5041180849075317
    },
    {
      "name": "KIT/9/WalkInCounterClockwiseCircle10_poses::offset_aug_overlay",
      "feature_84_99_abs_mean": 0.48630812764167786,
      "feature_99_102_abs_mean": 0.4863843619823456
    },
    {
      "name": "KIT/9/WalkingStraightBackwards01_poses::original",
      "feature_84_99_abs_mean": 0.377170592546463,
      "feature_99_102_abs_mean": 0.39942190051078796
    },
    {
      "name": "KIT/9/WalkingStraightBackwards01_poses::offset_aug_overlay",
      "feature_84_99_abs_mean": 0.3502087891101837,
      "feature_99_102_abs_mean": 0.3564560115337372
    },
    {
      "name": "KIT/9/WalkingStraightBackwards02_poses::original",
      "feature_84_99_abs_mean": 0.38540804386138916,
      "feature_99_102_abs_mean": 0.39918917417526245
    },
    {
      "name": "KIT/9/WalkingStraightBackwards02_poses::offset_aug_overlay",
      "feature_84_99_abs_mean": 0.37189608812332153,
      "feature_99_102_abs_mean": 0.3703126907348633
    },
    {
      "name": "KIT/9/WalkingStraightBackwards03_poses::original",
      "feature_84_99_abs_mean": 0.39912888407707214,
      "feature_99_102_abs_mean": 0.44089436531066895
    },
    {
      "name": "KIT/9/WalkingStraightBackwards03_poses::offset_aug_overlay",
      "feature_84_99_abs_mean": 0.39675530791282654,
      "feature_99_102_abs_mean": 0.42403116822242737
    },
    {
      "name": "KIT/9/WalkingStraightBackwards04_poses::original",
      "feature_84_99_abs_mean": 0.4453847408294678,
      "feature_99_102_abs_mean": 0.48136526346206665
    },
    {
      "name": "KIT/9/WalkingStraightBackwards04_poses::offset_aug_overlay",
      "feature_84_99_abs_mean": 0.4239259958267212,
      "feature_99_102_abs_mean": 0.43012070655822754
    },
    {
      "name": "KIT/9/WalkingStraightBackwards05_poses::original",
      "feature_84_99_abs_mean": 0.44601744413375854,
      "feature_99_102_abs_mean": 0.46262142062187195
    },
    {
      "name": "KIT/9/WalkingStraightBackwards05_poses::offset_aug_overlay",
      "feature_84_99_abs_mean": 0.43149515986442566,
      "feature_99_102_abs_mean": 0.4226546287536621
    },
    {
      "name": "KIT/9/WalkingStraightBackwards06_poses::original",
      "feature_84_99_abs_mean": 0.4344267249107361,
      "feature_99_102_abs_mean": 0.45500531792640686
    },
    {
      "name": "KIT/9/WalkingStraightBackwards06_poses::offset_aug_overlay",
      "feature_84_99_abs_mean": 0.4143863022327423,
      "feature_99_102_abs_mean": 0.4220670461654663
    },
    {
      "name": "KIT/9/WalkingStraightBackwards07_poses::original",
      "feature_84_99_abs_mean": 0.4378548562526703,
      "feature_99_102_abs_mean": 0.5114088654518127
    },
    {
      "name": "KIT/9/WalkingStraightBackwards07_poses::offset_aug_overlay",
      "feature_84_99_abs_mean": 0.4005712866783142,
      "feature_99_102_abs_mean": 0.44250035285949707
    },
    {
      "name": "KIT/9/WalkingStraightBackwards09_poses::original",
      "feature_84_99_abs_mean": 0.4555723965167999,
      "feature_99_102_abs_mean": 0.4817522466182709
    },
    {
      "name": "KIT/9/WalkingStraightBackwards09_poses::offset_aug_overlay",
      "feature_84_99_abs_mean": 0.46273931860923767,
      "feature_99_102_abs_mean": 0.4687497317790985
    },
    {
      "name": "KIT/9/WalkingStraightBackwards10_poses::original",
      "feature_84_99_abs_mean": 0.4443315267562866,
      "feature_99_102_abs_mean": 0.45345863699913025
    },
    {
      "name": "KIT/9/WalkingStraightBackwards10_poses::offset_aug_overlay",
      "feature_84_99_abs_mean": 0.43224427103996277,
      "feature_99_102_abs_mean": 0.4153430461883545
    },
    {
      "name": "KIT/9/WalkingStraightForwards01_poses::original",
      "feature_84_99_abs_mean": 0.28478580713272095,
      "feature_99_102_abs_mean": 0.3075118362903595
    },
    {
      "name": "KIT/9/WalkingStraightForwards01_poses::offset_aug_overlay",
      "feature_84_99_abs_mean": 0.23763848841190338,
      "feature_99_102_abs_mean": 0.2407020926475525
    },
    {
      "name": "KIT/9/WalkingStraightForwards02_poses::original",
      "feature_84_99_abs_mean": 0.3022676706314087,
      "feature_99_102_abs_mean": 0.32020103931427
    },
    {
      "name": "KIT/9/WalkingStraightForwards02_poses::offset_aug_overlay",
      "feature_84_99_abs_mean": 0.2778130769729614,
      "feature_99_102_abs_mean": 0.29288390278816223
    },
    {
      "name": "KIT/9/WalkingStraightForwards03_poses::original",
      "feature_84_99_abs_mean": 0.36194756627082825,
      "feature_99_102_abs_mean": 0.41316041350364685
    },
    {
      "name": "KIT/9/WalkingStraightForwards03_poses::offset_aug_overlay",
      "feature_84_99_abs_mean": 0.3144475519657135,
      "feature_99_102_abs_mean": 0.33916038274765015
    },
    {
      "name": "KIT/9/WalkingStraightForwards04_poses::original",
      "feature_84_99_abs_mean": 0.392606258392334,
      "feature_99_102_abs_mean": 0.37210142612457275
    },
    {
      "name": "KIT/9/WalkingStraightForwards04_poses::offset_aug_overlay",
      "feature_84_99_abs_mean": 0.3610922396183014,
      "feature_99_102_abs_mean": 0.3272862434387207
    },
    {
      "name": "KIT/9/WalkingStraightForwards05_poses::original",
      "feature_84_99_abs_mean": 0.5742214918136597,
      "feature_99_102_abs_mean": 0.6029486060142517
    },
    {
      "name": "KIT/9/WalkingStraightForwards05_poses::offset_aug_overlay",
      "feature_84_99_abs_mean": 0.5557610392570496,
      "feature_99_102_abs_mean": 0.5726515054702759
    },
    {
      "name": "KIT/9/WalkingStraightForwards06_poses::original",
      "feature_84_99_abs_mean": 0.7161219120025635,
      "feature_99_102_abs_mean": 0.696241557598114
    },
    {
      "name": "KIT/9/WalkingStraightForwards06_poses::offset_aug_overlay",
      "feature_84_99_abs_mean": 0.7086237072944641,
      "feature_99_102_abs_mean": 0.6450855135917664
    },
    {
      "name": "KIT/9/WalkingStraightForwards07_poses::original",
      "feature_84_99_abs_mean": 0.5837924480438232,
      "feature_99_102_abs_mean": 0.5324198603630066
    },
    {
      "name": "KIT/9/WalkingStraightForwards07_poses::offset_aug_overlay",
      "feature_84_99_abs_mean": 0.54799485206604,
      "feature_99_102_abs_mean": 0.5227505564689636
    },
    {
      "name": "KIT/9/WalkingStraightForwards08_poses::original",
      "feature_84_99_abs_mean": 0.5574064254760742,
      "feature_99_102_abs_mean": 0.4914546310901642
    },
    {
      "name": "KIT/9/WalkingStraightForwards08_poses::offset_aug_overlay",
      "feature_84_99_abs_mean": 0.5220832824707031,
      "feature_99_102_abs_mean": 0.452566921710968
    },
    {
      "name": "KIT/9/WalkingStraightForwards09_poses::original",
      "feature_84_99_abs_mean": 0.5212812423706055,
      "feature_99_102_abs_mean": 0.5144158601760864
    },
    {
      "name": "KIT/9/WalkingStraightForwards09_poses::offset_aug_overlay",
      "feature_84_99_abs_mean": 0.47629106044769287,
      "feature_99_102_abs_mean": 0.44736331701278687
    },
    {
      "name": "KIT/9/WalkingStraightForwards10_poses::original",
      "feature_84_99_abs_mean": 0.5363181233406067,
      "feature_99_102_abs_mean": 0.5035242438316345
    },
    {
      "name": "KIT/9/WalkingStraightForwards10_poses::offset_aug_overlay",
      "feature_84_99_abs_mean": 0.5027512907981873,
      "feature_99_102_abs_mean": 0.49624404311180115
    },
    {
      "name": "KIT/9/bend_left01_poses::original",
      "feature_84_99_abs_mean": 0.435219943523407,
      "feature_99_102_abs_mean": 0.476815789937973
    },
    {
      "name": "KIT/9/bend_left01_poses::offset_aug_overlay",
      "feature_84_99_abs_mean": 0.4053417444229126,
      "feature_99_102_abs_mean": 0.4587501585483551
    },
    {
      "name": "KIT/9/bend_left02_poses::original",
      "feature_84_99_abs_mean": 0.5272619724273682,
      "feature_99_102_abs_mean": 0.546546995639801
    },
    {
      "name": "KIT/9/bend_left02_poses::offset_aug_overlay",
      "feature_84_99_abs_mean": 0.5022433996200562,
      "feature_99_102_abs_mean": 0.5131117105484009
    },
    {
      "name": "KIT/9/bend_left03_poses::original",
      "feature_84_99_abs_mean": 0.41641950607299805,
      "feature_99_102_abs_mean": 0.4488796889781952
    },
    {
      "name": "KIT/9/bend_left03_poses::offset_aug_overlay",
      "feature_84_99_abs_mean": 0.3850470185279846,
      "feature_99_102_abs_mean": 0.41083014011383057
    },
    {
      "name": "KIT/9/bend_left04_poses::original",
      "feature_84_99_abs_mean": 0.4865899085998535,
      "feature_99_102_abs_mean": 0.5256248712539673
    },
    {
      "name": "KIT/9/bend_left04_poses::offset_aug_overlay",
      "feature_84_99_abs_mean": 0.4459991157054901,
      "feature_99_102_abs_mean": 0.48547086119651794
    },
    {
      "name": "KIT/9/bend_left05_poses::original",
      "feature_84_99_abs_mean": 0.4855720102787018,
      "feature_99_102_abs_mean": 0.5243827104568481
    },
    {
      "name": "KIT/9/bend_left05_poses::offset_aug_overlay",
      "feature_84_99_abs_mean": 0.44824087619781494,
      "feature_99_102_abs_mean": 0.4700365960597992
    },
    {
      "name": "KIT/9/bend_left06_poses::original",
      "feature_84_99_abs_mean": 0.45114922523498535,
      "feature_99_102_abs_mean": 0.46703651547431946
    },
    {
      "name": "KIT/9/bend_left06_poses::offset_aug_overlay",
      "feature_84_99_abs_mean": 0.42059585452079773,
      "feature_99_102_abs_mean": 0.43929529190063477
    },
    {
      "name": "KIT/9/bend_left07_poses::original",
      "feature_84_99_abs_mean": 0.44644278287887573,
      "feature_99_102_abs_mean": 0.4865003228187561
    },
    {
      "name": "KIT/9/bend_left07_poses::offset_aug_overlay",
      "feature_84_99_abs_mean": 0.4206138551235199,
      "feature_99_102_abs_mean": 0.4314899146556854
    },
    {
      "name": "KIT/9/bend_left08_poses::original",
      "feature_84_99_abs_mean": 0.48047277331352234,
      "feature_99_102_abs_mean": 0.502210259437561
    },
    {
      "name": "KIT/9/bend_left08_poses::offset_aug_overlay",
      "feature_84_99_abs_mean": 0.4369144141674042,
      "feature_99_102_abs_mean": 0.47390979528427124
    },
    {
      "name": "KIT/9/bend_left09_poses::original",
      "feature_84_99_abs_mean": 0.5015468597412109,
      "feature_99_102_abs_mean": 0.5475346446037292
    },
    {
      "name": "KIT/9/bend_left09_poses::offset_aug_overlay",
      "feature_84_99_abs_mean": 0.4737340211868286,
      "feature_99_102_abs_mean": 0.5185980796813965
    },
    {
      "name": "KIT/9/bend_left10_poses::original",
      "feature_84_99_abs_mean": 0.443149209022522,
      "feature_99_102_abs_mean": 0.5049658417701721
    },
    {
      "name": "KIT/9/bend_left10_poses::offset_aug_overlay",
      "feature_84_99_abs_mean": 0.414928138256073,
      "feature_99_102_abs_mean": 0.43230730295181274
    },
    {
      "name": "KIT/9/bend_right01_poses::original",
      "feature_84_99_abs_mean": 0.47664204239845276,
      "feature_99_102_abs_mean": 0.5274307727813721
    },
    {
      "name": "KIT/9/bend_right01_poses::offset_aug_overlay",
      "feature_84_99_abs_mean": 0.44486087560653687,
      "feature_99_102_abs_mean": 0.533560574054718
    },
    {
      "name": "KIT/9/bend_right02_poses::original",
      "feature_84_99_abs_mean": 0.5198690891265869,
      "feature_99_102_abs_mean": 0.5286099910736084
    },
    {
      "name": "KIT/9/bend_right02_poses::offset_aug_overlay",
      "feature_84_99_abs_mean": 0.47660017013549805,
      "feature_99_102_abs_mean": 0.47655490040779114
    },
    {
      "name": "KIT/9/bend_right03_poses::original",
      "feature_84_99_abs_mean": 0.5433441400527954,
      "feature_99_102_abs_mean": 0.5852697491645813
    },
    {
      "name": "KIT/9/bend_right03_poses::offset_aug_overlay",
      "feature_84_99_abs_mean": 0.5170771479606628,
      "feature_99_102_abs_mean": 0.5069001317024231
    },
    {
      "name": "KIT/9/bend_right04_poses::original",
      "feature_84_99_abs_mean": 0.5471674799919128,
      "feature_99_102_abs_mean": 0.5775848031044006
    },
    {
      "name": "KIT/9/bend_right04_poses::offset_aug_overlay",
      "feature_84_99_abs_mean": 0.5270940065383911,
      "feature_99_102_abs_mean": 0.5418844819068909
    },
    {
      "name": "KIT/9/bend_right05_poses::original",
      "feature_84_99_abs_mean": 0.48726823925971985,
      "feature_99_102_abs_mean": 0.5129074454307556
    },
    {
      "name": "KIT/9/bend_right05_poses::offset_aug_overlay",
      "feature_84_99_abs_mean": 0.46293574571609497,
      "feature_99_102_abs_mean": 0.471498966217041
    },
    {
      "name": "KIT/9/bend_right06_poses::original",
      "feature_84_99_abs_mean": 0.4858124852180481,
      "feature_99_102_abs_mean": 0.5385005474090576
    },
    {
      "name": "KIT/9/bend_right06_poses::offset_aug_overlay",
      "feature_84_99_abs_mean": 0.43412983417510986,
      "feature_99_102_abs_mean": 0.465616375207901
    },
    {
      "name": "KIT/9/bend_right07_poses::original",
      "feature_84_99_abs_mean": 0.4917552173137665,
      "feature_99_102_abs_mean": 0.5135987997055054
    },
    {
      "name": "KIT/9/bend_right07_poses::offset_aug_overlay",
      "feature_84_99_abs_mean": 0.4550943970680237,
      "feature_99_102_abs_mean": 0.45894575119018555
    },
    {
      "name": "KIT/9/bend_right08_poses::original",
      "feature_84_99_abs_mean": 0.49932754039764404,
      "feature_99_102_abs_mean": 0.49688291549682617
    },
    {
      "name": "KIT/9/bend_right08_poses::offset_aug_overlay",
      "feature_84_99_abs_mean": 0.4799130856990814,
      "feature_99_102_abs_mean": 0.464962899684906
    },
    {
      "name": "KIT/9/bend_right09_poses::original",
      "feature_84_99_abs_mean": 0.5088395476341248,
      "feature_99_102_abs_mean": 0.48692455887794495
    },
    {
      "name": "KIT/9/bend_right09_poses::offset_aug_overlay",
      "feature_84_99_abs_mean": 0.481956422328949,
      "feature_99_102_abs_mean": 0.4672316908836365
    },
    {
      "name": "KIT/9/bend_right10_poses::original",
      "feature_84_99_abs_mean": 0.4735689163208008,
      "feature_99_102_abs_mean": 0.5216220021247864
    },
    {
      "name": "KIT/9/bend_right10_poses::offset_aug_overlay",
      "feature_84_99_abs_mean": 0.43132269382476807,
      "feature_99_102_abs_mean": 0.47546419501304626
    },
    {
      "name": "KIT/9/run01_poses::original",
      "feature_84_99_abs_mean": 4.524467468261719,
      "feature_99_102_abs_mean": 4.539867401123047
    },
    {
      "name": "KIT/9/run01_poses::offset_aug_overlay",
      "feature_84_99_abs_mean": 4.485805034637451,
      "feature_99_102_abs_mean": 4.511031627655029
    },
    {
      "name": "KIT/9/run02_poses::original",
      "feature_84_99_abs_mean": 4.6024298667907715,
      "feature_99_102_abs_mean": 4.369275093078613
    },
    {
      "name": "KIT/9/run02_poses::offset_aug_overlay",
      "feature_84_99_abs_mean": 4.513813018798828,
      "feature_99_102_abs_mean": 4.4713029861450195
    },
    {
      "name": "BMLmovi/Subject_74_F_MoSh/Subject_74_F_4_poses::original",
      "feature_84_99_abs_mean": 0.3847167193889618,
      "feature_99_102_abs_mean": 0.1573188304901123
    },
    {
      "name": "BMLmovi/Subject_74_F_MoSh/Subject_74_F_4_poses::offset_aug_overlay",
      "feature_84_99_abs_mean": 0.34443897008895874,
      "feature_99_102_abs_mean": 0.09034112095832825
    },
    {
      "name": "BMLmovi/Subject_74_F_MoSh/Subject_74_F_5_poses::original",
      "feature_84_99_abs_mean": 0.6948390603065491,
      "feature_99_102_abs_mean": 0.5584994554519653
    },
    {
      "name": "BMLmovi/Subject_74_F_MoSh/Subject_74_F_5_poses::offset_aug_overlay",
      "feature_84_99_abs_mean": 0.6903406977653503,
      "feature_99_102_abs_mean": 0.5245227813720703
    },
    {
      "name": "BMLmovi/Subject_74_F_MoSh/Subject_74_F_6_poses::original",
      "feature_84_99_abs_mean": 3.47591495513916,
      "feature_99_102_abs_mean": 2.6045455932617188
    },
    {
      "name": "BMLmovi/Subject_74_F_MoSh/Subject_74_F_6_poses::offset_aug_overlay",
      "feature_84_99_abs_mean": 3.4632303714752197,
      "feature_99_102_abs_mean": 2.858931541442871
    },
    {
      "name": "BMLmovi/Subject_74_F_MoSh/Subject_74_F_7_poses::original",
      "feature_84_99_abs_mean": 0.5562871694564819,
      "feature_99_102_abs_mean": 0.4985811114311218
    },
    {
      "name": "BMLmovi/Subject_74_F_MoSh/Subject_74_F_7_poses::offset_aug_overlay",
      "feature_84_99_abs_mean": 0.550004780292511,
      "feature_99_102_abs_mean": 0.5053101181983948
    },
    {
      "name": "BMLmovi/Subject_74_F_MoSh/Subject_74_F_8_poses::original",
      "feature_84_99_abs_mean": 0.48475542664527893,
      "feature_99_102_abs_mean": 0.4183652698993683
    },
    {
      "name": "BMLmovi/Subject_74_F_MoSh/Subject_74_F_8_poses::offset_aug_overlay",
      "feature_84_99_abs_mean": 0.4835739731788635,
      "feature_99_102_abs_mean": 0.4228734076023102
    },
    {
      "name": "BMLmovi/Subject_74_F_MoSh/Subject_74_F_9_poses::original",
      "feature_84_99_abs_mean": 1.517687201499939,
      "feature_99_102_abs_mean": 2.0546975135803223
    },
    {
      "name": "BMLmovi/Subject_74_F_MoSh/Subject_74_F_9_poses::offset_aug_overlay",
      "feature_84_99_abs_mean": 1.524644136428833,
      "feature_99_102_abs_mean": 2.0758306980133057
    },
    {
      "name": "BMLmovi/Subject_75_F_MoSh/Subject_75_F_10_poses::original",
      "feature_84_99_abs_mean": 0.37826237082481384,
      "feature_99_102_abs_mean": 0.21758602559566498
    },
    {
      "name": "BMLmovi/Subject_75_F_MoSh/Subject_75_F_10_poses::offset_aug_overlay",
      "feature_84_99_abs_mean": 0.3492765724658966,
      "feature_99_102_abs_mean": 0.12040601670742035
    },
    {
      "name": "BMLmovi/Subject_75_F_MoSh/Subject_75_F_11_poses::original",
      "feature_84_99_abs_mean": 0.4663539528846741,
      "feature_99_102_abs_mean": 0.18891872465610504
    },
    {
      "name": "BMLmovi/Subject_75_F_MoSh/Subject_75_F_11_poses::offset_aug_overlay",
      "feature_84_99_abs_mean": 0.4277440905570984,
      "feature_99_102_abs_mean": 0.1030147597193718
    },
    {
      "name": "BMLmovi/Subject_75_F_MoSh/Subject_75_F_12_poses::original",
      "feature_84_99_abs_mean": 1.0764966011047363,
      "feature_99_102_abs_mean": 0.9228775501251221
    },
    {
      "name": "BMLmovi/Subject_75_F_MoSh/Subject_75_F_12_poses::offset_aug_overlay",
      "feature_84_99_abs_mean": 1.0820196866989136,
      "feature_99_102_abs_mean": 0.9179913997650146
    },
    {
      "name": "BMLmovi/Subject_75_F_MoSh/Subject_75_F_13_poses::original",
      "feature_84_99_abs_mean": 2.0846128463745117,
      "feature_99_102_abs_mean": 2.1919100284576416
    },
    {
      "name": "BMLmovi/Subject_75_F_MoSh/Subject_75_F_13_poses::offset_aug_overlay",
      "feature_84_99_abs_mean": 2.058563709259033,
      "feature_99_102_abs_mean": 2.2823081016540527
    },
    {
      "name": "BMLmovi/Subject_75_F_MoSh/Subject_75_F_14_poses::original",
      "feature_84_99_abs_mean": 1.434326171875,
      "feature_99_102_abs_mean": 0.7922092080116272
    },
    {
      "name": "BMLmovi/Subject_75_F_MoSh/Subject_75_F_14_poses::offset_aug_overlay",
      "feature_84_99_abs_mean": 1.3871876001358032,
      "feature_99_102_abs_mean": 0.8115800619125366
    },
    {
      "name": "BMLmovi/Subject_75_F_MoSh/Subject_75_F_15_poses::original",
      "feature_84_99_abs_mean": 2.0573461055755615,
      "feature_99_102_abs_mean": 2.851261854171753
    },
    {
      "name": "BMLmovi/Subject_75_F_MoSh/Subject_75_F_15_poses::offset_aug_overlay",
      "feature_84_99_abs_mean": 2.0267844200134277,
      "feature_99_102_abs_mean": 2.971726894378662
    },
    {
      "name": "BMLmovi/Subject_75_F_MoSh/Subject_75_F_16_poses::original",
      "feature_84_99_abs_mean": 0.7327293753623962,
      "feature_99_102_abs_mean": 0.27202504873275757
    },
    {
      "name": "BMLmovi/Subject_75_F_MoSh/Subject_75_F_16_poses::offset_aug_overlay",
      "feature_84_99_abs_mean": 0.7459037899971008,
      "feature_99_102_abs_mean": 0.20313449203968048
    },
    {
      "name": "BMLmovi/Subject_75_F_MoSh/Subject_75_F_17_poses::original",
      "feature_84_99_abs_mean": 1.3423088788986206,
      "feature_99_102_abs_mean": 0.45382067561149597
    },
    {
      "name": "BMLmovi/Subject_75_F_MoSh/Subject_75_F_17_poses::offset_aug_overlay",
      "feature_84_99_abs_mean": 1.3467882871627808,
      "feature_99_102_abs_mean": 0.46577754616737366
    },
    {
      "name": "BMLmovi/Subject_75_F_MoSh/Subject_75_F_18_poses::original",
      "feature_84_99_abs_mean": 0.466284841299057,
      "feature_99_102_abs_mean": 0.21044649183750153
    },
    {
      "name": "BMLmovi/Subject_75_F_MoSh/Subject_75_F_18_poses::offset_aug_overlay",
      "feature_84_99_abs_mean": 0.45010629296302795,
      "feature_99_102_abs_mean": 0.12952286005020142
    },
    {
      "name": "BMLmovi/Subject_75_F_MoSh/Subject_75_F_19_poses::original",
      "feature_84_99_abs_mean": 0.5123630166053772,
      "feature_99_102_abs_mean": 0.1870851367712021
    },
    {
      "name": "BMLmovi/Subject_75_F_MoSh/Subject_75_F_19_poses::offset_aug_overlay",
      "feature_84_99_abs_mean": 0.4330682158470154,
      "feature_99_102_abs_mean": 0.09683038294315338
    },
    {
      "name": "BMLmovi/Subject_75_F_MoSh/Subject_75_F_1_poses::original",
      "feature_84_99_abs_mean": 1.8772557973861694,
      "feature_99_102_abs_mean": 1.9549720287322998
    },
    {
      "name": "BMLmovi/Subject_75_F_MoSh/Subject_75_F_1_poses::offset_aug_overlay",
      "feature_84_99_abs_mean": 1.8461432456970215,
      "feature_99_102_abs_mean": 1.903456211090088
    },
    {
      "name": "BMLmovi/Subject_75_F_MoSh/Subject_75_F_20_poses::original",
      "feature_84_99_abs_mean": 2.192246913909912,
      "feature_99_102_abs_mean": 2.4668655395507812
    },
    {
      "name": "BMLmovi/Subject_75_F_MoSh/Subject_75_F_20_poses::offset_aug_overlay",
      "feature_84_99_abs_mean": 2.1974847316741943,
      "feature_99_102_abs_mean": 2.508988618850708
    },
    {
      "name": "BMLmovi/Subject_75_F_MoSh/Subject_75_F_21_poses::original",
      "feature_84_99_abs_mean": 0.24056419730186462,
      "feature_99_102_abs_mean": 0.16796055436134338
    },
    {
      "name": "BMLmovi/Subject_75_F_MoSh/Subject_75_F_21_poses::offset_aug_overlay",
      "feature_84_99_abs_mean": 0.2118263840675354,
      "feature_99_102_abs_mean": 0.08579424768686295
    },
    {
      "name": "BMLmovi/Subject_75_F_MoSh/Subject_75_F_2_poses::original",
      "feature_84_99_abs_mean": 0.3794268071651459,
      "feature_99_102_abs_mean": 0.25978660583496094
    },
    {
      "name": "BMLmovi/Subject_75_F_MoSh/Subject_75_F_2_poses::offset_aug_overlay",
      "feature_84_99_abs_mean": 0.36681902408599854,
      "feature_99_102_abs_mean": 0.2364041656255722
    },
    {
      "name": "BMLmovi/Subject_75_F_MoSh/Subject_75_F_3_poses::original",
      "feature_84_99_abs_mean": 1.9025988578796387,
      "feature_99_102_abs_mean": 1.4704679250717163
    },
    {
      "name": "BMLmovi/Subject_75_F_MoSh/Subject_75_F_3_poses::offset_aug_overlay",
      "feature_84_99_abs_mean": 1.9331395626068115,
      "feature_99_102_abs_mean": 1.425679087638855
    },
    {
      "name": "BMLmovi/Subject_75_F_MoSh/Subject_75_F_4_poses::original",
      "feature_84_99_abs_mean": 0.5539831519126892,
      "feature_99_102_abs_mean": 0.5278153419494629
    },
    {
      "name": "BMLmovi/Subject_75_F_MoSh/Subject_75_F_4_poses::offset_aug_overlay",
      "feature_84_99_abs_mean": 0.551983654499054,
      "feature_99_102_abs_mean": 0.48537328839302063
    },
    {
      "name": "BMLmovi/Subject_75_F_MoSh/Subject_75_F_5_poses::original",
      "feature_84_99_abs_mean": 0.7797121405601501,
      "feature_99_102_abs_mean": 0.6775738000869751
    },
    {
      "name": "BMLmovi/Subject_75_F_MoSh/Subject_75_F_5_poses::offset_aug_overlay",
      "feature_84_99_abs_mean": 0.7562834620475769,
      "feature_99_102_abs_mean": 0.6434478759765625
    },
    {
      "name": "BMLmovi/Subject_75_F_MoSh/Subject_75_F_6_poses::original",
      "feature_84_99_abs_mean": 0.6122322678565979,
      "feature_99_102_abs_mean": 0.27885010838508606
    },
    {
      "name": "BMLmovi/Subject_75_F_MoSh/Subject_75_F_6_poses::offset_aug_overlay",
      "feature_84_99_abs_mean": 0.5975663661956787,
      "feature_99_102_abs_mean": 0.23183408379554749
    },
    {
      "name": "BMLmovi/Subject_75_F_MoSh/Subject_75_F_7_poses::original",
      "feature_84_99_abs_mean": 0.8916863203048706,
      "feature_99_102_abs_mean": 0.8057886362075806
    },
    {
      "name": "BMLmovi/Subject_75_F_MoSh/Subject_75_F_7_poses::offset_aug_overlay",
      "feature_84_99_abs_mean": 0.8674233555793762,
      "feature_99_102_abs_mean": 0.7655971050262451
    },
    {
      "name": "BMLmovi/Subject_75_F_MoSh/Subject_75_F_8_poses::original",
      "feature_84_99_abs_mean": 0.4980502724647522,
      "feature_99_102_abs_mean": 0.4776298403739929
    },
    {
      "name": "BMLmovi/Subject_75_F_MoSh/Subject_75_F_8_poses::offset_aug_overlay",
      "feature_84_99_abs_mean": 0.46906617283821106,
      "feature_99_102_abs_mean": 0.44661375880241394
    },
    {
      "name": "BMLmovi/Subject_75_F_MoSh/Subject_75_F_9_poses::original",
      "feature_84_99_abs_mean": 1.3748286962509155,
      "feature_99_102_abs_mean": 2.0637385845184326
    },
    {
      "name": "BMLmovi/Subject_75_F_MoSh/Subject_75_F_9_poses::offset_aug_overlay",
      "feature_84_99_abs_mean": 1.3568943738937378,
      "feature_99_102_abs_mean": 2.066342830657959
    },
    {
      "name": "BMLmovi/Subject_76_F_MoSh/Subject_76_F_10_poses::original",
      "feature_84_99_abs_mean": 0.3521411716938019,
      "feature_99_102_abs_mean": 0.2556304633617401
    },
    {
      "name": "BMLmovi/Subject_76_F_MoSh/Subject_76_F_10_poses::offset_aug_overlay",
      "feature_84_99_abs_mean": 0.31996360421180725,
      "feature_99_102_abs_mean": 0.19936466217041016
    },
    {
      "name": "BMLmovi/Subject_76_F_MoSh/Subject_76_F_11_poses::original",
      "feature_84_99_abs_mean": 0.22013990581035614,
      "feature_99_102_abs_mean": 0.15927167236804962
    },
    {
      "name": "BMLmovi/Subject_76_F_MoSh/Subject_76_F_11_poses::offset_aug_overlay",
      "feature_84_99_abs_mean": 0.1910015493631363,
      "feature_99_102_abs_mean": 0.04735412448644638
    },
    {
      "name": "BMLmovi/Subject_76_F_MoSh/Subject_76_F_12_poses::original",
      "feature_84_99_abs_mean": 1.730962872505188,
      "feature_99_102_abs_mean": 1.6690372228622437
    },
    {
      "name": "BMLmovi/Subject_76_F_MoSh/Subject_76_F_12_poses::offset_aug_overlay",
      "feature_84_99_abs_mean": 1.7636358737945557,
      "feature_99_102_abs_mean": 1.8243331909179688
    },
    {
      "name": "BMLmovi/Subject_76_F_MoSh/Subject_76_F_13_poses::original",
      "feature_84_99_abs_mean": 0.6460891962051392,
      "feature_99_102_abs_mean": 0.41604334115982056
    },
    {
      "name": "BMLmovi/Subject_76_F_MoSh/Subject_76_F_13_poses::offset_aug_overlay",
      "feature_84_99_abs_mean": 0.6319217681884766,
      "feature_99_102_abs_mean": 0.44466379284858704
    },
    {
      "name": "BMLmovi/Subject_76_F_MoSh/Subject_76_F_14_poses::original",
      "feature_84_99_abs_mean": 0.7549164891242981,
      "feature_99_102_abs_mean": 0.6950156688690186
    },
    {
      "name": "BMLmovi/Subject_76_F_MoSh/Subject_76_F_14_poses::offset_aug_overlay",
      "feature_84_99_abs_mean": 0.7202947735786438,
      "feature_99_102_abs_mean": 0.6515558362007141
    },
    {
      "name": "BMLmovi/Subject_76_F_MoSh/Subject_76_F_15_poses::original",
      "feature_84_99_abs_mean": 0.25932350754737854,
      "feature_99_102_abs_mean": 0.1465482860803604
    },
    {
      "name": "BMLmovi/Subject_76_F_MoSh/Subject_76_F_15_poses::offset_aug_overlay",
      "feature_84_99_abs_mean": 0.24790328741073608,
      "feature_99_102_abs_mean": 0.0672169178724289
    },
    {
      "name": "BMLmovi/Subject_76_F_MoSh/Subject_76_F_16_poses::original",
      "feature_84_99_abs_mean": 0.22149568796157837,
      "feature_99_102_abs_mean": 0.14876797795295715
    },
    {
      "name": "BMLmovi/Subject_76_F_MoSh/Subject_76_F_16_poses::offset_aug_overlay",
      "feature_84_99_abs_mean": 0.19233228266239166,
      "feature_99_102_abs_mean": 0.07190150767564774
    },
    {
      "name": "BMLmovi/Subject_76_F_MoSh/Subject_76_F_17_poses::original",
      "feature_84_99_abs_mean": 0.38171663880348206,
      "feature_99_102_abs_mean": 0.17026807367801666
    },
    {
      "name": "BMLmovi/Subject_76_F_MoSh/Subject_76_F_17_poses::offset_aug_overlay",
      "feature_84_99_abs_mean": 0.3259386420249939,
      "feature_99_102_abs_mean": 0.08004118502140045
    },
    {
      "name": "BMLmovi/Subject_76_F_MoSh/Subject_76_F_18_poses::original",
      "feature_84_99_abs_mean": 1.797828197479248,
      "feature_99_102_abs_mean": 1.438085675239563
    },
    {
      "name": "BMLmovi/Subject_76_F_MoSh/Subject_76_F_18_poses::offset_aug_overlay",
      "feature_84_99_abs_mean": 1.7068756818771362,
      "feature_99_102_abs_mean": 1.3983598947525024
    },
    {
      "name": "BMLmovi/Subject_76_F_MoSh/Subject_76_F_19_poses::original",
      "feature_84_99_abs_mean": 0.3763379454612732,
      "feature_99_102_abs_mean": 0.17631880939006805
    },
    {
      "name": "BMLmovi/Subject_76_F_MoSh/Subject_76_F_19_poses::offset_aug_overlay",
      "feature_84_99_abs_mean": 0.3307851254940033,
      "feature_99_102_abs_mean": 0.08381949365139008
    },
    {
      "name": "BMLmovi/Subject_76_F_MoSh/Subject_76_F_1_poses::original",
      "feature_84_99_abs_mean": 0.9298726320266724,
      "feature_99_102_abs_mean": 1.9426243305206299
    },
    {
      "name": "BMLmovi/Subject_76_F_MoSh/Subject_76_F_1_poses::offset_aug_overlay",
      "feature_84_99_abs_mean": 0.8899593949317932,
      "feature_99_102_abs_mean": 2.012308120727539
    },
    {
      "name": "BMLmovi/Subject_76_F_MoSh/Subject_76_F_20_poses::original",
      "feature_84_99_abs_mean": 0.7485783696174622,
      "feature_99_102_abs_mean": 0.6528561115264893
    },
    {
      "name": "BMLmovi/Subject_76_F_MoSh/Subject_76_F_20_poses::offset_aug_overlay",
      "feature_84_99_abs_mean": 0.7237884998321533,
      "feature_99_102_abs_mean": 0.6232935190200806
    },
    {
      "name": "BMLmovi/Subject_76_F_MoSh/Subject_76_F_21_poses::original",
      "feature_84_99_abs_mean": 0.5171297788619995,
      "feature_99_102_abs_mean": 0.4237217605113983
    },
    {
      "name": "BMLmovi/Subject_76_F_MoSh/Subject_76_F_21_poses::offset_aug_overlay",
      "feature_84_99_abs_mean": 0.48492541909217834,
      "feature_99_102_abs_mean": 0.3891347050666809
    },
    {
      "name": "BMLmovi/Subject_76_F_MoSh/Subject_76_F_2_poses::original",
      "feature_84_99_abs_mean": 0.9260563850402832,
      "feature_99_102_abs_mean": 0.7266188859939575
    },
    {
      "name": "BMLmovi/Subject_76_F_MoSh/Subject_76_F_2_poses::offset_aug_overlay",
      "feature_84_99_abs_mean": 0.9044449925422668,
      "feature_99_102_abs_mean": 0.7230810523033142
    },
    {
      "name": "BMLmovi/Subject_76_F_MoSh/Subject_76_F_3_poses::original",
      "feature_84_99_abs_mean": 0.45558029413223267,
      "feature_99_102_abs_mean": 0.21639731526374817
    },
    {
      "name": "BMLmovi/Subject_76_F_MoSh/Subject_76_F_3_poses::offset_aug_overlay",
      "feature_84_99_abs_mean": 0.43704140186309814,
      "feature_99_102_abs_mean": 0.15703578293323517
    },
    {
      "name": "BMLmovi/Subject_76_F_MoSh/Subject_76_F_4_poses::original",
      "feature_84_99_abs_mean": 0.5492684245109558,
      "feature_99_102_abs_mean": 0.7395954728126526
    },
    {
      "name": "BMLmovi/Subject_76_F_MoSh/Subject_76_F_4_poses::offset_aug_overlay",
      "feature_84_99_abs_mean": 0.5421156883239746,
      "feature_99_102_abs_mean": 0.7271330952644348
    },
    {
      "name": "BMLmovi/Subject_76_F_MoSh/Subject_76_F_5_poses::original",
      "feature_84_99_abs_mean": 1.7623733282089233,
      "feature_99_102_abs_mean": 2.391822576522827
    },
    {
      "name": "BMLmovi/Subject_76_F_MoSh/Subject_76_F_5_poses::offset_aug_overlay",
      "feature_84_99_abs_mean": 1.7571725845336914,
      "feature_99_102_abs_mean": 2.446199417114258
    },
    {
      "name": "BMLmovi/Subject_76_F_MoSh/Subject_76_F_6_poses::original",
      "feature_84_99_abs_mean": 0.26731249690055847,
      "feature_99_102_abs_mean": 0.17377980053424835
    },
    {
      "name": "BMLmovi/Subject_76_F_MoSh/Subject_76_F_6_poses::offset_aug_overlay",
      "feature_84_99_abs_mean": 0.22332863509655,
      "feature_99_102_abs_mean": 0.07117179781198502
    },
    {
      "name": "BMLmovi/Subject_76_F_MoSh/Subject_76_F_7_poses::original",
      "feature_84_99_abs_mean": 0.3408701419830322,
      "feature_99_102_abs_mean": 0.14706522226333618
    },
    {
      "name": "BMLmovi/Subject_76_F_MoSh/Subject_76_F_7_poses::offset_aug_overlay",
      "feature_84_99_abs_mean": 0.3132668435573578,
      "feature_99_102_abs_mean": 0.057282377034425735
    },
    {
      "name": "BMLmovi/Subject_76_F_MoSh/Subject_76_F_8_poses::original",
      "feature_84_99_abs_mean": 0.5093324780464172,
      "feature_99_102_abs_mean": 0.5183123350143433
    },
    {
      "name": "BMLmovi/Subject_76_F_MoSh/Subject_76_F_8_poses::offset_aug_overlay",
      "feature_84_99_abs_mean": 0.46515846252441406,
      "feature_99_102_abs_mean": 0.4429832994937897
    },
    {
      "name": "BMLmovi/Subject_76_F_MoSh/Subject_76_F_9_poses::original",
      "feature_84_99_abs_mean": 0.3406916558742523,
      "feature_99_102_abs_mean": 0.1417594850063324
    },
    {
      "name": "BMLmovi/Subject_76_F_MoSh/Subject_76_F_9_poses::offset_aug_overlay",
      "feature_84_99_abs_mean": 0.3056132197380066,
      "feature_99_102_abs_mean": 0.0450562946498394
    },
    {
      "name": "BMLmovi/Subject_77_F_MoSh/Subject_77_F_10_poses::original",
      "feature_84_99_abs_mean": 0.21101130545139313,
      "feature_99_102_abs_mean": 0.17277003824710846
    },
    {
      "name": "BMLmovi/Subject_77_F_MoSh/Subject_77_F_10_poses::offset_aug_overlay",
      "feature_84_99_abs_mean": 0.18921899795532227,
      "feature_99_102_abs_mean": 0.08225690573453903
    },
    {
      "name": "BMLmovi/Subject_77_F_MoSh/Subject_77_F_11_poses::original",
      "feature_84_99_abs_mean": 0.9035046696662903,
      "feature_99_102_abs_mean": 1.3634099960327148
    },
    {
      "name": "BMLmovi/Subject_77_F_MoSh/Subject_77_F_11_poses::offset_aug_overlay",
      "feature_84_99_abs_mean": 0.9012299180030823,
      "feature_99_102_abs_mean": 1.3630036115646362
    },
    {
      "name": "BMLmovi/Subject_77_F_MoSh/Subject_77_F_12_poses::original",
      "feature_84_99_abs_mean": 0.24189257621765137,
      "feature_99_102_abs_mean": 0.1691306233406067
    },
    {
      "name": "BMLmovi/Subject_77_F_MoSh/Subject_77_F_12_poses::offset_aug_overlay",
      "feature_84_99_abs_mean": 0.22213126718997955,
      "feature_99_102_abs_mean": 0.07295787334442139
    },
    {
      "name": "BMLmovi/Subject_77_F_MoSh/Subject_77_F_13_poses::original",
      "feature_84_99_abs_mean": 1.0227941274642944,
      "feature_99_102_abs_mean": 0.8025612831115723
    },
    {
      "name": "BMLmovi/Subject_77_F_MoSh/Subject_77_F_13_poses::offset_aug_overlay",
      "feature_84_99_abs_mean": 1.0072044134140015,
      "feature_99_102_abs_mean": 0.7702803015708923
    },
    {
      "name": "BMLmovi/Subject_77_F_MoSh/Subject_77_F_14_poses::original",
      "feature_84_99_abs_mean": 0.23230776190757751,
      "feature_99_102_abs_mean": 0.1402789056301117
    },
    {
      "name": "BMLmovi/Subject_77_F_MoSh/Subject_77_F_14_poses::offset_aug_overlay",
      "feature_84_99_abs_mean": 0.193093404173851,
      "feature_99_102_abs_mean": 0.07037913054227829
    },
    {
      "name": "BMLmovi/Subject_77_F_MoSh/Subject_77_F_15_poses::original",
      "feature_84_99_abs_mean": 1.362129807472229,
      "feature_99_102_abs_mean": 1.4100669622421265
    },
    {
      "name": "BMLmovi/Subject_77_F_MoSh/Subject_77_F_15_poses::offset_aug_overlay",
      "feature_84_99_abs_mean": 1.3725064992904663,
      "feature_99_102_abs_mean": 1.4564656019210815
    },
    {
      "name": "BMLmovi/Subject_77_F_MoSh/Subject_77_F_16_poses::original",
      "feature_84_99_abs_mean": 0.442077100276947,
      "feature_99_102_abs_mean": 0.2111634612083435
    },
    {
      "name": "BMLmovi/Subject_77_F_MoSh/Subject_77_F_16_poses::offset_aug_overlay",
      "feature_84_99_abs_mean": 0.4162856340408325,
      "feature_99_102_abs_mean": 0.15654458105564117
    },
    {
      "name": "BMLmovi/Subject_77_F_MoSh/Subject_77_F_17_poses::original",
      "feature_84_99_abs_mean": 0.6230078339576721,
      "feature_99_102_abs_mean": 0.3405437469482422
    },
    {
      "name": "BMLmovi/Subject_77_F_MoSh/Subject_77_F_17_poses::offset_aug_overlay",
      "feature_84_99_abs_mean": 0.6082867383956909,
      "feature_99_102_abs_mean": 0.32825207710266113
    },
    {
      "name": "BMLmovi/Subject_77_F_MoSh/Subject_77_F_18_poses::original",
      "feature_84_99_abs_mean": 0.48301735520362854,
      "feature_99_102_abs_mean": 0.5213807225227356
    },
    {
      "name": "BMLmovi/Subject_77_F_MoSh/Subject_77_F_18_poses::offset_aug_overlay",
      "feature_84_99_abs_mean": 0.4592370390892029,
      "feature_99_102_abs_mean": 0.4487166404724121
    },
    {
      "name": "BMLmovi/Subject_77_F_MoSh/Subject_77_F_19_poses::original",
      "feature_84_99_abs_mean": 0.18160489201545715,
      "feature_99_102_abs_mean": 0.15644040703773499
    },
    {
      "name": "BMLmovi/Subject_77_F_MoSh/Subject_77_F_19_poses::offset_aug_overlay",
      "feature_84_99_abs_mean": 0.14142785966396332,
      "feature_99_102_abs_mean": 0.058996934443712234
    },
    {
      "name": "BMLmovi/Subject_77_F_MoSh/Subject_77_F_1_poses::original",
      "feature_84_99_abs_mean": 0.17420513927936554,
      "feature_99_102_abs_mean": 0.14068764448165894
    },
    {
      "name": "BMLmovi/Subject_77_F_MoSh/Subject_77_F_1_poses::offset_aug_overlay",
      "feature_84_99_abs_mean": 0.1290254443883896,
      "feature_99_102_abs_mean": 0.03348744288086891
    },
    {
      "name": "BMLmovi/Subject_77_F_MoSh/Subject_77_F_20_poses::original",
      "feature_84_99_abs_mean": 0.7470492720603943,
      "feature_99_102_abs_mean": 1.2800965309143066
    },
    {
      "name": "BMLmovi/Subject_77_F_MoSh/Subject_77_F_20_poses::offset_aug_overlay",
      "feature_84_99_abs_mean": 0.6928333640098572,
      "feature_99_102_abs_mean": 1.2635084390640259
    },
    {
      "name": "BMLmovi/Subject_77_F_MoSh/Subject_77_F_21_poses::original",
      "feature_84_99_abs_mean": 0.5513297915458679,
      "feature_99_102_abs_mean": 0.4626599848270416
    },
    {
      "name": "BMLmovi/Subject_77_F_MoSh/Subject_77_F_21_poses::offset_aug_overlay",
      "feature_84_99_abs_mean": 0.5261543393135071,
      "feature_99_102_abs_mean": 0.453291654586792
    },
    {
      "name": "BMLmovi/Subject_77_F_MoSh/Subject_77_F_2_poses::original",
      "feature_84_99_abs_mean": 0.18689948320388794,
      "feature_99_102_abs_mean": 0.1537950336933136
    },
    {
      "name": "BMLmovi/Subject_77_F_MoSh/Subject_77_F_2_poses::offset_aug_overlay",
      "feature_84_99_abs_mean": 0.1383882611989975,
      "feature_99_102_abs_mean": 0.039903026074171066
    },
    {
      "name": "BMLmovi/Subject_77_F_MoSh/Subject_77_F_3_poses::original",
      "feature_84_99_abs_mean": 1.8252862691879272,
      "feature_99_102_abs_mean": 2.2190566062927246
    },
    {
      "name": "BMLmovi/Subject_77_F_MoSh/Subject_77_F_3_poses::offset_aug_overlay",
      "feature_84_99_abs_mean": 1.8097635507583618,
      "feature_99_102_abs_mean": 2.3070449829101562
    },
    {
      "name": "BMLmovi/Subject_77_F_MoSh/Subject_77_F_4_poses::original",
      "feature_84_99_abs_mean": 0.7936415076255798,
      "feature_99_102_abs_mean": 0.37221673130989075
    },
    {
      "name": "BMLmovi/Subject_77_F_MoSh/Subject_77_F_4_poses::offset_aug_overlay",
      "feature_84_99_abs_mean": 0.7763866186141968,
      "feature_99_102_abs_mean": 0.37011757493019104
    },
    {
      "name": "BMLmovi/Subject_77_F_MoSh/Subject_77_F_5_poses::original",
      "feature_84_99_abs_mean": 0.34360554814338684,
      "feature_99_102_abs_mean": 0.18336857855319977
    },
    {
      "name": "BMLmovi/Subject_77_F_MoSh/Subject_77_F_5_poses::offset_aug_overlay",
      "feature_84_99_abs_mean": 0.2899532914161682,
      "feature_99_102_abs_mean": 0.09576083719730377
    },
    {
      "name": "BMLmovi/Subject_77_F_MoSh/Subject_77_F_6_poses::original",
      "feature_84_99_abs_mean": 0.7490627765655518,
      "feature_99_102_abs_mean": 0.4494151771068573
    },
    {
      "name": "BMLmovi/Subject_77_F_MoSh/Subject_77_F_6_poses::offset_aug_overlay",
      "feature_84_99_abs_mean": 0.7568438053131104,
      "feature_99_102_abs_mean": 0.573245108127594
    },
    {
      "name": "BMLmovi/Subject_77_F_MoSh/Subject_77_F_7_poses::original",
      "feature_84_99_abs_mean": 1.2459224462509155,
      "feature_99_102_abs_mean": 1.7238285541534424
    },
    {
      "name": "BMLmovi/Subject_77_F_MoSh/Subject_77_F_7_poses::offset_aug_overlay",
      "feature_84_99_abs_mean": 1.1733386516571045,
      "feature_99_102_abs_mean": 1.6958483457565308
    },
    {
      "name": "BMLmovi/Subject_77_F_MoSh/Subject_77_F_8_poses::original",
      "feature_84_99_abs_mean": 0.2743037939071655,
      "feature_99_102_abs_mean": 0.15233173966407776
    },
    {
      "name": "BMLmovi/Subject_77_F_MoSh/Subject_77_F_8_poses::offset_aug_overlay",
      "feature_84_99_abs_mean": 0.24345065653324127,
      "feature_99_102_abs_mean": 0.04638638347387314
    },
    {
      "name": "BMLmovi/Subject_77_F_MoSh/Subject_77_F_9_poses::original",
      "feature_84_99_abs_mean": 0.6548945903778076,
      "feature_99_102_abs_mean": 0.6033439040184021
    },
    {
      "name": "BMLmovi/Subject_77_F_MoSh/Subject_77_F_9_poses::offset_aug_overlay",
      "feature_84_99_abs_mean": 0.6030054688453674,
      "feature_99_102_abs_mean": 0.5590658187866211
    },
    {
      "name": "BMLmovi/Subject_78_F_MoSh/Subject_78_F_10_poses::original",
      "feature_84_99_abs_mean": 1.705189824104309,
      "feature_99_102_abs_mean": 2.2118449211120605
    },
    {
      "name": "BMLmovi/Subject_78_F_MoSh/Subject_78_F_10_poses::offset_aug_overlay",
      "feature_84_99_abs_mean": 1.6446348428726196,
      "feature_99_102_abs_mean": 2.2490057945251465
    },
    {
      "name": "BMLmovi/Subject_78_F_MoSh/Subject_78_F_11_poses::original",
      "feature_84_99_abs_mean": 0.21568001806735992,
      "feature_99_102_abs_mean": 0.17263425886631012
    },
    {
      "name": "BMLmovi/Subject_78_F_MoSh/Subject_78_F_11_poses::offset_aug_overlay",
      "feature_84_99_abs_mean": 0.17320626974105835,
      "feature_99_102_abs_mean": 0.052854716777801514
    },
    {
      "name": "BMLmovi/Subject_78_F_MoSh/Subject_78_F_12_poses::original",
      "feature_84_99_abs_mean": 0.6025118231773376,
      "feature_99_102_abs_mean": 0.5132874846458435
    },
    {
      "name": "BMLmovi/Subject_78_F_MoSh/Subject_78_F_12_poses::offset_aug_overlay",
      "feature_84_99_abs_mean": 0.5948575139045715,
      "feature_99_102_abs_mean": 0.49577224254608154
    },
    {
      "name": "BMLmovi/Subject_78_F_MoSh/Subject_78_F_13_poses::original",
      "feature_84_99_abs_mean": 0.26058489084243774,
      "feature_99_102_abs_mean": 0.16404540836811066
    },
    {
      "name": "BMLmovi/Subject_78_F_MoSh/Subject_78_F_13_poses::offset_aug_overlay",
      "feature_84_99_abs_mean": 0.23238469660282135,
      "feature_99_102_abs_mean": 0.07302410155534744
    },
    {
      "name": "BMLmovi/Subject_78_F_MoSh/Subject_78_F_14_poses::original",
      "feature_84_99_abs_mean": 0.9733758568763733,
      "feature_99_102_abs_mean": 0.2806849479675293
    },
    {
      "name": "BMLmovi/Subject_78_F_MoSh/Subject_78_F_14_poses::offset_aug_overlay",
      "feature_84_99_abs_mean": 0.9183574914932251,
      "feature_99_102_abs_mean": 0.2157260775566101
    },
    {
      "name": "BMLmovi/Subject_78_F_MoSh/Subject_78_F_15_poses::original",
      "feature_84_99_abs_mean": 0.3254442512989044,
      "feature_99_102_abs_mean": 0.21126477420330048
    },
    {
      "name": "BMLmovi/Subject_78_F_MoSh/Subject_78_F_15_poses::offset_aug_overlay",
      "feature_84_99_abs_mean": 0.30907395482063293,
      "feature_99_102_abs_mean": 0.14824730157852173
    },
    {
      "name": "BMLmovi/Subject_78_F_MoSh/Subject_78_F_16_poses::original",
      "feature_84_99_abs_mean": 1.3867204189300537,
      "feature_99_102_abs_mean": 1.77010178565979
    },
    {
      "name": "BMLmovi/Subject_78_F_MoSh/Subject_78_F_16_poses::offset_aug_overlay",
      "feature_84_99_abs_mean": 1.3429898023605347,
      "feature_99_102_abs_mean": 1.7612907886505127
    },
    {
      "name": "BMLmovi/Subject_78_F_MoSh/Subject_78_F_17_poses::original",
      "feature_84_99_abs_mean": 0.469778835773468,
      "feature_99_102_abs_mean": 0.17842881381511688
    },
    {
      "name": "BMLmovi/Subject_78_F_MoSh/Subject_78_F_17_poses::offset_aug_overlay",
      "feature_84_99_abs_mean": 0.4156629145145416,
      "feature_99_102_abs_mean": 0.07031973451375961
    },
    {
      "name": "BMLmovi/Subject_78_F_MoSh/Subject_78_F_18_poses::original",
      "feature_84_99_abs_mean": 0.3644799590110779,
      "feature_99_102_abs_mean": 0.21416059136390686
    },
    {
      "name": "BMLmovi/Subject_78_F_MoSh/Subject_78_F_18_poses::offset_aug_overlay",
      "feature_84_99_abs_mean": 0.3290823698043823,
      "feature_99_102_abs_mean": 0.07251441478729248
    },
    {
      "name": "BMLmovi/Subject_78_F_MoSh/Subject_78_F_19_poses::original",
      "feature_84_99_abs_mean": 0.47877562046051025,
      "feature_99_102_abs_mean": 0.20214007794857025
    },
    {
      "name": "BMLmovi/Subject_78_F_MoSh/Subject_78_F_19_poses::offset_aug_overlay",
      "feature_84_99_abs_mean": 0.45540913939476013,
      "feature_99_102_abs_mean": 0.09528901427984238
    },
    {
      "name": "BMLmovi/Subject_78_F_MoSh/Subject_78_F_1_poses::original",
      "feature_84_99_abs_mean": 1.3936904668807983,
      "feature_99_102_abs_mean": 0.9290000200271606
    },
    {
      "name": "BMLmovi/Subject_78_F_MoSh/Subject_78_F_1_poses::offset_aug_overlay",
      "feature_84_99_abs_mean": 1.3689371347427368,
      "feature_99_102_abs_mean": 0.8688214421272278
    },
    {
      "name": "BMLmovi/Subject_78_F_MoSh/Subject_78_F_20_poses::original",
      "feature_84_99_abs_mean": 0.27789753675460815,
      "feature_99_102_abs_mean": 0.19004780054092407
    },
    {
      "name": "BMLmovi/Subject_78_F_MoSh/Subject_78_F_20_poses::offset_aug_overlay",
      "feature_84_99_abs_mean": 0.23266953229904175,
      "feature_99_102_abs_mean": 0.10883034765720367
    },
    {
      "name": "BMLmovi/Subject_78_F_MoSh/Subject_78_F_21_poses::original",
      "feature_84_99_abs_mean": 0.7725208401679993,
      "feature_99_102_abs_mean": 0.9171400666236877
    },
    {
      "name": "BMLmovi/Subject_78_F_MoSh/Subject_78_F_21_poses::offset_aug_overlay",
      "feature_84_99_abs_mean": 0.752653181552887,
      "feature_99_102_abs_mean": 0.8910367488861084
    },
    {
      "name": "BMLmovi/Subject_78_F_MoSh/Subject_78_F_2_poses::original",
      "feature_84_99_abs_mean": 1.3701128959655762,
      "feature_99_102_abs_mean": 0.89095538854599
    },
    {
      "name": "BMLmovi/Subject_78_F_MoSh/Subject_78_F_2_poses::offset_aug_overlay",
      "feature_84_99_abs_mean": 1.3597474098205566,
      "feature_99_102_abs_mean": 0.8229658603668213
    },
    {
      "name": "BMLmovi/Subject_78_F_MoSh/Subject_78_F_3_poses::original",
      "feature_84_99_abs_mean": 1.1593135595321655,
      "feature_99_102_abs_mean": 0.9391483068466187
    },
    {
      "name": "BMLmovi/Subject_78_F_MoSh/Subject_78_F_3_poses::offset_aug_overlay",
      "feature_84_99_abs_mean": 1.1442843675613403,
      "feature_99_102_abs_mean": 0.9356980323791504
    },
    {
      "name": "BMLmovi/Subject_78_F_MoSh/Subject_78_F_4_poses::original",
      "feature_84_99_abs_mean": 2.3731372356414795,
      "feature_99_102_abs_mean": 2.240875482559204
    },
    {
      "name": "BMLmovi/Subject_78_F_MoSh/Subject_78_F_4_poses::offset_aug_overlay",
      "feature_84_99_abs_mean": 2.2673256397247314,
      "feature_99_102_abs_mean": 2.127415895462036
    },
    {
      "name": "BMLmovi/Subject_78_F_MoSh/Subject_78_F_5_poses::original",
      "feature_84_99_abs_mean": 0.9624736309051514,
      "feature_99_102_abs_mean": 0.7333927154541016
    },
    {
      "name": "BMLmovi/Subject_78_F_MoSh/Subject_78_F_5_poses::offset_aug_overlay",
      "feature_84_99_abs_mean": 0.94624924659729,
      "feature_99_102_abs_mean": 0.7503626346588135
    },
    {
      "name": "BMLmovi/Subject_78_F_MoSh/Subject_78_F_6_poses::original",
      "feature_84_99_abs_mean": 0.37163400650024414,
      "feature_99_102_abs_mean": 0.16658106446266174
    },
    {
      "name": "BMLmovi/Subject_78_F_MoSh/Subject_78_F_6_poses::offset_aug_overlay",
      "feature_84_99_abs_mean": 0.3896450102329254,
      "feature_99_102_abs_mean": 0.1174548789858818
    },
    {
      "name": "BMLmovi/Subject_78_F_MoSh/Subject_78_F_7_poses::original",
      "feature_84_99_abs_mean": 2.1932361125946045,
      "feature_99_102_abs_mean": 2.141554355621338
    },
    {
      "name": "BMLmovi/Subject_78_F_MoSh/Subject_78_F_7_poses::offset_aug_overlay",
      "feature_84_99_abs_mean": 2.190472364425659,
      "feature_99_102_abs_mean": 2.1602818965911865
    },
    {
      "name": "BMLmovi/Subject_78_F_MoSh/Subject_78_F_8_poses::original",
      "feature_84_99_abs_mean": 0.32333433628082275,
      "feature_99_102_abs_mean": 0.16005946695804596
    },
    {
      "name": "BMLmovi/Subject_78_F_MoSh/Subject_78_F_8_poses::offset_aug_overlay",
      "feature_84_99_abs_mean": 0.28744950890541077,
      "feature_99_102_abs_mean": 0.05719059705734253
    },
    {
      "name": "BMLmovi/Subject_78_F_MoSh/Subject_78_F_9_poses::original",
      "feature_84_99_abs_mean": 0.7348611950874329,
      "feature_99_102_abs_mean": 0.6689763069152832
    },
    {
      "name": "BMLmovi/Subject_78_F_MoSh/Subject_78_F_9_poses::offset_aug_overlay",
      "feature_84_99_abs_mean": 0.7249062061309814,
      "feature_99_102_abs_mean": 0.6757914423942566
    },
    {
      "name": "BMLmovi/Subject_79_F_MoSh/Subject_79_F_10_poses::original",
      "feature_84_99_abs_mean": 0.3034743666648865,
      "feature_99_102_abs_mean": 0.18655399978160858
    },
    {
      "name": "BMLmovi/Subject_79_F_MoSh/Subject_79_F_10_poses::offset_aug_overlay",
      "feature_84_99_abs_mean": 0.28778350353240967,
      "feature_99_102_abs_mean": 0.09792176634073257
    },
    {
      "name": "BMLmovi/Subject_79_F_MoSh/Subject_79_F_11_poses::original",
      "feature_84_99_abs_mean": 1.5737990140914917,
      "feature_99_102_abs_mean": 1.7249014377593994
    },
    {
      "name": "BMLmovi/Subject_79_F_MoSh/Subject_79_F_11_poses::offset_aug_overlay",
      "feature_84_99_abs_mean": 1.5416187047958374,
      "feature_99_102_abs_mean": 1.689868450164795
    },
    {
      "name": "BMLmovi/Subject_79_F_MoSh/Subject_79_F_12_poses::original",
      "feature_84_99_abs_mean": 2.1255576610565186,
      "feature_99_102_abs_mean": 2.3778719902038574
    },
    {
      "name": "BMLmovi/Subject_79_F_MoSh/Subject_79_F_12_poses::offset_aug_overlay",
      "feature_84_99_abs_mean": 2.074086904525757,
      "feature_99_102_abs_mean": 2.3323001861572266
    },
    {
      "name": "BMLmovi/Subject_79_F_MoSh/Subject_79_F_13_poses::original",
      "feature_84_99_abs_mean": 0.34727224707603455,
      "feature_99_102_abs_mean": 0.27681469917297363
    },
    {
      "name": "BMLmovi/Subject_79_F_MoSh/Subject_79_F_13_poses::offset_aug_overlay",
      "feature_84_99_abs_mean": 0.32046568393707275,
      "feature_99_102_abs_mean": 0.22435162961483002
    },
    {
      "name": "BMLmovi/Subject_79_F_MoSh/Subject_79_F_14_poses::original",
      "feature_84_99_abs_mean": 0.4501895606517792,
      "feature_99_102_abs_mean": 0.18911923468112946
    },
    {
      "name": "BMLmovi/Subject_79_F_MoSh/Subject_79_F_14_poses::offset_aug_overlay",
      "feature_84_99_abs_mean": 0.46858665347099304,
      "feature_99_102_abs_mean": 0.13897135853767395
    },
    {
      "name": "BMLmovi/Subject_79_F_MoSh/Subject_79_F_15_poses::original",
      "feature_84_99_abs_mean": 0.32581794261932373,
      "feature_99_102_abs_mean": 0.1813914179801941
    },
    {
      "name": "BMLmovi/Subject_79_F_MoSh/Subject_79_F_15_poses::offset_aug_overlay",
      "feature_84_99_abs_mean": 0.30382826924324036,
      "feature_99_102_abs_mean": 0.10165779292583466
    },
    {
      "name": "BMLmovi/Subject_79_F_MoSh/Subject_79_F_16_poses::original",
      "feature_84_99_abs_mean": 0.7238308191299438,
      "feature_99_102_abs_mean": 0.293603777885437
    },
    {
      "name": "BMLmovi/Subject_79_F_MoSh/Subject_79_F_16_poses::offset_aug_overlay",
      "feature_84_99_abs_mean": 0.6817313432693481,
      "feature_99_102_abs_mean": 0.29403039813041687
    },
    {
      "name": "BMLmovi/Subject_79_F_MoSh/Subject_79_F_17_poses::original",
      "feature_84_99_abs_mean": 0.711254894733429,
      "feature_99_102_abs_mean": 0.7685750126838684
    },
    {
      "name": "BMLmovi/Subject_79_F_MoSh/Subject_79_F_17_poses::offset_aug_overlay",
      "feature_84_99_abs_mean": 0.6990547776222229,
      "feature_99_102_abs_mean": 0.7132330536842346
    },
    {
      "name": "BMLmovi/Subject_79_F_MoSh/Subject_79_F_18_poses::original",
      "feature_84_99_abs_mean": 1.2804274559020996,
      "feature_99_102_abs_mean": 1.4760887622833252
    },
    {
      "name": "BMLmovi/Subject_79_F_MoSh/Subject_79_F_18_poses::offset_aug_overlay",
      "feature_84_99_abs_mean": 1.2629495859146118,
      "feature_99_102_abs_mean": 1.477441430091858
    },
    {
      "name": "BMLmovi/Subject_79_F_MoSh/Subject_79_F_19_poses::original",
      "feature_84_99_abs_mean": 0.3871026635169983,
      "feature_99_102_abs_mean": 0.1806263029575348
    },
    {
      "name": "BMLmovi/Subject_79_F_MoSh/Subject_79_F_19_poses::offset_aug_overlay",
      "feature_84_99_abs_mean": 0.3672586679458618,
      "feature_99_102_abs_mean": 0.09298975765705109
    },
    {
      "name": "BMLhandball/S10_Expert/Trial_upper_left_right_226_poses::original",
      "feature_84_99_abs_mean": 0.9128628969192505,
      "feature_99_102_abs_mean": 0.41123828291893005
    },
    {
      "name": "BMLhandball/S10_Expert/Trial_upper_left_right_226_poses::offset_aug_overlay",
      "feature_84_99_abs_mean": 0.8967313170433044,
      "feature_99_102_abs_mean": 0.36411625146865845
    },
    {
      "name": "BMLhandball/S10_Expert/Trial_upper_left_right_236_poses::original",
      "feature_84_99_abs_mean": 0.9317904710769653,
      "feature_99_102_abs_mean": 0.42476457357406616
    },
    {
      "name": "BMLhandball/S10_Expert/Trial_upper_left_right_236_poses::offset_aug_overlay",
      "feature_84_99_abs_mean": 0.926781952381134,
      "feature_99_102_abs_mean": 0.4459114372730255
    },
    {
      "name": "BMLhandball/S10_Expert/Trial_upper_right_002_poses::original",
      "feature_84_99_abs_mean": 0.5602426528930664,
      "feature_99_102_abs_mean": 0.35709699988365173
    },
    {
      "name": "BMLhandball/S10_Expert/Trial_upper_right_002_poses::offset_aug_overlay",
      "feature_84_99_abs_mean": 0.511385440826416,
      "feature_99_102_abs_mean": 0.286496102809906
    },
    {
      "name": "BMLhandball/S10_Expert/Trial_upper_right_014_poses::original",
      "feature_84_99_abs_mean": 0.5274621844291687,
      "feature_99_102_abs_mean": 0.35130199790000916
    },
    {
      "name": "BMLhandball/S10_Expert/Trial_upper_right_014_poses::offset_aug_overlay",
      "feature_84_99_abs_mean": 0.4848635494709015,
      "feature_99_102_abs_mean": 0.2862163484096527
    },
    {
      "name": "BMLhandball/S10_Expert/Trial_upper_right_018_poses::original",
      "feature_84_99_abs_mean": 0.5985638499259949,
      "feature_99_102_abs_mean": 0.37484192848205566
    },
    {
      "name": "BMLhandball/S10_Expert/Trial_upper_right_018_poses::offset_aug_overlay",
      "feature_84_99_abs_mean": 0.555789589881897,
      "feature_99_102_abs_mean": 0.330803245306015
    },
    {
      "name": "BMLhandball/S10_Expert/Trial_upper_right_020_poses::original",
      "feature_84_99_abs_mean": 0.6593887209892273,
      "feature_99_102_abs_mean": 0.4163644313812256
    },
    {
      "name": "BMLhandball/S10_Expert/Trial_upper_right_020_poses::offset_aug_overlay",
      "feature_84_99_abs_mean": 0.6399810314178467,
      "feature_99_102_abs_mean": 0.3439308702945709
    },
    {
      "name": "BMLhandball/S10_Expert/Trial_upper_right_025_poses::original",
      "feature_84_99_abs_mean": 0.6911488771438599,
      "feature_99_102_abs_mean": 0.39406028389930725
    },
    {
      "name": "BMLhandball/S10_Expert/Trial_upper_right_025_poses::offset_aug_overlay",
      "feature_84_99_abs_mean": 0.6640975475311279,
      "feature_99_102_abs_mean": 0.37601423263549805
    },
    {
      "name": "BMLhandball/S10_Expert/Trial_upper_right_046_poses::original",
      "feature_84_99_abs_mean": 0.5871232151985168,
      "feature_99_102_abs_mean": 0.3558022081851959
    },
    {
      "name": "BMLhandball/S10_Expert/Trial_upper_right_046_poses::offset_aug_overlay",
      "feature_84_99_abs_mean": 0.5536066889762878,
      "feature_99_102_abs_mean": 0.32298022508621216
    },
    {
      "name": "BMLhandball/S10_Expert/Trial_upper_right_086_poses::original",
      "feature_84_99_abs_mean": 0.6427403688430786,
      "feature_99_102_abs_mean": 0.42975693941116333
    },
    {
      "name": "BMLhandball/S10_Expert/Trial_upper_right_086_poses::offset_aug_overlay",
      "feature_84_99_abs_mean": 0.5998757481575012,
      "feature_99_102_abs_mean": 0.35562166571617126
    },
    {
      "name": "BMLhandball/S10_Expert/Trial_upper_right_108_poses::original",
      "feature_84_99_abs_mean": 0.782902181148529,
      "feature_99_102_abs_mean": 0.5137379169464111
    },
    {
      "name": "BMLhandball/S10_Expert/Trial_upper_right_108_poses::offset_aug_overlay",
      "feature_84_99_abs_mean": 0.7449567914009094,
      "feature_99_102_abs_mean": 0.48329630494117737
    },
    {
      "name": "BMLhandball/S10_Expert/Trial_upper_right_127_poses::original",
      "feature_84_99_abs_mean": 0.7784031629562378,
      "feature_99_102_abs_mean": 0.423115074634552
    },
    {
      "name": "BMLhandball/S10_Expert/Trial_upper_right_127_poses::offset_aug_overlay",
      "feature_84_99_abs_mean": 0.7668479084968567,
      "feature_99_102_abs_mean": 0.4273567497730255
    },
    {
      "name": "BMLhandball/S10_Expert/Trial_upper_right_136_poses::original",
      "feature_84_99_abs_mean": 0.7452425360679626,
      "feature_99_102_abs_mean": 0.4420718848705292
    },
    {
      "name": "BMLhandball/S10_Expert/Trial_upper_right_136_poses::offset_aug_overlay",
      "feature_84_99_abs_mean": 0.719201922416687,
      "feature_99_102_abs_mean": 0.3872063457965851
    },
    {
      "name": "BMLhandball/S10_Expert/Trial_upper_right_152_poses::original",
      "feature_84_99_abs_mean": 0.621891438961029,
      "feature_99_102_abs_mean": 0.41147148609161377
    },
    {
      "name": "BMLhandball/S10_Expert/Trial_upper_right_152_poses::offset_aug_overlay",
      "feature_84_99_abs_mean": 0.592496395111084,
      "feature_99_102_abs_mean": 0.40600237250328064
    },
    {
      "name": "BMLhandball/S10_Expert/Trial_upper_right_175_poses::original",
      "feature_84_99_abs_mean": 0.6791959404945374,
      "feature_99_102_abs_mean": 0.4807719588279724
    },
    {
      "name": "BMLhandball/S10_Expert/Trial_upper_right_175_poses::offset_aug_overlay",
      "feature_84_99_abs_mean": 0.6335515975952148,
      "feature_99_102_abs_mean": 0.4764140546321869
    },
    {
      "name": "BMLhandball/S10_Expert/Trial_upper_right_178_poses::original",
      "feature_84_99_abs_mean": 0.8150322437286377,
      "feature_99_102_abs_mean": 0.4599900245666504
    },
    {
      "name": "BMLhandball/S10_Expert/Trial_upper_right_178_poses::offset_aug_overlay",
      "feature_84_99_abs_mean": 0.7883917689323425,
      "feature_99_102_abs_mean": 0.45934832096099854
    },
    {
      "name": "BMLhandball/S10_Expert/Trial_upper_right_186_poses::original",
      "feature_84_99_abs_mean": 0.7092757821083069,
      "feature_99_102_abs_mean": 0.38029715418815613
    },
    {
      "name": "BMLhandball/S10_Expert/Trial_upper_right_186_poses::offset_aug_overlay",
      "feature_84_99_abs_mean": 0.6721301078796387,
      "feature_99_102_abs_mean": 0.31002065539360046
    },
    {
      "name": "BMLhandball/S10_Expert/Trial_upper_right_197_poses::original",
      "feature_84_99_abs_mean": 0.7497798800468445,
      "feature_99_102_abs_mean": 0.4773314595222473
    },
    {
      "name": "BMLhandball/S10_Expert/Trial_upper_right_197_poses::offset_aug_overlay",
      "feature_84_99_abs_mean": 0.7225444316864014,
      "feature_99_102_abs_mean": 0.3995282053947449
    },
    {
      "name": "BMLhandball/S10_Expert/Trial_upper_right_224_poses::original",
      "feature_84_99_abs_mean": 0.7671374082565308,
      "feature_99_102_abs_mean": 0.4050777852535248
    },
    {
      "name": "BMLhandball/S10_Expert/Trial_upper_right_224_poses::offset_aug_overlay",
      "feature_84_99_abs_mean": 0.7587417364120483,
      "feature_99_102_abs_mean": 0.38761141896247864
    },
    {
      "name": "BMLhandball/S10_Expert/Trial_upper_right_left_044_poses::original",
      "feature_84_99_abs_mean": 0.716389536857605,
      "feature_99_102_abs_mean": 0.369980126619339
    },
    {
      "name": "BMLhandball/S10_Expert/Trial_upper_right_left_044_poses::offset_aug_overlay",
      "feature_84_99_abs_mean": 0.7127785682678223,
      "feature_99_102_abs_mean": 0.3205442726612091
    },
    {
      "name": "BMLhandball/S10_Expert/Trial_upper_right_left_062_poses::original",
      "feature_84_99_abs_mean": 0.7396853566169739,
      "feature_99_102_abs_mean": 0.3733117878437042
    },
    {
      "name": "BMLhandball/S10_Expert/Trial_upper_right_left_062_poses::offset_aug_overlay",
      "feature_84_99_abs_mean": 0.7208279967308044,
      "feature_99_102_abs_mean": 0.349307119846344
    },
    {
      "name": "BMLhandball/S10_Expert/Trial_upper_right_left_070_poses::original",
      "feature_84_99_abs_mean": 0.8350529074668884,
      "feature_99_102_abs_mean": 0.4156840145587921
    },
    {
      "name": "BMLhandball/S10_Expert/Trial_upper_right_left_070_poses::offset_aug_overlay",
      "feature_84_99_abs_mean": 0.810774028301239,
      "feature_99_102_abs_mean": 0.32906582951545715
    },
    {
      "name": "BMLhandball/S10_Expert/Trial_upper_right_left_088_poses::original",
      "feature_84_99_abs_mean": 0.6569758653640747,
      "feature_99_102_abs_mean": 0.3546324074268341
    },
    {
      "name": "BMLhandball/S10_Expert/Trial_upper_right_left_088_poses::offset_aug_overlay",
      "feature_84_99_abs_mean": 0.6373682618141174,
      "feature_99_102_abs_mean": 0.34238943457603455
    },
    {
      "name": "BMLhandball/S10_Expert/Trial_upper_right_left_090_poses::original",
      "feature_84_99_abs_mean": 0.6999021768569946,
      "feature_99_102_abs_mean": 0.32809633016586304
    },
    {
      "name": "BMLhandball/S10_Expert/Trial_upper_right_left_090_poses::offset_aug_overlay",
      "feature_84_99_abs_mean": 0.6908680200576782,
      "feature_99_102_abs_mean": 0.2663975656032562
    },
    {
      "name": "BMLhandball/S10_Expert/Trial_upper_right_left_091_poses::original",
      "feature_84_99_abs_mean": 0.8051140904426575,
      "feature_99_102_abs_mean": 0.38700348138809204
    },
    {
      "name": "BMLhandball/S10_Expert/Trial_upper_right_left_091_poses::offset_aug_overlay",
      "feature_84_99_abs_mean": 0.8038548231124878,
      "feature_99_102_abs_mean": 0.3884992003440857
    },
    {
      "name": "BMLhandball/S10_Expert/Trial_upper_right_left_110_poses::original",
      "feature_84_99_abs_mean": 0.9132925868034363,
      "feature_99_102_abs_mean": 0.47943657636642456
    },
    {
      "name": "BMLhandball/S10_Expert/Trial_upper_right_left_110_poses::offset_aug_overlay",
      "feature_84_99_abs_mean": 0.8817127346992493,
      "feature_99_102_abs_mean": 0.4314335882663727
    },
    {
      "name": "BMLhandball/S10_Expert/Trial_upper_right_left_116_poses::original",
      "feature_84_99_abs_mean": 0.9531532526016235,
      "feature_99_102_abs_mean": 0.47505396604537964
    },
    {
      "name": "BMLhandball/S10_Expert/Trial_upper_right_left_116_poses::offset_aug_overlay",
      "feature_84_99_abs_mean": 0.9492295384407043,
      "feature_99_102_abs_mean": 0.4862913489341736
    },
    {
      "name": "BMLhandball/S10_Expert/Trial_upper_right_left_168_poses::original",
      "feature_84_99_abs_mean": 0.9095273613929749,
      "feature_99_102_abs_mean": 0.4934616982936859
    },
    {
      "name": "BMLhandball/S10_Expert/Trial_upper_right_left_168_poses::offset_aug_overlay",
      "feature_84_99_abs_mean": 0.8705976009368896,
      "feature_99_102_abs_mean": 0.5123162269592285
    },
    {
      "name": "BMLhandball/S10_Expert/Trial_upper_right_left_181_poses::original",
      "feature_84_99_abs_mean": 0.8302046656608582,
      "feature_99_102_abs_mean": 0.4002718925476074
    },
    {
      "name": "BMLhandball/S10_Expert/Trial_upper_right_left_181_poses::offset_aug_overlay",
      "feature_84_99_abs_mean": 0.7846297025680542,
      "feature_99_102_abs_mean": 0.38137760758399963
    },
    {
      "name": "BMLhandball/S10_Expert/Trial_upper_right_left_230_poses::original",
      "feature_84_99_abs_mean": 0.8741171956062317,
      "feature_99_102_abs_mean": 0.3843395411968231
    },
    {
      "name": "BMLhandball/S10_Expert/Trial_upper_right_left_230_poses::offset_aug_overlay",
      "feature_84_99_abs_mean": 0.8317599892616272,
      "feature_99_102_abs_mean": 0.3401782810688019
    },
    {
      "name": "BMLhandball/S10_Expert/Trial_upper_right_left_232_poses::original",
      "feature_84_99_abs_mean": 0.8645559549331665,
      "feature_99_102_abs_mean": 0.41915878653526306
    },
    {
      "name": "BMLhandball/S10_Expert/Trial_upper_right_left_232_poses::offset_aug_overlay",
      "feature_84_99_abs_mean": 0.8312004208564758,
      "feature_99_102_abs_mean": 0.4162466526031494
    },
    {
      "name": "BMLhandball/S10_Expert/Trial_upper_right_left_234_poses::original",
      "feature_84_99_abs_mean": 0.8869389295578003,
      "feature_99_102_abs_mean": 0.42666715383529663
    },
    {
      "name": "BMLhandball/S10_Expert/Trial_upper_right_left_234_poses::offset_aug_overlay",
      "feature_84_99_abs_mean": 0.8451333045959473,
      "feature_99_102_abs_mean": 0.3942878246307373
    },
    {
      "name": "BMLhandball/S10_Expert/Trial_upper_right_left_240_poses::original",
      "feature_84_99_abs_mean": 0.8488441109657288,
      "feature_99_102_abs_mean": 0.3871237635612488
    },
    {
      "name": "BMLhandball/S10_Expert/Trial_upper_right_left_240_poses::offset_aug_overlay",
      "feature_84_99_abs_mean": 0.8081343173980713,
      "feature_99_102_abs_mean": 0.33937835693359375
    },
    {
      "name": "TotalCapture/s1/acting3_poses::original",
      "feature_84_99_abs_mean": 1.068332552909851,
      "feature_99_102_abs_mean": 0.9287139177322388
    },
    {
      "name": "TotalCapture/s1/acting3_poses::offset_aug_overlay",
      "feature_84_99_abs_mean": 1.0571606159210205,
      "feature_99_102_abs_mean": 0.9086973667144775
    },
    {
      "name": "TotalCapture/s1/freestyle1_poses::original",
      "feature_84_99_abs_mean": 1.0293357372283936,
      "feature_99_102_abs_mean": 0.8892102241516113
    },
    {
      "name": "TotalCapture/s1/freestyle1_poses::offset_aug_overlay",
      "feature_84_99_abs_mean": 1.0303689241409302,
      "feature_99_102_abs_mean": 0.8749514222145081
    },
    {
      "name": "TotalCapture/s1/freestyle2_poses::original",
      "feature_84_99_abs_mean": 0.973890483379364,
      "feature_99_102_abs_mean": 0.8521764874458313
    },
    {
      "name": "TotalCapture/s1/freestyle2_poses::offset_aug_overlay",
      "feature_84_99_abs_mean": 0.9520110487937927,
      "feature_99_102_abs_mean": 0.8505759835243225
    },
    {
      "name": "TotalCapture/s1/freestyle3_poses::original",
      "feature_84_99_abs_mean": 1.2602159976959229,
      "feature_99_102_abs_mean": 1.048871397972107
    },
    {
      "name": "TotalCapture/s1/freestyle3_poses::offset_aug_overlay",
      "feature_84_99_abs_mean": 1.2511835098266602,
      "feature_99_102_abs_mean": 1.069094181060791
    },
    {
      "name": "TotalCapture/s1/rom2_poses::original",
      "feature_84_99_abs_mean": 0.49576058983802795,
      "feature_99_102_abs_mean": 0.24236342310905457
    },
    {
      "name": "TotalCapture/s1/rom2_poses::offset_aug_overlay",
      "feature_84_99_abs_mean": 0.46328338980674744,
      "feature_99_102_abs_mean": 0.15864205360412598
    },
    {
      "name": "TotalCapture/s1/walking1_poses::original",
      "feature_84_99_abs_mean": 1.2700765132904053,
      "feature_99_102_abs_mean": 1.1058686971664429
    },
    {
      "name": "TotalCapture/s1/walking1_poses::offset_aug_overlay",
      "feature_84_99_abs_mean": 1.2499297857284546,
      "feature_99_102_abs_mean": 1.0583192110061646
    },
    {
      "name": "TotalCapture/s1/walking2_poses::original",
      "feature_84_99_abs_mean": 1.4188591241836548,
      "feature_99_102_abs_mean": 1.1776294708251953
    },
    {
      "name": "TotalCapture/s1/walking2_poses::offset_aug_overlay",
      "feature_84_99_abs_mean": 1.3756881952285767,
      "feature_99_102_abs_mean": 1.1752293109893799
    },
    {
      "name": "TotalCapture/s1/walking3_poses::original",
      "feature_84_99_abs_mean": 1.436409831047058,
      "feature_99_102_abs_mean": 1.1922330856323242
    },
    {
      "name": "TotalCapture/s1/walking3_poses::offset_aug_overlay",
      "feature_84_99_abs_mean": 1.3615357875823975,
      "feature_99_102_abs_mean": 1.1639379262924194
    },
    {
      "name": "TotalCapture/s2/acting1_poses::original",
      "feature_84_99_abs_mean": 1.1949163675308228,
      "feature_99_102_abs_mean": 0.8711832761764526
    },
    {
      "name": "TotalCapture/s2/acting1_poses::offset_aug_overlay",
      "feature_84_99_abs_mean": 1.13462495803833,
      "feature_99_102_abs_mean": 0.8737691640853882
    },
    {
      "name": "TotalCapture/s2/freestyle2_poses::original",
      "feature_84_99_abs_mean": 1.7981051206588745,
      "feature_99_102_abs_mean": 1.0187828540802002
    },
    {
      "name": "TotalCapture/s2/freestyle2_poses::offset_aug_overlay",
      "feature_84_99_abs_mean": 1.7942031621932983,
      "feature_99_102_abs_mean": 0.992313802242279
    },
    {
      "name": "TotalCapture/s2/walking1_poses::original",
      "feature_84_99_abs_mean": 1.109978437423706,
      "feature_99_102_abs_mean": 0.9111438989639282
    },
    {
      "name": "TotalCapture/s2/walking1_poses::offset_aug_overlay",
      "feature_84_99_abs_mean": 1.1045526266098022,
      "feature_99_102_abs_mean": 0.9324588775634766
    },
    {
      "name": "TotalCapture/s2/walking2_poses::original",
      "feature_84_99_abs_mean": 1.2663905620574951,
      "feature_99_102_abs_mean": 1.0525610446929932
    },
    {
      "name": "TotalCapture/s2/walking2_poses::offset_aug_overlay",
      "feature_84_99_abs_mean": 1.2360644340515137,
      "feature_99_102_abs_mean": 1.0455265045166016
    },
    {
      "name": "TotalCapture/s2/walking3_poses::original",
      "feature_84_99_abs_mean": 1.199809193611145,
      "feature_99_102_abs_mean": 1.0011509656906128
    },
    {
      "name": "TotalCapture/s2/walking3_poses::offset_aug_overlay",
      "feature_84_99_abs_mean": 1.1928991079330444,
      "feature_99_102_abs_mean": 1.0170501470565796
    },
    {
      "name": "TotalCapture/s3/rom2_poses::original",
      "feature_84_99_abs_mean": 0.38063332438468933,
      "feature_99_102_abs_mean": 0.2560698986053467
    },
    {
      "name": "TotalCapture/s3/rom2_poses::offset_aug_overlay",
      "feature_84_99_abs_mean": 0.33853769302368164,
      "feature_99_102_abs_mean": 0.18389329314231873
    },
    {
      "name": "TotalCapture/s3/walking1_poses::original",
      "feature_84_99_abs_mean": 0.9765293598175049,
      "feature_99_102_abs_mean": 0.6551654934883118
    },
    {
      "name": "TotalCapture/s3/walking1_poses::offset_aug_overlay",
      "feature_84_99_abs_mean": 0.947468101978302,
      "feature_99_102_abs_mean": 0.6748612523078918
    },
    {
      "name": "TotalCapture/s3/walking2_poses::original",
      "feature_84_99_abs_mean": 1.182350754737854,
      "feature_99_102_abs_mean": 0.7459838390350342
    },
    {
      "name": "TotalCapture/s3/walking2_poses::offset_aug_overlay",
      "feature_84_99_abs_mean": 1.1753416061401367,
      "feature_99_102_abs_mean": 0.7470595836639404
    },
    {
      "name": "TotalCapture/s3/walking3_poses::original",
      "feature_84_99_abs_mean": 1.5519261360168457,
      "feature_99_102_abs_mean": 0.915185272693634
    },
    {
      "name": "TotalCapture/s3/walking3_poses::offset_aug_overlay",
      "feature_84_99_abs_mean": 1.5149047374725342,
      "feature_99_102_abs_mean": 0.9308098554611206
    },
    {
      "name": "TotalCapture/s4/freestyle1_poses::original",
      "feature_84_99_abs_mean": 2.065758466720581,
      "feature_99_102_abs_mean": 1.7688195705413818
    },
    {
      "name": "TotalCapture/s4/freestyle1_poses::offset_aug_overlay",
      "feature_84_99_abs_mean": 2.060678720474243,
      "feature_99_102_abs_mean": 1.7615230083465576
    },
    {
      "name": "TotalCapture/s4/freestyle3_poses::original",
      "feature_84_99_abs_mean": 1.4139117002487183,
      "feature_99_102_abs_mean": 1.3221763372421265
    },
    {
      "name": "TotalCapture/s4/freestyle3_poses::offset_aug_overlay",
      "feature_84_99_abs_mean": 1.386446237564087,
      "feature_99_102_abs_mean": 1.23921799659729
    },
    {
      "name": "TotalCapture/s4/walking2_poses::original",
      "feature_84_99_abs_mean": 1.5180704593658447,
      "feature_99_102_abs_mean": 1.24152672290802
    },
    {
      "name": "TotalCapture/s4/walking2_poses::offset_aug_overlay",
      "feature_84_99_abs_mean": 1.529295802116394,
      "feature_99_102_abs_mean": 1.190385103225708
    },
    {
      "name": "TotalCapture/s5/freestyle1_poses::original",
      "feature_84_99_abs_mean": 1.4331510066986084,
      "feature_99_102_abs_mean": 1.0988569259643555
    },
    {
      "name": "TotalCapture/s5/freestyle1_poses::offset_aug_overlay",
      "feature_84_99_abs_mean": 1.3804900646209717,
      "feature_99_102_abs_mean": 1.0244072675704956
    },
    {
      "name": "TotalCapture/s5/freestyle3_poses::original",
      "feature_84_99_abs_mean": 1.9359601736068726,
      "feature_99_102_abs_mean": 1.5049347877502441
    },
    {
      "name": "TotalCapture/s5/freestyle3_poses::offset_aug_overlay",
      "feature_84_99_abs_mean": 1.892540693283081,
      "feature_99_102_abs_mean": 1.5664217472076416
    },
    {
      "name": "TotalCapture/s5/rom3_poses::original",
      "feature_84_99_abs_mean": 0.3546321392059326,
      "feature_99_102_abs_mean": 0.2753613293170929
    },
    {
      "name": "TotalCapture/s5/rom3_poses::offset_aug_overlay",
      "feature_84_99_abs_mean": 0.30285972356796265,
      "feature_99_102_abs_mean": 0.1706809550523758
    },
    {
      "name": "TotalCapture/s5/walking2_poses::original",
      "feature_84_99_abs_mean": 1.3907899856567383,
      "feature_99_102_abs_mean": 1.1101505756378174
    },
    {
      "name": "TotalCapture/s5/walking2_poses::offset_aug_overlay",
      "feature_84_99_abs_mean": 1.3606083393096924,
      "feature_99_102_abs_mean": 1.0916388034820557
    }
  ],
  "sanity": {
    "frozen_joint_acc_W_l2_norm_mean": 1.4663305282592773,
    "frozen_joint_acc_R_l2_norm_mean": 1.4663300514221191,
    "root_acc_smooth_W_l2_norm_mean": 1.2339025735855103,
    "root_acc_smooth_R_l2_norm_mean": 1.2339023351669312,
    "joint_minus_vertex_l2_mean_m": 0.2685065269470215,
    "feature_dim": 102,
    "target_dim": 18
  }
}
{
  "status": "ok",
  "manifest": "data/experiments/pl_joint_control_acc_aug102_v1_full_20260620_134805/cache/dip_train/pl_curve_cache_manifest.json",
  "sanity": {
    "frozen_joint_acc_W_l2_norm_mean": 1.7568373680114746,
    "frozen_joint_acc_R_l2_norm_mean": 1.7568373680114746,
    "root_acc_smooth_W_l2_norm_mean": 1.7650564908981323,
    "root_acc_smooth_R_l2_norm_mean": 1.7650564908981323,
    "joint_minus_vertex_l2_mean_m": 0.25875163078308105,
    "feature_dim": 102,
    "target_dim": 18
  }
}
{
  "status": "ok",
  "manifest": "data/experiments/pl_joint_control_acc_aug102_v1_full_20260620_134805/cache/dip_train/pl_curve_cache_manifest.json",
  "rows": [
    {
      "name": "s01_01",
      "feature_84_99_abs_mean": 0.3501014709472656,
      "feature_99_102_abs_mean": 0.10248953849077225
    },
    {
      "name": "s01_02",
      "feature_84_99_abs_mean": 0.5062357783317566,
      "feature_99_102_abs_mean": 0.48522287607192993
    },
    {
      "name": "s01_03",
      "feature_84_99_abs_mean": 0.8110417127609253,
      "feature_99_102_abs_mean": 0.7139993906021118
    },
    {
      "name": "s01_04",
      "feature_84_99_abs_mean": 2.5466341972351074,
      "feature_99_102_abs_mean": 2.6024298667907715
    },
    {
      "name": "s01_05",
      "feature_84_99_abs_mean": 0.2236914336681366,
      "feature_99_102_abs_mean": 0.0941544845700264
    },
    {
      "name": "s02_01",
      "feature_84_99_abs_mean": 0.7316885590553284,
      "feature_99_102_abs_mean": 0.14652912318706512
    },
    {
      "name": "s02_02",
      "feature_84_99_abs_mean": 0.7778403162956238,
      "feature_99_102_abs_mean": 0.8155360817909241
    },
    {
      "name": "s02_03",
      "feature_84_99_abs_mean": 1.1805593967437744,
      "feature_99_102_abs_mean": 1.2910350561141968
    },
    {
      "name": "s02_04",
      "feature_84_99_abs_mean": 1.4202271699905396,
      "feature_99_102_abs_mean": 1.3731778860092163
    },
    {
      "name": "s02_05",
      "feature_84_99_abs_mean": 0.2823037803173065,
      "feature_99_102_abs_mean": 0.11848536878824234
    },
    {
      "name": "s03_01",
      "feature_84_99_abs_mean": 0.37767502665519714,
      "feature_99_102_abs_mean": 0.1143924817442894
    },
    {
      "name": "s03_03",
      "feature_84_99_abs_mean": 0.7635563015937805,
      "feature_99_102_abs_mean": 0.7620173096656799
    },
    {
      "name": "s03_04",
      "feature_84_99_abs_mean": 1.918068766593933,
      "feature_99_102_abs_mean": 2.1266937255859375
    },
    {
      "name": "s03_05",
      "feature_84_99_abs_mean": 0.20209528505802155,
      "feature_99_102_abs_mean": 0.0880608931183815
    },
    {
      "name": "s04_01",
      "feature_84_99_abs_mean": 0.7457188963890076,
      "feature_99_102_abs_mean": 0.1466522365808487
    },
    {
      "name": "s04_02",
      "feature_84_99_abs_mean": 0.6628193855285645,
      "feature_99_102_abs_mean": 0.6627868413925171
    },
    {
      "name": "s04_03",
      "feature_84_99_abs_mean": 1.005283236503601,
      "feature_99_102_abs_mean": 0.7692930698394775
    },
    {
      "name": "s04_04",
      "feature_84_99_abs_mean": 2.634544849395752,
      "feature_99_102_abs_mean": 2.9276278018951416
    },
    {
      "name": "s04_05",
      "feature_84_99_abs_mean": 0.2389233261346817,
      "feature_99_102_abs_mean": 0.09966325014829636
    },
    {
      "name": "s05_01_a",
      "feature_84_99_abs_mean": 0.42925775051116943,
      "feature_99_102_abs_mean": 0.1307966560125351
    },
    {
      "name": "s05_01_b",
      "feature_84_99_abs_mean": 0.637593686580658,
      "feature_99_102_abs_mean": 0.12545974552631378
    },
    {
      "name": "s05_02",
      "feature_84_99_abs_mean": 0.5881803631782532,
      "feature_99_102_abs_mean": 0.6285030245780945
    },
    {
      "name": "s05_03",
      "feature_84_99_abs_mean": 0.9556868076324463,
      "feature_99_102_abs_mean": 0.9055483937263489
    },
    {
      "name": "s05_04",
      "feature_84_99_abs_mean": 1.929647445678711,
      "feature_99_102_abs_mean": 2.075380563735962
    },
    {
      "name": "s05_05",
      "feature_84_99_abs_mean": 0.2069053053855896,
      "feature_99_102_abs_mean": 0.10166050493717194
    },
    {
      "name": "s06_01_a",
      "feature_84_99_abs_mean": 0.3677598237991333,
      "feature_99_102_abs_mean": 0.11565719544887543
    },
    {
      "name": "s06_01_b",
      "feature_84_99_abs_mean": 0.4257505536079407,
      "feature_99_102_abs_mean": 0.09700537472963333
    },
    {
      "name": "s06_02",
      "feature_84_99_abs_mean": 0.3769571781158447,
      "feature_99_102_abs_mean": 0.43977001309394836
    },
    {
      "name": "s06_03",
      "feature_84_99_abs_mean": 1.0385947227478027,
      "feature_99_102_abs_mean": 1.0821301937103271
    },
    {
      "name": "s06_04",
      "feature_84_99_abs_mean": 2.339371681213379,
      "feature_99_102_abs_mean": 3.455028533935547
    },
    {
      "name": "s06_05",
      "feature_84_99_abs_mean": 0.24128760397434235,
      "feature_99_102_abs_mean": 0.0998210459947586
    },
    {
      "name": "s07_01",
      "feature_84_99_abs_mean": 0.29378002882003784,
      "feature_99_102_abs_mean": 0.09606308490037918
    },
    {
      "name": "s07_02",
      "feature_84_99_abs_mean": 0.44902312755584717,
      "feature_99_102_abs_mean": 0.41334015130996704
    },
    {
      "name": "s07_03",
      "feature_84_99_abs_mean": 1.0018013715744019,
      "feature_99_102_abs_mean": 0.8743642568588257
    },
    {
      "name": "s07_04",
      "feature_84_99_abs_mean": 2.125915050506592,
      "feature_99_102_abs_mean": 2.3357627391815186
    },
    {
      "name": "s07_05",
      "feature_84_99_abs_mean": 0.20112736523151398,
      "feature_99_102_abs_mean": 0.10233405977487564
    }
  ],
  "sanity": {
    "frozen_joint_acc_W_l2_norm_mean": 1.7568373680114746,
    "frozen_joint_acc_R_l2_norm_mean": 1.7568373680114746,
    "root_acc_smooth_W_l2_norm_mean": 1.7650564908981323,
    "root_acc_smooth_R_l2_norm_mean": 1.7650564908981323,
    "joint_minus_vertex_l2_mean_m": 0.25875163078308105,
    "feature_dim": 102,
    "target_dim": 18
  }
}
{
  "status": "ok",
  "manifest": "data/experiments/pl_joint_control_acc_aug102_v1_full_20260620_134805/cache/dip_val/pl_curve_cache_manifest.json",
  "sanity": {
    "frozen_joint_acc_W_l2_norm_mean": 1.8661726713180542,
    "frozen_joint_acc_R_l2_norm_mean": 1.8661726713180542,
    "root_acc_smooth_W_l2_norm_mean": 1.8393555879592896,
    "root_acc_smooth_R_l2_norm_mean": 1.8393555879592896,
    "joint_minus_vertex_l2_mean_m": 0.2557259798049927,
    "feature_dim": 102,
    "target_dim": 18
  }
}
{
  "status": "ok",
  "manifest": "data/experiments/pl_joint_control_acc_aug102_v1_full_20260620_134805/cache/dip_val/pl_curve_cache_manifest.json",
  "rows": [
    {
      "name": "s08_01_a",
      "feature_84_99_abs_mean": 0.40417513251304626,
      "feature_99_102_abs_mean": 0.09964170306921005
    },
    {
      "name": "s08_01_b",
      "feature_84_99_abs_mean": 0.7360541224479675,
      "feature_99_102_abs_mean": 0.12402219325304031
    },
    {
      "name": "s08_02",
      "feature_84_99_abs_mean": 0.46338576078414917,
      "feature_99_102_abs_mean": 0.4409087002277374
    },
    {
      "name": "s08_03",
      "feature_84_99_abs_mean": 1.0043416023254395,
      "feature_99_102_abs_mean": 0.8742865920066833
    },
    {
      "name": "s08_04",
      "feature_84_99_abs_mean": 2.562392234802246,
      "feature_99_102_abs_mean": 3.2040019035339355
    },
    {
      "name": "s08_05",
      "feature_84_99_abs_mean": 0.3401159942150116,
      "feature_99_102_abs_mean": 0.11982843279838562
    }
  ],
  "sanity": {
    "frozen_joint_acc_W_l2_norm_mean": 1.8661726713180542,
    "frozen_joint_acc_R_l2_norm_mean": 1.8661726713180542,
    "root_acc_smooth_W_l2_norm_mean": 1.8393555879592896,
    "root_acc_smooth_R_l2_norm_mean": 1.8393555879592896,
    "joint_minus_vertex_l2_mean_m": 0.2557259798049927,
    "feature_dim": 102,
    "target_dim": 18
  }
}
{
  "status": "ok",
  "manifest": "data/experiments/pl_joint_control_acc_aug102_v1_full_20260620_134805/cache/dip_test/pl_curve_cache_manifest.json",
  "sanity": {
    "frozen_joint_acc_W_l2_norm_mean": 2.3850257396698,
    "frozen_joint_acc_R_l2_norm_mean": 2.3850257396698,
    "root_acc_smooth_W_l2_norm_mean": 2.1798927783966064,
    "root_acc_smooth_R_l2_norm_mean": 2.1798927783966064,
    "joint_minus_vertex_l2_mean_m": 0.25937023758888245,
    "feature_dim": 102,
    "target_dim": 18
  }
}
{
  "status": "ok",
  "manifest": "data/experiments/pl_joint_control_acc_aug102_v1_full_20260620_134805/cache/dip_test/pl_curve_cache_manifest.json",
  "rows": [
    {
      "name": "s09_01_a",
      "feature_84_99_abs_mean": 0.7376223802566528,
      "feature_99_102_abs_mean": 0.21066385507583618
    },
    {
      "name": "s09_01_b",
      "feature_84_99_abs_mean": 1.16243314743042,
      "feature_99_102_abs_mean": 0.3048422038555145
    },
    {
      "name": "s09_01_c",
      "feature_84_99_abs_mean": 0.6078914999961853,
      "feature_99_102_abs_mean": 0.13455575704574585
    },
    {
      "name": "s09_02_a",
      "feature_84_99_abs_mean": 1.0832847356796265,
      "feature_99_102_abs_mean": 0.7239491939544678
    },
    {
      "name": "s09_02_b",
      "feature_84_99_abs_mean": 0.9255346655845642,
      "feature_99_102_abs_mean": 1.0941717624664307
    },
    {
      "name": "s09_03_a",
      "feature_84_99_abs_mean": 1.2736409902572632,
      "feature_99_102_abs_mean": 0.9488337635993958
    },
    {
      "name": "s09_03_b",
      "feature_84_99_abs_mean": 1.281197190284729,
      "feature_99_102_abs_mean": 1.2565373182296753
    },
    {
      "name": "s09_04",
      "feature_84_99_abs_mean": 2.3148603439331055,
      "feature_99_102_abs_mean": 2.76676869392395
    },
    {
      "name": "s09_05",
      "feature_84_99_abs_mean": 0.37547987699508667,
      "feature_99_102_abs_mean": 0.13750863075256348
    },
    {
      "name": "s10_01_a",
      "feature_84_99_abs_mean": 0.7677021026611328,
      "feature_99_102_abs_mean": 0.22391723096370697
    },
    {
      "name": "s10_01_b",
      "feature_84_99_abs_mean": 0.8277820944786072,
      "feature_99_102_abs_mean": 0.27957573533058167
    },
    {
      "name": "s10_01_c",
      "feature_84_99_abs_mean": 0.6662361025810242,
      "feature_99_102_abs_mean": 0.12783758342266083
    },
    {
      "name": "s10_02",
      "feature_84_99_abs_mean": 0.8948749303817749,
      "feature_99_102_abs_mean": 0.6091114282608032
    },
    {
      "name": "s10_03_a",
      "feature_84_99_abs_mean": 1.3554747104644775,
      "feature_99_102_abs_mean": 0.9671171307563782
    },
    {
      "name": "s10_03_b",
      "feature_84_99_abs_mean": 1.1453235149383545,
      "feature_99_102_abs_mean": 1.3906748294830322
    },
    {
      "name": "s10_04_a",
      "feature_84_99_abs_mean": 2.3266115188598633,
      "feature_99_102_abs_mean": 2.996450185775757
    },
    {
      "name": "s10_04_b",
      "feature_84_99_abs_mean": 2.5696403980255127,
      "feature_99_102_abs_mean": 2.947058916091919
    },
    {
      "name": "s10_04_c",
      "feature_84_99_abs_mean": 1.5628749132156372,
      "feature_99_102_abs_mean": 1.2427406311035156
    },
    {
      "name": "s10_05",
      "feature_84_99_abs_mean": 0.32733404636383057,
      "feature_99_102_abs_mean": 0.08795936405658722
    }
  ],
  "sanity": {
    "frozen_joint_acc_W_l2_norm_mean": 2.3850257396698,
    "frozen_joint_acc_R_l2_norm_mean": 2.3850257396698,
    "root_acc_smooth_W_l2_norm_mean": 2.1798927783966064,
    "root_acc_smooth_R_l2_norm_mean": 2.1798927783966064,
    "joint_minus_vertex_l2_mean_m": 0.25937023758888245,
    "feature_dim": 102,
    "target_dim": 18
  }
}
/home/lingfeng/.conda/envs/globalpose-gpu/bin/python pl_curve_train.py --train-cache data/experiments/pl_joint_control_acc_aug102_v1_full_20260620_134805/cache/amass/pl_curve_cache_manifest.json --val-cache data/experiments/pl_joint_control_acc_aug102_v1_full_20260620_134805/cache/amass/pl_curve_cache_manifest.json --output-dir data/experiments/pl_joint_control_acc_aug102_v1_full_20260620_134805/train/amass_pretrain --experiment-name pl_joint_control_acc_aug102_v1_amass_pretrain --epochs 80 --window 61 --batch-size 256 --lr 0.0001 --hidden-size 512 --tail-length 4 --residual-scale 0.005 --dropout 0.4 --grad-clip 1.0 --max-train-sequences 0 --max-val-sequences 20 --val-window-length 61 --input-size 102 --init-size 36 --disable-ik-distill --selection-metric pl_and_control_physical --pRB-weight 1.0 --gR1-weight 0.3 --baseline-pRB-weight 0.0 --baseline-gR1-weight 0.0 --gt-control-pRB-weight 0.5 --gt-control-gR1-weight 0.1 --pRB-dot-weight 0.5 --pRB-ddot-weight 0.1 --pRB-ddot-smooth-weight 0.001 --gR-smooth-weight 0.001 --control-point-prior-weight 0.001 --tail-update-prior-weight 0.001 --gR1-dot-weight 0.0 --gR1-ddot-weight 0.0
{
  "epoch": 1,
  "train_loss": 1.5953056265910466,
  "val_loss": 0.8822397489263083,
  "weighted_val_loss": 0.34910789094865324,
  "best_loss": 0.8822397489263083,
  "stale_epochs": 0
}
{
  "epoch": 2,
  "train_loss": 1.7833646858731906,
  "val_loss": 0.8822513454367591,
  "weighted_val_loss": 0.3498142953962088,
  "best_loss": 0.8822397489263083,
  "stale_epochs": 1
}
{
  "epoch": 3,
  "train_loss": 1.8348026076952617,
  "val_loss": 0.8822673825630168,
  "weighted_val_loss": 0.35116740614175795,
  "best_loss": 0.8822397489263083,
  "stale_epochs": 2
}
{
  "epoch": 4,
  "train_loss": 1.9439361294110615,
  "val_loss": 0.8822861637506036,
  "weighted_val_loss": 0.3520256685093045,
  "best_loss": 0.8822397489263083,
  "stale_epochs": 3
}
{
  "epoch": 5,
  "train_loss": 2.1640985707441964,
  "val_loss": 0.8823051843885515,
  "weighted_val_loss": 0.3514593061059713,
  "best_loss": 0.8822397489263083,
  "stale_epochs": 4
}
{
  "epoch": 6,
  "train_loss": 2.330515667796135,
  "val_loss": 0.8823248369082802,
  "weighted_val_loss": 0.34969627801328895,
  "best_loss": 0.8822397489263083,
  "stale_epochs": 5
}
{
  "epoch": 7,
  "train_loss": 2.425650477409363,
  "val_loss": 0.8823465391174234,
  "weighted_val_loss": 0.3458171170204878,
  "best_loss": 0.8822397489263083,
  "stale_epochs": 6
}
{
  "epoch": 8,
  "train_loss": 2.4437511215607324,
  "val_loss": 0.8823714439809706,
  "weighted_val_loss": 0.3400401916354895,
  "best_loss": 0.8822397489263083,
  "stale_epochs": 7
}
{
  "epoch": 9,
  "train_loss": 2.3455458035071692,
  "val_loss": 0.8823991909988773,
  "weighted_val_loss": 0.33329775035381315,
  "best_loss": 0.8822397489263083,
  "stale_epochs": 8
}
{
  "epoch": 10,
  "train_loss": 2.3782519598801932,
  "val_loss": 0.8824252917245088,
  "weighted_val_loss": 0.327020026743412,
  "best_loss": 0.8822397489263083,
  "stale_epochs": 9
}
{
  "epoch": 11,
  "train_loss": 2.5334210048119226,
  "val_loss": 0.8824499926453448,
  "weighted_val_loss": 0.32137562334537506,
  "best_loss": 0.8822397489263083,
  "stale_epochs": 10
}
{
  "epoch": 12,
  "train_loss": 2.641431992252668,
  "val_loss": 0.882472012611861,
  "weighted_val_loss": 0.3191167306154966,
  "best_loss": 0.8822397489263083,
  "stale_epochs": 11
}
{
  "epoch": 13,
  "train_loss": 2.6883043696482978,
  "val_loss": 0.8824938978839771,
  "weighted_val_loss": 0.3142262291163206,
  "best_loss": 0.8822397489263083,
  "stale_epochs": 12
}
{
  "epoch": 14,
  "train_loss": 2.779206012686094,
  "val_loss": 0.8825029730491651,
  "weighted_val_loss": 0.31093432307243346,
  "best_loss": 0.8822397489263083,
  "stale_epochs": 13
}
{
  "epoch": 15,
  "train_loss": 2.8472697337468467,
  "val_loss": 0.8825038016631602,
  "weighted_val_loss": 0.3072991393506527,
  "best_loss": 0.8822397489263083,
  "stale_epochs": 14
}
{
  "epoch": 16,
  "train_loss": 2.9546298881371817,
  "val_loss": 0.8825033599900405,
  "weighted_val_loss": 0.3044295836240053,
  "best_loss": 0.8822397489263083,
  "stale_epochs": 15
}
{
  "epoch": 17,
  "train_loss": 3.066620041926702,
  "val_loss": 0.8825020112260117,
  "weighted_val_loss": 0.30175618529319764,
  "best_loss": 0.8822397489263083,
  "stale_epochs": 16
}
{
  "epoch": 18,
  "train_loss": 3.2682920495669046,
  "val_loss": 0.882497716867354,
  "weighted_val_loss": 0.30039637722074986,
  "best_loss": 0.8822397489263083,
  "stale_epochs": 17
}
{
  "epoch": 19,
  "train_loss": 3.3736631522576013,
  "val_loss": 0.8824969278959833,
  "weighted_val_loss": 0.2991881489753723,
  "best_loss": 0.8822397489263083,
  "stale_epochs": 18
}
{
  "epoch": 20,
  "train_loss": 3.713458071152369,
  "val_loss": 0.8824984123424497,
  "weighted_val_loss": 0.3000183764845133,
  "best_loss": 0.8822397489263083,
  "stale_epochs": 19
}
{
  "epoch": 21,
  "train_loss": 3.7989580432573953,
  "val_loss": 0.8824982666843306,
  "weighted_val_loss": 0.2998717736452818,
  "best_loss": 0.8822397489263083,
  "stale_epochs": 20
}
{
  "epoch": 22,
  "train_loss": 3.728243907292684,
  "val_loss": 0.8824945996364586,
  "weighted_val_loss": 0.29959236457943916,
  "best_loss": 0.8822397489263083,
  "stale_epochs": 21
}
{
  "epoch": 23,
  "train_loss": 3.822748988866806,
  "val_loss": 0.8824892111820768,
  "weighted_val_loss": 0.2995542649179697,
  "best_loss": 0.8822397489263083,
  "stale_epochs": 22
}
{
  "epoch": 24,
  "train_loss": 3.713344266017278,
  "val_loss": 0.8824808702621793,
  "weighted_val_loss": 0.2984497509896755,
  "best_loss": 0.8822397489263083,
  "stale_epochs": 23
}
{
  "epoch": 25,
  "train_loss": 3.6094375451405845,
  "val_loss": 0.8824727160861527,
  "weighted_val_loss": 0.29724999591708184,
  "best_loss": 0.8822397489263083,
  "stale_epochs": 24
}
{
  "epoch": 26,
  "train_loss": 3.450001209974289,
  "val_loss": 0.8824709394197953,
  "weighted_val_loss": 0.29635100848972795,
  "best_loss": 0.8822397489263083,
  "stale_epochs": 25
}
{
  "epoch": 27,
  "train_loss": 3.3374897837638855,
  "val_loss": 0.8824727647605797,
  "weighted_val_loss": 0.29668563716113566,
  "best_loss": 0.8822397489263083,
  "stale_epochs": 26
}
{
  "epoch": 28,
  "train_loss": 3.1082916855812073,
  "val_loss": 0.882472906768138,
  "weighted_val_loss": 0.29618089608848097,
  "best_loss": 0.8822397489263083,
  "stale_epochs": 27
}
{
  "epoch": 29,
  "train_loss": 3.0198158274094262,
  "val_loss": 0.8824699791021577,
  "weighted_val_loss": 0.29602453522384164,
  "best_loss": 0.8822397489263083,
  "stale_epochs": 28
}
{
  "epoch": 30,
  "train_loss": 2.708026876052221,
  "val_loss": 0.8824691231340264,
  "weighted_val_loss": 0.2954642303287983,
  "best_loss": 0.8822397489263083,
  "stale_epochs": 29
}
{
  "epoch": 31,
  "train_loss": 2.504209131002426,
  "val_loss": 0.8824744207379007,
  "weighted_val_loss": 0.2952982738614082,
  "best_loss": 0.8822397489263083,
  "stale_epochs": 30
}
{
  "epoch": 32,
  "train_loss": 2.399662658572197,
  "val_loss": 0.8824870483778497,
  "weighted_val_loss": 0.2933137070387602,
  "best_loss": 0.8822397489263083,
  "stale_epochs": 31
}
{
  "epoch": 33,
  "train_loss": 2.338927671313286,
  "val_loss": 0.8825038259973728,
  "weighted_val_loss": 0.2936049811542034,
  "best_loss": 0.8822397489263083,
  "stale_epochs": 32
}
{
  "epoch": 34,
  "train_loss": 2.167516827583313,
  "val_loss": 0.8825226833961104,
  "weighted_val_loss": 0.292162018455565,
  "best_loss": 0.8822397489263083,
  "stale_epochs": 33
}
{
  "epoch": 35,
  "train_loss": 2.0957997888326645,
  "val_loss": 0.8825444593527815,
  "weighted_val_loss": 0.2930927062407136,
  "best_loss": 0.8822397489263083,
  "stale_epochs": 34
}
{
  "epoch": 36,
  "train_loss": 2.070169414083163,
  "val_loss": 0.8825665407978733,
  "weighted_val_loss": 0.29203289523720743,
  "best_loss": 0.8822397489263083,
  "stale_epochs": 35
}
{
  "epoch": 37,
  "train_loss": 1.9735109905401866,
  "val_loss": 0.8825902649281897,
  "weighted_val_loss": 0.29264756832271815,
  "best_loss": 0.8822397489263083,
  "stale_epochs": 36
}
{
  "epoch": 38,
  "train_loss": 1.9630879163742065,
  "val_loss": 0.8826121207937253,
  "weighted_val_loss": 0.29236473198980095,
  "best_loss": 0.8822397489263083,
  "stale_epochs": 37
}
{
  "epoch": 39,
  "train_loss": 1.812679390112559,
  "val_loss": 0.8826338188423231,
  "weighted_val_loss": 0.2940081236883998,
  "best_loss": 0.8822397489263083,
  "stale_epochs": 38
}
{
  "epoch": 40,
  "train_loss": 1.7934204389651616,
  "val_loss": 0.8826489895498765,
  "weighted_val_loss": 0.29309791810810565,
  "best_loss": 0.8822397489263083,
  "stale_epochs": 39
}
{
  "epoch": 41,
  "train_loss": 1.7628977249066036,
  "val_loss": 0.8826581181455426,
  "weighted_val_loss": 0.29349174071103334,
  "best_loss": 0.8822397489263083,
  "stale_epochs": 40
}
{
  "epoch": 42,
  "train_loss": 1.641618584593137,
  "val_loss": 0.8826603241504634,
  "weighted_val_loss": 0.2935967769473791,
  "best_loss": 0.8822397489263083,
  "stale_epochs": 41
}
{
  "epoch": 43,
  "train_loss": 1.4300121317307155,
  "val_loss": 0.8826677948056385,
  "weighted_val_loss": 0.2936444193124771,
  "best_loss": 0.8822397489263083,
  "stale_epochs": 42
}
{
  "epoch": 44,
  "train_loss": 1.464232325553894,
  "val_loss": 0.8826659783493691,
  "weighted_val_loss": 0.29421519823372366,
  "best_loss": 0.8822397489263083,
  "stale_epochs": 43
}
{
  "epoch": 45,
  "train_loss": 1.5335226853688557,
  "val_loss": 0.8826731482811734,
  "weighted_val_loss": 0.2935107506811619,
  "best_loss": 0.8822397489263083,
  "stale_epochs": 44
}
{
  "epoch": 46,
  "train_loss": 1.602361227075259,
  "val_loss": 0.8826595333133223,
  "weighted_val_loss": 0.2942105308175087,
  "best_loss": 0.8822397489263083,
  "stale_epochs": 45
}
{
  "epoch": 47,
  "train_loss": 1.5980076640844345,
  "val_loss": 0.8826656179783168,
  "weighted_val_loss": 0.2935883076861501,
  "best_loss": 0.8822397489263083,
  "stale_epochs": 46
}
{
  "epoch": 48,
  "train_loss": 1.6085389703512192,
  "val_loss": 0.8826517069879998,
  "weighted_val_loss": 0.29201112780719995,
  "best_loss": 0.8822397489263083,
  "stale_epochs": 47
}
{
  "epoch": 49,
  "train_loss": 1.598433052500089,
  "val_loss": 0.8826501996575453,
  "weighted_val_loss": 0.2915211429819465,
  "best_loss": 0.8822397489263083,
  "stale_epochs": 48
}
{
  "epoch": 50,
  "train_loss": 1.7234809796015422,
  "val_loss": 0.8826360056737472,
  "weighted_val_loss": 0.29098550900816916,
  "best_loss": 0.8822397489263083,
  "stale_epochs": 49
}
{
  "epoch": 51,
  "train_loss": 1.7874091019233067,
  "val_loss": 0.8826333397860642,
  "weighted_val_loss": 0.2908568548038602,
  "best_loss": 0.8822397489263083,
  "stale_epochs": 50
}
{
  "epoch": 52,
  "train_loss": 1.7917989790439606,
  "val_loss": 0.8826341097039977,
  "weighted_val_loss": 0.2912507323548198,
  "best_loss": 0.8822397489263083,
  "stale_epochs": 51
}
{
  "epoch": 53,
  "train_loss": 1.9520717710256577,
  "val_loss": 0.8826395246986941,
  "weighted_val_loss": 0.29130877293646334,
  "best_loss": 0.8822397489263083,
  "stale_epochs": 52
}
{
  "epoch": 54,
  "train_loss": 2.0226352463165918,
  "val_loss": 0.8826469802824437,
  "weighted_val_loss": 0.2915595695376396,
  "best_loss": 0.8822397489263083,
  "stale_epochs": 53
}
{
  "epoch": 55,
  "train_loss": 2.2536160399516425,
  "val_loss": 0.8826536185734657,
  "weighted_val_loss": 0.29105409104377034,
  "best_loss": 0.8822397489263083,
  "stale_epochs": 54
}
{
  "epoch": 56,
  "train_loss": 2.3719489574432373,
  "val_loss": 0.8826586719288612,
  "weighted_val_loss": 0.2915677219629288,
  "best_loss": 0.8822397489263083,
  "stale_epochs": 55
}
{
  "epoch": 57,
  "train_loss": 2.593641002972921,
  "val_loss": 0.8826569432686799,
  "weighted_val_loss": 0.2906353123486042,
  "best_loss": 0.8822397489263083,
  "stale_epochs": 56
}
{
  "epoch": 58,
  "train_loss": 2.708334267139435,
  "val_loss": 0.8826599736296217,
  "weighted_val_loss": 0.29082195926457644,
  "best_loss": 0.8822397489263083,
  "stale_epochs": 57
}
{
  "epoch": 59,
  "train_loss": 2.7054783006509147,
  "val_loss": 0.8826672000555706,
  "weighted_val_loss": 0.2904514975845814,
  "best_loss": 0.8822397489263083,
  "stale_epochs": 58
}
{
  "epoch": 60,
  "train_loss": 2.7574390172958374,
  "val_loss": 0.8826721252477541,
  "weighted_val_loss": 0.28984059374779464,
  "best_loss": 0.8822397489263083,
  "stale_epochs": 59
}
{
  "epoch": 61,
  "train_loss": 2.799417873223623,
  "val_loss": 0.8826789048506019,
  "weighted_val_loss": 0.28903114423155785,
  "best_loss": 0.8822397489263083,
  "stale_epochs": 60
}
{
  "epoch": 62,
  "train_loss": 2.8146783461173377,
  "val_loss": 0.8826779302062377,
  "weighted_val_loss": 0.2871587177738547,
  "best_loss": 0.8822397489263083,
  "stale_epochs": 61
}
{
  "epoch": 63,
  "train_loss": 2.729235495130221,
  "val_loss": 0.8826845491905481,
  "weighted_val_loss": 0.2884900728240609,
  "best_loss": 0.8822397489263083,
  "stale_epochs": 62
}
{
  "epoch": 64,
  "train_loss": 2.6496250927448273,
  "val_loss": 0.8826797756748892,
  "weighted_val_loss": 0.28795229978859427,
  "best_loss": 0.8822397489263083,
  "stale_epochs": 63
}
{
  "epoch": 65,
  "train_loss": 2.4000102430582047,
  "val_loss": 0.8826810016994217,
  "weighted_val_loss": 0.28970163464546206,
  "best_loss": 0.8822397489263083,
  "stale_epochs": 64
}
{
  "epoch": 66,
  "train_loss": 2.3883302956819534,
  "val_loss": 0.8826719293735836,
  "weighted_val_loss": 0.2887551821768284,
  "best_loss": 0.8822397489263083,
  "stale_epochs": 65
}
{
  "epoch": 67,
  "train_loss": 2.2300968815883,
  "val_loss": 0.8826797225160181,
  "weighted_val_loss": 0.2909100389108062,
  "best_loss": 0.8822397489263083,
  "stale_epochs": 66
}
{
  "epoch": 68,
  "train_loss": 2.2610648373762765,
  "val_loss": 0.8826707589520922,
  "weighted_val_loss": 0.2901485849171877,
  "best_loss": 0.8822397489263083,
  "stale_epochs": 67
}
{
  "epoch": 69,
  "train_loss": 2.2294911990563073,
  "val_loss": 0.882676583892859,
  "weighted_val_loss": 0.2922786669805646,
  "best_loss": 0.8822397489263083,
  "stale_epochs": 68
}
{
  "epoch": 70,
  "train_loss": 1.9912082602580388,
  "val_loss": 0.8826687363488581,
  "weighted_val_loss": 0.2905331429094076,
  "best_loss": 0.8822397489263083,
  "stale_epochs": 69
}
{
  "epoch": 71,
  "train_loss": 1.7205803642670314,
  "val_loss": 0.8826667703683426,
  "weighted_val_loss": 0.2909605586901307,
  "best_loss": 0.8822397489263083,
  "stale_epochs": 70
}
{
  "epoch": 72,
  "train_loss": 1.6338171710570653,
  "val_loss": 0.8826689920021265,
  "weighted_val_loss": 0.29198500160127877,
  "best_loss": 0.8822397489263083,
  "stale_epochs": 71
}
{
  "epoch": 73,
  "train_loss": 1.5510495255390804,
  "val_loss": 0.88267541681655,
  "weighted_val_loss": 0.29232434257864953,
  "best_loss": 0.8822397489263083,
  "stale_epochs": 72
}
{
  "epoch": 74,
  "train_loss": 1.4439198126395543,
  "val_loss": 0.8826725957575303,
  "weighted_val_loss": 0.2922661125659943,
  "best_loss": 0.8822397489263083,
  "stale_epochs": 73
}
{
  "epoch": 75,
  "train_loss": 1.3573412497838337,
  "val_loss": 0.882683477089209,
  "weighted_val_loss": 0.2942098489031196,
  "best_loss": 0.8822397489263083,
  "stale_epochs": 74
}
{
  "epoch": 76,
  "train_loss": 1.2031965057055156,
  "val_loss": 0.8826827114985574,
  "weighted_val_loss": 0.2926773138344288,
  "best_loss": 0.8822397489263083,
  "stale_epochs": 75
}
{
  "epoch": 77,
  "train_loss": 1.086742917696635,
  "val_loss": 0.8826820200113964,
  "weighted_val_loss": 0.2934544326737523,
  "best_loss": 0.8822397489263083,
  "stale_epochs": 76
}
{
  "epoch": 78,
  "train_loss": 1.039016991853714,
  "val_loss": 0.88268644059583,
  "weighted_val_loss": 0.29309214260429145,
  "best_loss": 0.8822397489263083,
  "stale_epochs": 77
}
{
  "epoch": 79,
  "train_loss": 1.214577520887057,
  "val_loss": 0.8826935314720264,
  "weighted_val_loss": 0.2936955260112882,
  "best_loss": 0.8822397489263083,
  "stale_epochs": 78
}
{
  "epoch": 80,
  "train_loss": 1.254732643564542,
  "val_loss": 0.8826992114813368,
  "weighted_val_loss": 0.2915225848555565,
  "best_loss": 0.8822397489263083,
  "stale_epochs": 79
}
{
  "status": "ok",
  "summary": {
    "split": "dip_test_after_amass",
    "joint_pos_l2_m": 0.2774892292524639,
    "joint_vel_l2_mps": 0.4230872208350583,
    "joint_acc_l2_mps2": 43.323985953080026,
    "gravity_angle_deg": 12.944853443848459,
    "sequence_mean": {
      "joint_pos_l2_m": 0.2774892292524639,
      "joint_vel_l2_mps": 0.4230872208350583,
      "joint_acc_l2_mps2": 43.323985953080026,
      "gravity_angle_deg": 12.944853443848459
    },
    "frame_leaf_mean": {
      "joint_pos_l2_m": 0.2792234518969762,
      "joint_vel_l2_mps": 0.3303201406862424,
      "joint_acc_l2_mps2": 34.466479800243015
    },
    "frame_mean_gravity_angle_deg": 15.264474071181757,
    "sequence_mean_gravity_angle_deg": 12.944853443848459,
    "per_leaf": {
      "left_forearm": {
        "joint_pos_l2_m": 0.3658558161635148,
        "joint_vel_l2_mps": 0.49241677710884496,
        "joint_acc_l2_mps2": 61.78890303561562
      },
      "right_forearm": {
        "joint_pos_l2_m": 0.3569160354764838,
        "joint_vel_l2_mps": 0.42194659851099314,
        "joint_acc_l2_mps2": 59.28825468766062
      },
      "left_lower_leg": {
        "joint_pos_l2_m": 0.2351715674525813,
        "joint_vel_l2_mps": 0.370157550628248,
        "joint_acc_l2_mps2": 28.480581961180036
      },
      "right_lower_leg": {
        "joint_pos_l2_m": 0.25390811107660594,
        "joint_vel_l2_mps": 0.42714859525624077,
        "joint_acc_l2_mps2": 34.9925528701983
      },
      "head": {
        "joint_pos_l2_m": 0.175594604329059,
        "joint_vel_l2_mps": 0.40376653698714154,
        "joint_acc_l2_mps2": 32.0696358931692
      }
    },
    "num_sequences": 19,
    "num_frames": 57994
  }
}
/home/lingfeng/.conda/envs/globalpose-gpu/bin/python pl_curve_train.py --train-cache data/experiments/pl_joint_control_acc_aug102_v1_full_20260620_134805/cache/dip_train/pl_curve_cache_manifest.json --val-cache data/experiments/pl_joint_control_acc_aug102_v1_full_20260620_134805/cache/dip_val/pl_curve_cache_manifest.json --output-dir data/experiments/pl_joint_control_acc_aug102_v1_full_20260620_134805/train/dip_finetune --experiment-name pl_joint_control_acc_aug102_v1_dip_finetune --epochs 40 --window 61 --batch-size 12 --lr 5e-06 --hidden-size 512 --tail-length 4 --residual-scale 0.005 --dropout 0.4 --grad-clip 1.0 --max-train-sequences 0 --max-val-sequences 0 --val-window-length 61 --init-checkpoint data/experiments/pl_joint_control_acc_aug102_v1_full_20260620_134805/train/amass_pretrain/best_loss.pt --input-size 102 --init-size 36 --disable-ik-distill --selection-metric pl_and_control_physical --pRB-weight 1.0 --gR1-weight 0.3 --baseline-pRB-weight 0.0 --baseline-gR1-weight 0.0 --gt-control-pRB-weight 0.5 --gt-control-gR1-weight 0.1 --pRB-dot-weight 0.5 --pRB-ddot-weight 0.1 --pRB-ddot-smooth-weight 0.001 --gR-smooth-weight 0.001 --control-point-prior-weight 0.001 --tail-update-prior-weight 0.001 --gR1-dot-weight 0.0 --gR1-ddot-weight 0.0
{
  "epoch": 1,
  "train_loss": 0.022409057865540188,
  "val_loss": 0.456203360353415,
  "weighted_val_loss": 0.5299614807590842,
  "best_loss": 0.456203360353415,
  "stale_epochs": 0
}
{
  "epoch": 2,
  "train_loss": 0.021933529525995255,
  "val_loss": 0.45550478605425615,
  "weighted_val_loss": 0.525422602891922,
  "best_loss": 0.45550478605425615,
  "stale_epochs": 0
}
{
  "epoch": 3,
  "train_loss": 0.021841806049148243,
  "val_loss": 0.45482912685725024,
  "weighted_val_loss": 0.5229976618041595,
  "best_loss": 0.45482912685725024,
  "stale_epochs": 0
}
{
  "epoch": 4,
  "train_loss": 0.021807327245672543,
  "val_loss": 0.45418403526205764,
  "weighted_val_loss": 0.5211760094389319,
  "best_loss": 0.45418403526205764,
  "stale_epochs": 0
}
{
  "epoch": 5,
  "train_loss": 0.021774983654419582,
  "val_loss": 0.4535757316932695,
  "weighted_val_loss": 0.5196682286138335,
  "best_loss": 0.4535757316932695,
  "stale_epochs": 0
}
{
  "epoch": 6,
  "train_loss": 0.021753067150712013,
  "val_loss": 0.45300977924696983,
  "weighted_val_loss": 0.518020105548203,
  "best_loss": 0.45300977924696983,
  "stale_epochs": 0
}
{
  "epoch": 7,
  "train_loss": 0.02179064353307088,
  "val_loss": 0.4524930843987067,
  "weighted_val_loss": 0.516734866425395,
  "best_loss": 0.4524930843987067,
  "stale_epochs": 0
}
{
  "epoch": 8,
  "train_loss": 0.021911927809317906,
  "val_loss": 0.45202494048882835,
  "weighted_val_loss": 0.5169049175456166,
  "best_loss": 0.45202494048882835,
  "stale_epochs": 0
}
{
  "epoch": 9,
  "train_loss": 0.02224397473037243,
  "val_loss": 0.45160644486891877,
  "weighted_val_loss": 0.5178004133825501,
  "best_loss": 0.45160644486891877,
  "stale_epochs": 0
}
{
  "epoch": 10,
  "train_loss": 0.022618476922313373,
  "val_loss": 0.4512331728405638,
  "weighted_val_loss": 0.5178716573864222,
  "best_loss": 0.4512331728405638,
  "stale_epochs": 0
}
{
  "epoch": 11,
  "train_loss": 0.02298947237432003,
  "val_loss": 0.4508908981100732,
  "weighted_val_loss": 0.5162458565707008,
  "best_loss": 0.4508908981100732,
  "stale_epochs": 0
}
{
  "epoch": 12,
  "train_loss": 0.02350773724416892,
  "val_loss": 0.45056561338295625,
  "weighted_val_loss": 0.5135669239486257,
  "best_loss": 0.45056561338295625,
  "stale_epochs": 0
}
{
  "epoch": 13,
  "train_loss": 0.024283929417530697,
  "val_loss": 0.4502662641332028,
  "weighted_val_loss": 0.5121741664285461,
  "best_loss": 0.4502662641332028,
  "stale_epochs": 0
}
{
  "epoch": 14,
  "train_loss": 0.02513166020313899,
  "val_loss": 0.450001484768212,
  "weighted_val_loss": 0.5115996676807603,
  "best_loss": 0.450001484768212,
  "stale_epochs": 0
}
{
  "epoch": 15,
  "train_loss": 0.026270017648736637,
  "val_loss": 0.4497666533635389,
  "weighted_val_loss": 0.511768345721066,
  "best_loss": 0.4497666533635389,
  "stale_epochs": 0
}
{
  "epoch": 16,
  "train_loss": 0.02718997560441494,
  "val_loss": 0.4495592355220138,
  "weighted_val_loss": 0.512421068114539,
  "best_loss": 0.4495592355220138,
  "stale_epochs": 0
}
{
  "epoch": 17,
  "train_loss": 0.028836403662959736,
  "val_loss": 0.4493684399453045,
  "weighted_val_loss": 0.513700393649439,
  "best_loss": 0.4493684399453045,
  "stale_epochs": 0
}
{
  "epoch": 18,
  "train_loss": 0.03122934823234876,
  "val_loss": 0.44918438398454297,
  "weighted_val_loss": 0.5160158757741252,
  "best_loss": 0.44918438398454297,
  "stale_epochs": 0
}
{
  "epoch": 19,
  "train_loss": 0.032810536523660026,
  "val_loss": 0.44900503959436544,
  "weighted_val_loss": 0.5180772493282954,
  "best_loss": 0.44900503959436544,
  "stale_epochs": 0
}
{
  "epoch": 20,
  "train_loss": 0.03566498557726542,
  "val_loss": 0.4488440724199788,
  "weighted_val_loss": 0.5191949947426716,
  "best_loss": 0.4488440724199788,
  "stale_epochs": 0
}
{
  "epoch": 21,
  "train_loss": 0.040005385875701904,
  "val_loss": 0.4486954256225635,
  "weighted_val_loss": 0.5202155811712146,
  "best_loss": 0.4486954256225635,
  "stale_epochs": 0
}
{
  "epoch": 22,
  "train_loss": 0.04594341665506363,
  "val_loss": 0.4485482989146721,
  "weighted_val_loss": 0.52242894222339,
  "best_loss": 0.4485482989146721,
  "stale_epochs": 0
}
{
  "epoch": 23,
  "train_loss": 0.0549613448480765,
  "val_loss": 0.44842120805907815,
  "weighted_val_loss": 0.5243604406714439,
  "best_loss": 0.44842120805907815,
  "stale_epochs": 0
}
{
  "epoch": 24,
  "train_loss": 0.06744928782184918,
  "val_loss": 0.4483228567461706,
  "weighted_val_loss": 0.5247484330708782,
  "best_loss": 0.4483228567461706,
  "stale_epochs": 0
}
{
  "epoch": 25,
  "train_loss": 0.08169694244861603,
  "val_loss": 0.4482422916744699,
  "weighted_val_loss": 0.524369184859097,
  "best_loss": 0.4482422916744699,
  "stale_epochs": 0
}
{
  "epoch": 26,
  "train_loss": 0.0934193270901839,
  "val_loss": 0.44817435245016823,
  "weighted_val_loss": 0.5233689248561859,
  "best_loss": 0.44817435245016823,
  "stale_epochs": 0
}
{
  "epoch": 27,
  "train_loss": 0.10279516006509463,
  "val_loss": 0.44812106871624663,
  "weighted_val_loss": 0.5227075321599841,
  "best_loss": 0.44812106871624663,
  "stale_epochs": 0
}
{
  "epoch": 28,
  "train_loss": 0.11225345482428868,
  "val_loss": 0.44807160849177313,
  "weighted_val_loss": 0.5213497973357638,
  "best_loss": 0.44807160849177313,
  "stale_epochs": 0
}
{
  "epoch": 29,
  "train_loss": 0.12251859779159228,
  "val_loss": 0.44802440370537466,
  "weighted_val_loss": 0.5195583968112866,
  "best_loss": 0.44802440370537466,
  "stale_epochs": 0
}
{
  "epoch": 30,
  "train_loss": 0.12828169266382852,
  "val_loss": 0.4479870333118639,
  "weighted_val_loss": 0.5177099968617161,
  "best_loss": 0.4479870333118639,
  "stale_epochs": 0
}
{
  "epoch": 31,
  "train_loss": 0.13338515162467957,
  "val_loss": 0.44796634648053324,
  "weighted_val_loss": 0.5163419951374332,
  "best_loss": 0.44796634648053324,
  "stale_epochs": 0
}
{
  "epoch": 32,
  "train_loss": 0.14285414045055708,
  "val_loss": 0.4479534683750488,
  "weighted_val_loss": 0.5150238539402684,
  "best_loss": 0.4479534683750488,
  "stale_epochs": 0
}
{
  "epoch": 33,
  "train_loss": 0.1585568462808927,
  "val_loss": 0.4479312232746657,
  "weighted_val_loss": 0.513799120982488,
  "best_loss": 0.4479312232746657,
  "stale_epochs": 0
}
{
  "epoch": 34,
  "train_loss": 0.17273568734526634,
  "val_loss": 0.4479086163175145,
  "weighted_val_loss": 0.5131267827625076,
  "best_loss": 0.4479086163175145,
  "stale_epochs": 0
}
{
  "epoch": 35,
  "train_loss": 0.19077706833680472,
  "val_loss": 0.447890385674895,
  "weighted_val_loss": 0.512831988123556,
  "best_loss": 0.447890385674895,
  "stale_epochs": 0
}
{
  "epoch": 36,
  "train_loss": 0.2078612099091212,
  "val_loss": 0.4478781421981139,
  "weighted_val_loss": 0.5131259054566423,
  "best_loss": 0.4478781421981139,
  "stale_epochs": 0
}
{
  "epoch": 37,
  "train_loss": 0.22855071475108465,
  "val_loss": 0.4478730436509757,
  "weighted_val_loss": 0.5139135054002205,
  "best_loss": 0.4478730436509757,
  "stale_epochs": 0
}
{
  "epoch": 38,
  "train_loss": 0.23904480785131454,
  "val_loss": 0.4478741982588096,
  "weighted_val_loss": 0.5152925712366899,
  "best_loss": 0.4478730436509757,
  "stale_epochs": 1
}
{
  "epoch": 39,
  "train_loss": 0.2517676055431366,
  "val_loss": 0.44787854303139707,
  "weighted_val_loss": 0.5166187320525447,
  "best_loss": 0.4478730436509757,
  "stale_epochs": 2
}
{
  "epoch": 40,
  "train_loss": 0.26443176716566086,
  "val_loss": 0.4478840948509715,
  "weighted_val_loss": 0.5173537777736783,
  "best_loss": 0.4478730436509757,
  "stale_epochs": 3
}
{
  "status": "ok",
  "summary": {
    "split": "dip_test_after_dip",
    "joint_pos_l2_m": 0.2773978788601725,
    "joint_vel_l2_mps": 0.4232577203135741,
    "joint_acc_l2_mps2": 43.32889436420641,
    "gravity_angle_deg": 12.946709168584723,
    "sequence_mean": {
      "joint_pos_l2_m": 0.2773978788601725,
      "joint_vel_l2_mps": 0.4232577203135741,
      "joint_acc_l2_mps2": 43.32889436420641,
      "gravity_angle_deg": 12.946709168584723
    },
    "frame_leaf_mean": {
      "joint_pos_l2_m": 0.27913883723667765,
      "joint_vel_l2_mps": 0.330523066167168,
      "joint_acc_l2_mps2": 34.47863455539318
    },
    "frame_mean_gravity_angle_deg": 15.267436672803612,
    "sequence_mean_gravity_angle_deg": 12.946709168584723,
    "per_leaf": {
      "left_forearm": {
        "joint_pos_l2_m": 0.3657795598632411,
        "joint_vel_l2_mps": 0.4925317215292077,
        "joint_acc_l2_mps2": 61.76721582914654
      },
      "right_forearm": {
        "joint_pos_l2_m": 0.35680280704247325,
        "joint_vel_l2_mps": 0.4221452866729937,
        "joint_acc_l2_mps2": 59.264345269454154
      },
      "left_lower_leg": {
        "joint_pos_l2_m": 0.23508013784885406,
        "joint_vel_l2_mps": 0.3703214961447214,
        "joint_acc_l2_mps2": 28.5266175395564
      },
      "right_lower_leg": {
        "joint_pos_l2_m": 0.2538623151026274,
        "joint_vel_l2_mps": 0.42734740576461744,
        "joint_acc_l2_mps2": 35.02674933483726
      },
      "head": {
        "joint_pos_l2_m": 0.17546457836502477,
        "joint_vel_l2_mps": 0.40394262126401853,
        "joint_acc_l2_mps2": 32.05954564245123
      }
    },
    "num_sequences": 19,
    "num_frames": 57994
  }
}
{
  "status": "ok",
  "summary": "data/experiments/pl_joint_control_acc_aug102_v1_full_20260620_134805/SUMMARY.md"
}
2026-06-20T13:59:07+08:00
done: data/experiments/pl_joint_control_acc_aug102_v1_full_20260620_134805
