group,mahalanobis,max_abs_z,ref,sequence_index_in_group
ALL/all,74.89461377701929,,TotalCapture_train,1327
DIP/train,74.89461377701929,,TotalCapture_train,29
DIP/all,74.89461377701929,,TotalCapture_train,29
ALL/all,59.95064008871185,,TotalCapture_train,1315
DIP/train,59.95064008871185,,TotalCapture_train,17
DIP/all,59.95064008871185,,TotalCapture_train,17
ALL/all,54.081957985283616,,TotalCapture_train,1338
DIP/all,54.081957985283616,,TotalCapture_train,40
DIP/val,54.081957985283616,,TotalCapture_train,4
ALL/all,52.56996358968943,,TotalCapture_train,1355
DIP/all,52.56996358968943,,TotalCapture_train,57
DIP/test,52.56996358968943,,TotalCapture_train,15
ALL/all,34.901514915879716,,TotalCapture_train,1299
DIP/train,34.901514915879716,,TotalCapture_train,1
DIP/all,34.901514915879716,,TotalCapture_train,1
ALL/all,33.27614865183062,,TotalCapture_train,1302
DIP/train,33.27614865183062,,TotalCapture_train,4
DIP/all,33.27614865183062,,TotalCapture_train,4
ALL/all,32.96341077272701,,TotalCapture_train,1339
DIP/all,32.96341077272701,,TotalCapture_train,41
DIP/val,32.96341077272701,,TotalCapture_train,5
AMASS/train,32.42040869823504,,TotalCapture_train,259
AMASS/all,32.42040869823504,,TotalCapture_train,259
ALL/all,32.42040869823504,,TotalCapture_train,259
AMASS/train,32.327484258388246,,TotalCapture_train,629
AMASS/all,32.327484258388246,,TotalCapture_train,629
ALL/all,32.327484258388246,,TotalCapture_train,629
ALL/all,31.723401793392668,,TotalCapture_train,1356
DIP/all,31.723401793392668,,TotalCapture_train,58
DIP/test,31.723401793392668,,TotalCapture_train,16
AMASS/train,31.159779861961272,,TotalCapture_train,775
AMASS/all,31.159779861961272,,TotalCapture_train,775
ALL/all,31.159779861961272,,TotalCapture_train,775
AMASS/train,30.989238725241016,,TotalCapture_train,129
AMASS/all,30.989238725241016,,TotalCapture_train,129
ALL/all,30.989238725241016,,TotalCapture_train,129
AMASS/train,30.897341001471208,,TotalCapture_train,205
AMASS/all,30.897341001471208,,TotalCapture_train,205
ALL/all,30.897341001471208,,TotalCapture_train,205
AMASS/train,30.181946502863436,,TotalCapture_train,199
AMASS/all,30.181946502863436,,TotalCapture_train,199
ALL/all,30.181946502863436,,TotalCapture_train,199
AMASS/train,30.168261072045507,,TotalCapture_train,957
AMASS/all,30.168261072045507,,TotalCapture_train,957
ALL/all,30.168261072045507,,TotalCapture_train,957
AMASS/train,30.051623132908357,,TotalCapture_train,1121
AMASS/all,30.051623132908357,,TotalCapture_train,1121
ALL/all,30.051623132908357,,TotalCapture_train,1121
AMASS/train,29.888429757606403,,TotalCapture_train,611
AMASS/all,29.888429757606403,,TotalCapture_train,611
ALL/all,29.888429757606403,,TotalCapture_train,611
AMASS/train,29.77911532092902,,TotalCapture_train,337
AMASS/all,29.77911532092902,,TotalCapture_train,337
ALL/all,29.77911532092902,,TotalCapture_train,337
ALL/all,29.589706609906287,,TotalCapture_train,1332
DIP/train,29.589706609906287,,TotalCapture_train,34
DIP/all,29.589706609906287,,TotalCapture_train,34
AMASS/train,29.518262673436983,,TotalCapture_train,1045
AMASS/all,29.518262673436983,,TotalCapture_train,1045
ALL/all,29.518262673436983,,TotalCapture_train,1045
AMASS/train,29.481734154090212,,TotalCapture_train,851
AMASS/all,29.481734154090212,,TotalCapture_train,851
ALL/all,29.481734154090212,,TotalCapture_train,851
AMASS/train,29.356452895549026,,TotalCapture_train,675
AMASS/all,29.356452895549026,,TotalCapture_train,675
ALL/all,29.356452895549026,,TotalCapture_train,675
AMASS/train,28.977743337707476,,TotalCapture_train,245
AMASS/all,28.977743337707476,,TotalCapture_train,245
ALL/all,28.977743337707476,,TotalCapture_train,245
AMASS/train,28.947927578614586,,TotalCapture_train,1207
AMASS/all,28.947927578614586,,TotalCapture_train,1207
ALL/all,28.947927578614586,,TotalCapture_train,1207
AMASS/train,28.8933063382697,,TotalCapture_train,867
AMASS/all,28.8933063382697,,TotalCapture_train,867
ALL/all,28.8933063382697,,TotalCapture_train,867
AMASS/train,28.8225020670542,,TotalCapture_train,1017
AMASS/all,28.8225020670542,,TotalCapture_train,1017
ALL/all,28.8225020670542,,TotalCapture_train,1017
AMASS/train,28.82092889090192,,TotalCapture_train,585
AMASS/all,28.82092889090192,,TotalCapture_train,585
ALL/all,28.82092889090192,,TotalCapture_train,585
AMASS/train,28.816089154734087,,TotalCapture_train,371
AMASS/all,28.816089154734087,,TotalCapture_train,371
ALL/all,28.816089154734087,,TotalCapture_train,371
AMASS/train,28.792154804499106,,TotalCapture_train,407
AMASS/all,28.792154804499106,,TotalCapture_train,407
ALL/all,28.792154804499106,,TotalCapture_train,407
AMASS/train,28.506225500135493,,TotalCapture_train,153
AMASS/all,28.506225500135493,,TotalCapture_train,153
ALL/all,28.506225500135493,,TotalCapture_train,153
AMASS/train,28.483339485271195,,TotalCapture_train,477
AMASS/all,28.483339485271195,,TotalCapture_train,477
ALL/all,28.483339485271195,,TotalCapture_train,477
AMASS/train,28.42086063577839,,TotalCapture_train,1189
AMASS/all,28.42086063577839,,TotalCapture_train,1189
ALL/all,28.42086063577839,,TotalCapture_train,1189
AMASS/train,28.41581195812984,,TotalCapture_train,799
AMASS/all,28.41581195812984,,TotalCapture_train,799
ALL/all,28.41581195812984,,TotalCapture_train,799
AMASS/train,28.34540667200217,,TotalCapture_train,589
AMASS/all,28.34540667200217,,TotalCapture_train,589
ALL/all,28.34540667200217,,TotalCapture_train,589
AMASS/train,28.328400890665154,,TotalCapture_train,517
AMASS/all,28.328400890665154,,TotalCapture_train,517
ALL/all,28.328400890665154,,TotalCapture_train,517
AMASS/train,28.290611390873885,,TotalCapture_train,435
AMASS/all,28.290611390873885,,TotalCapture_train,435
ALL/all,28.290611390873885,,TotalCapture_train,435
AMASS/train,28.273126627370033,,TotalCapture_train,177
AMASS/all,28.273126627370033,,TotalCapture_train,177
ALL/all,28.273126627370033,,TotalCapture_train,177
AMASS/train,28.123659095348497,,TotalCapture_train,267
AMASS/all,28.123659095348497,,TotalCapture_train,267
ALL/all,28.123659095348497,,TotalCapture_train,267
AMASS/train,27.99350628183422,,TotalCapture_train,767
AMASS/all,27.99350628183422,,TotalCapture_train,767
ALL/all,27.99350628183422,,TotalCapture_train,767
ALL/all,27.99061008691855,,TotalCapture_train,1310
DIP/train,27.99061008691855,,TotalCapture_train,12
DIP/all,27.99061008691855,,TotalCapture_train,12
AMASS/train,27.964916088927694,,TotalCapture_train,1181
AMASS/all,27.964916088927694,,TotalCapture_train,1181
ALL/all,27.964916088927694,,TotalCapture_train,1181
AMASS/train,27.92973792706013,,TotalCapture_train,697
AMASS/all,27.92973792706013,,TotalCapture_train,697
ALL/all,27.92973792706013,,TotalCapture_train,697
AMASS/train,27.85347720351064,,TotalCapture_train,1135
AMASS/all,27.85347720351064,,TotalCapture_train,1135
ALL/all,27.85347720351064,,TotalCapture_train,1135
AMASS/train,27.74632602469654,,TotalCapture_train,395
AMASS/all,27.74632602469654,,TotalCapture_train,395
ALL/all,27.74632602469654,,TotalCapture_train,395
AMASS/train,27.71046158199533,,TotalCapture_train,743
AMASS/all,27.71046158199533,,TotalCapture_train,743
ALL/all,27.71046158199533,,TotalCapture_train,743
AMASS/train,27.662356129262783,,TotalCapture_train,657
AMASS/all,27.662356129262783,,TotalCapture_train,657
ALL/all,27.662356129262783,,TotalCapture_train,657
AMASS/train,27.63268516251508,,TotalCapture_train,397
AMASS/all,27.63268516251508,,TotalCapture_train,397
ALL/all,27.63268516251508,,TotalCapture_train,397
AMASS/train,27.600944760007504,,TotalCapture_train,157
AMASS/all,27.600944760007504,,TotalCapture_train,157
ALL/all,27.600944760007504,,TotalCapture_train,157
AMASS/train,27.472133800770244,,TotalCapture_train,991
AMASS/all,27.472133800770244,,TotalCapture_train,991
ALL/all,27.472133800770244,,TotalCapture_train,991
AMASS/train,27.456136060317828,,TotalCapture_train,1287
AMASS/all,27.456136060317828,,TotalCapture_train,1287
ALL/all,27.456136060317828,,TotalCapture_train,1287
AMASS/train,27.44146146845839,,TotalCapture_train,253
AMASS/all,27.44146146845839,,TotalCapture_train,253
ALL/all,27.44146146845839,,TotalCapture_train,253
AMASS/train,27.407269919150952,,TotalCapture_train,801
AMASS/all,27.407269919150952,,TotalCapture_train,801
ALL/all,27.407269919150952,,TotalCapture_train,801
AMASS/train,27.379526260940743,,TotalCapture_train,819
AMASS/all,27.379526260940743,,TotalCapture_train,819
ALL/all,27.379526260940743,,TotalCapture_train,819
AMASS/train,27.29611096985457,,TotalCapture_train,875
AMASS/all,27.29611096985457,,TotalCapture_train,875
ALL/all,27.29611096985457,,TotalCapture_train,875
AMASS/train,27.229556997914802,,TotalCapture_train,289
AMASS/all,27.229556997914802,,TotalCapture_train,289
ALL/all,27.229556997914802,,TotalCapture_train,289
AMASS/train,27.21623918924701,,TotalCapture_train,1209
AMASS/all,27.21623918924701,,TotalCapture_train,1209
ALL/all,27.21623918924701,,TotalCapture_train,1209
AMASS/train,27.16254752335942,,TotalCapture_train,769
AMASS/all,27.16254752335942,,TotalCapture_train,769
ALL/all,27.16254752335942,,TotalCapture_train,769
AMASS/train,27.14240647197037,,TotalCapture_train,711
AMASS/all,27.14240647197037,,TotalCapture_train,711
ALL/all,27.14240647197037,,TotalCapture_train,711
AMASS/train,27.111565743279208,,TotalCapture_train,81
AMASS/all,27.111565743279208,,TotalCapture_train,81
ALL/all,27.111565743279208,,TotalCapture_train,81
AMASS/train,27.104893743239348,,TotalCapture_train,1239
AMASS/all,27.104893743239348,,TotalCapture_train,1239
ALL/all,27.104893743239348,,TotalCapture_train,1239
ALL/all,27.048860979594778,,TotalCapture_train,1307
DIP/train,27.048860979594778,,TotalCapture_train,9
DIP/all,27.048860979594778,,TotalCapture_train,9
AMASS/train,26.995479400534663,,TotalCapture_train,343
AMASS/all,26.995479400534663,,TotalCapture_train,343
ALL/all,26.995479400534663,,TotalCapture_train,343
ALL/all,26.987662074500196,,TotalCapture_train,1301
DIP/train,26.987662074500196,,TotalCapture_train,3
DIP/all,26.987662074500196,,TotalCapture_train,3
AMASS/train,26.9513288760565,,TotalCapture_train,229
AMASS/all,26.9513288760565,,TotalCapture_train,229
ALL/all,26.9513288760565,,TotalCapture_train,229
AMASS/train,26.951261011554237,,TotalCapture_train,121
AMASS/all,26.951261011554237,,TotalCapture_train,121
ALL/all,26.951261011554237,,TotalCapture_train,121
AMASS/train,26.843160073430255,,TotalCapture_train,1003
AMASS/all,26.843160073430255,,TotalCapture_train,1003
ALL/all,26.843160073430255,,TotalCapture_train,1003
AMASS/train,26.820543287416335,,TotalCapture_train,209
AMASS/all,26.820543287416335,,TotalCapture_train,209
ALL/all,26.820543287416335,,TotalCapture_train,209
AMASS/train,26.82048618010896,,TotalCapture_train,1289
AMASS/all,26.82048618010896,,TotalCapture_train,1289
ALL/all,26.82048618010896,,TotalCapture_train,1289
AMASS/train,26.758044018421813,,TotalCapture_train,855
AMASS/all,26.758044018421813,,TotalCapture_train,855
ALL/all,26.758044018421813,,TotalCapture_train,855
AMASS/train,26.715459015434043,,TotalCapture_train,499
AMASS/all,26.715459015434043,,TotalCapture_train,499
ALL/all,26.715459015434043,,TotalCapture_train,499
AMASS/train,26.706233312434055,,TotalCapture_train,365
AMASS/all,26.706233312434055,,TotalCapture_train,365
ALL/all,26.706233312434055,,TotalCapture_train,365
AMASS/train,26.705016015882915,,TotalCapture_train,1057
AMASS/all,26.705016015882915,,TotalCapture_train,1057
ALL/all,26.705016015882915,,TotalCapture_train,1057
AMASS/train,26.69973300682117,,TotalCapture_train,1237
AMASS/all,26.69973300682117,,TotalCapture_train,1237
ALL/all,26.69973300682117,,TotalCapture_train,1237
AMASS/train,26.691579504734925,,TotalCapture_train,175
AMASS/all,26.691579504734925,,TotalCapture_train,175
ALL/all,26.691579504734925,,TotalCapture_train,175
AMASS/train,26.544898177483194,,TotalCapture_train,669
AMASS/all,26.544898177483194,,TotalCapture_train,669
ALL/all,26.544898177483194,,TotalCapture_train,669
AMASS/train,26.525426410540515,,TotalCapture_train,793
AMASS/all,26.525426410540515,,TotalCapture_train,793
ALL/all,26.525426410540515,,TotalCapture_train,793
AMASS/train,26.409801083962254,,TotalCapture_train,309
AMASS/all,26.409801083962254,,TotalCapture_train,309
ALL/all,26.409801083962254,,TotalCapture_train,309
AMASS/train,26.387987518969066,,TotalCapture_train,1253
AMASS/all,26.387987518969066,,TotalCapture_train,1253
ALL/all,26.387987518969066,,TotalCapture_train,1253
AMASS/train,26.380586487809953,,TotalCapture_train,353
AMASS/all,26.380586487809953,,TotalCapture_train,353
ALL/all,26.380586487809953,,TotalCapture_train,353
AMASS/train,26.366344230331215,,TotalCapture_train,971
AMASS/all,26.366344230331215,,TotalCapture_train,971
ALL/all,26.366344230331215,,TotalCapture_train,971
ALL/all,26.34637266064207,,TotalCapture_train,1397
TotalCapture/all,26.34637266064207,,TotalCapture_train,38
TotalCapture/val,26.34637266064207,,TotalCapture_train,2
AMASS/train,26.289185371867248,,TotalCapture_train,909
AMASS/all,26.289185371867248,,TotalCapture_train,909
ALL/all,26.289185371867248,,TotalCapture_train,909
AMASS/train,26.267550963948302,,TotalCapture_train,1063
AMASS/all,26.267550963948302,,TotalCapture_train,1063
ALL/all,26.267550963948302,,TotalCapture_train,1063
AMASS/train,26.247694652334207,,TotalCapture_train,387
AMASS/all,26.247694652334207,,TotalCapture_train,387
ALL/all,26.247694652334207,,TotalCapture_train,387
AMASS/train,26.184487371863515,,TotalCapture_train,481
AMASS/all,26.184487371863515,,TotalCapture_train,481
ALL/all,26.184487371863515,,TotalCapture_train,481
AMASS/train,26.149569925584217,,TotalCapture_train,97
AMASS/all,26.149569925584217,,TotalCapture_train,97
ALL/all,26.149569925584217,,TotalCapture_train,97
AMASS/train,26.149253310500658,,TotalCapture_train,607
AMASS/all,26.149253310500658,,TotalCapture_train,607
ALL/all,26.149253310500658,,TotalCapture_train,607
AMASS/train,26.118768355338577,,TotalCapture_train,1037
AMASS/all,26.118768355338577,,TotalCapture_train,1037
ALL/all,26.118768355338577,,TotalCapture_train,1037
AMASS/train,26.091911051311822,,TotalCapture_train,1153
AMASS/all,26.091911051311822,,TotalCapture_train,1153
ALL/all,26.091911051311822,,TotalCapture_train,1153
AMASS/train,26.090041613351687,,TotalCapture_train,113
AMASS/all,26.090041613351687,,TotalCapture_train,113
ALL/all,26.090041613351687,,TotalCapture_train,113
AMASS/train,26.065701788394794,,TotalCapture_train,1137
AMASS/all,26.065701788394794,,TotalCapture_train,1137
ALL/all,26.065701788394794,,TotalCapture_train,1137
AMASS/train,26.026075694468677,,TotalCapture_train,737
AMASS/all,26.026075694468677,,TotalCapture_train,737
ALL/all,26.026075694468677,,TotalCapture_train,737
AMASS/train,26.0227979662105,,TotalCapture_train,325
AMASS/all,26.0227979662105,,TotalCapture_train,325
ALL/all,26.0227979662105,,TotalCapture_train,325
AMASS/train,26.017155315042203,,TotalCapture_train,823
AMASS/all,26.017155315042203,,TotalCapture_train,823
ALL/all,26.017155315042203,,TotalCapture_train,823
AMASS/train,25.956131194797212,,TotalCapture_train,139
AMASS/all,25.956131194797212,,TotalCapture_train,139
ALL/all,25.956131194797212,,TotalCapture_train,139
AMASS/train,25.947752580200635,,TotalCapture_train,637
AMASS/all,25.947752580200635,,TotalCapture_train,637
ALL/all,25.947752580200635,,TotalCapture_train,637
AMASS/train,25.92316859703516,,TotalCapture_train,889
AMASS/all,25.92316859703516,,TotalCapture_train,889
ALL/all,25.92316859703516,,TotalCapture_train,889
AMASS/train,25.835734414130286,,TotalCapture_train,1145
AMASS/all,25.835734414130286,,TotalCapture_train,1145
ALL/all,25.835734414130286,,TotalCapture_train,1145
AMASS/train,25.822149015712785,,TotalCapture_train,1065
AMASS/all,25.822149015712785,,TotalCapture_train,1065
ALL/all,25.822149015712785,,TotalCapture_train,1065
AMASS/train,25.818245012327615,,TotalCapture_train,757
AMASS/all,25.818245012327615,,TotalCapture_train,757
ALL/all,25.818245012327615,,TotalCapture_train,757
AMASS/train,25.763633689910623,,TotalCapture_train,77
AMASS/all,25.763633689910623,,TotalCapture_train,77
ALL/all,25.763633689910623,,TotalCapture_train,77
AMASS/train,25.74079095719235,,TotalCapture_train,187
AMASS/all,25.74079095719235,,TotalCapture_train,187
ALL/all,25.74079095719235,,TotalCapture_train,187
AMASS/train,25.670258256463036,,TotalCapture_train,945
AMASS/all,25.670258256463036,,TotalCapture_train,945
ALL/all,25.670258256463036,,TotalCapture_train,945
AMASS/train,25.65982335020005,,TotalCapture_train,17
AMASS/all,25.65982335020005,,TotalCapture_train,17
ALL/all,25.65982335020005,,TotalCapture_train,17
AMASS/train,25.651758250504663,,TotalCapture_train,381
AMASS/all,25.651758250504663,,TotalCapture_train,381
ALL/all,25.651758250504663,,TotalCapture_train,381
AMASS/train,25.605265436882785,,TotalCapture_train,301
AMASS/all,25.605265436882785,,TotalCapture_train,301
ALL/all,25.605265436882785,,TotalCapture_train,301
AMASS/train,25.585330939012973,,TotalCapture_train,467
AMASS/all,25.585330939012973,,TotalCapture_train,467
ALL/all,25.585330939012973,,TotalCapture_train,467
AMASS/train,25.56618203692061,,TotalCapture_train,1105
AMASS/all,25.56618203692061,,TotalCapture_train,1105
ALL/all,25.56618203692061,,TotalCapture_train,1105
AMASS/train,25.552337144562614,,TotalCapture_train,65
AMASS/all,25.552337144562614,,TotalCapture_train,65
ALL/all,25.552337144562614,,TotalCapture_train,65
AMASS/train,25.52836737815411,,TotalCapture_train,299
AMASS/all,25.52836737815411,,TotalCapture_train,299
ALL/all,25.52836737815411,,TotalCapture_train,299
AMASS/train,25.522012140058134,,TotalCapture_train,1083
AMASS/all,25.522012140058134,,TotalCapture_train,1083
ALL/all,25.522012140058134,,TotalCapture_train,1083
AMASS/train,25.43502487849146,,TotalCapture_train,115
AMASS/all,25.43502487849146,,TotalCapture_train,115
ALL/all,25.43502487849146,,TotalCapture_train,115
AMASS/train,25.406850218253297,,TotalCapture_train,11
AMASS/all,25.406850218253297,,TotalCapture_train,11
ALL/all,25.406850218253297,,TotalCapture_train,11
AMASS/train,25.343895778058425,,TotalCapture_train,255
AMASS/all,25.343895778058425,,TotalCapture_train,255
ALL/all,25.343895778058425,,TotalCapture_train,255
AMASS/train,25.285392869514947,,TotalCapture_train,1019
AMASS/all,25.285392869514947,,TotalCapture_train,1019
ALL/all,25.285392869514947,,TotalCapture_train,1019
AMASS/train,25.281685844875927,,TotalCapture_train,361
AMASS/all,25.281685844875927,,TotalCapture_train,361
ALL/all,25.281685844875927,,TotalCapture_train,361
AMASS/train,25.23370364832789,,TotalCapture_train,531
AMASS/all,25.23370364832789,,TotalCapture_train,531
ALL/all,25.23370364832789,,TotalCapture_train,531
AMASS/train,25.232920417694874,,TotalCapture_train,783
AMASS/all,25.232920417694874,,TotalCapture_train,783
ALL/all,25.232920417694874,,TotalCapture_train,783
AMASS/train,25.21635701377091,,TotalCapture_train,1223
AMASS/all,25.21635701377091,,TotalCapture_train,1223
ALL/all,25.21635701377091,,TotalCapture_train,1223
AMASS/train,25.18944761289333,,TotalCapture_train,409
AMASS/all,25.18944761289333,,TotalCapture_train,409
ALL/all,25.18944761289333,,TotalCapture_train,409
AMASS/train,25.188521237492825,,TotalCapture_train,1269
AMASS/all,25.188521237492825,,TotalCapture_train,1269
ALL/all,25.188521237492825,,TotalCapture_train,1269
AMASS/train,25.18637578005691,,TotalCapture_train,57
AMASS/all,25.18637578005691,,TotalCapture_train,57
ALL/all,25.18637578005691,,TotalCapture_train,57
AMASS/train,25.15918962104617,,TotalCapture_train,1203
AMASS/all,25.15918962104617,,TotalCapture_train,1203
ALL/all,25.15918962104617,,TotalCapture_train,1203
AMASS/train,25.106404361925673,,TotalCapture_train,615
AMASS/all,25.106404361925673,,TotalCapture_train,615
ALL/all,25.106404361925673,,TotalCapture_train,615
AMASS/train,25.01108047760562,,TotalCapture_train,649
AMASS/all,25.01108047760562,,TotalCapture_train,649
ALL/all,25.01108047760562,,TotalCapture_train,649
AMASS/train,24.99697718476092,,TotalCapture_train,1081
AMASS/all,24.99697718476092,,TotalCapture_train,1081
ALL/all,24.99697718476092,,TotalCapture_train,1081
AMASS/train,24.995082623415183,,TotalCapture_train,159
AMASS/all,24.995082623415183,,TotalCapture_train,159
ALL/all,24.995082623415183,,TotalCapture_train,159
AMASS/train,24.98790274039005,,TotalCapture_train,1025
AMASS/all,24.98790274039005,,TotalCapture_train,1025
ALL/all,24.98790274039005,,TotalCapture_train,1025
AMASS/train,24.97300549732112,,TotalCapture_train,705
AMASS/all,24.97300549732112,,TotalCapture_train,705
ALL/all,24.97300549732112,,TotalCapture_train,705
AMASS/train,24.944730682654086,,TotalCapture_train,635
AMASS/all,24.944730682654086,,TotalCapture_train,635
ALL/all,24.944730682654086,,TotalCapture_train,635
AMASS/train,24.926078716795985,,TotalCapture_train,181
AMASS/all,24.926078716795985,,TotalCapture_train,181
ALL/all,24.926078716795985,,TotalCapture_train,181
AMASS/train,24.925792074398327,,TotalCapture_train,915
AMASS/all,24.925792074398327,,TotalCapture_train,915
ALL/all,24.925792074398327,,TotalCapture_train,915
AMASS/train,24.923772693601546,,TotalCapture_train,717
AMASS/all,24.923772693601546,,TotalCapture_train,717
ALL/all,24.923772693601546,,TotalCapture_train,717
AMASS/train,24.9015729479594,,TotalCapture_train,423
AMASS/all,24.9015729479594,,TotalCapture_train,423
ALL/all,24.9015729479594,,TotalCapture_train,423
AMASS/train,24.877653890790885,,TotalCapture_train,127
AMASS/all,24.877653890790885,,TotalCapture_train,127
ALL/all,24.877653890790885,,TotalCapture_train,127
ALL/all,24.87217881398974,,TotalCapture_train,1311
DIP/train,24.87217881398974,,TotalCapture_train,13
DIP/all,24.87217881398974,,TotalCapture_train,13
AMASS/train,24.858747336225058,,TotalCapture_train,1059
AMASS/all,24.858747336225058,,TotalCapture_train,1059
ALL/all,24.858747336225058,,TotalCapture_train,1059
AMASS/train,24.84991430996214,,TotalCapture_train,953
AMASS/all,24.84991430996214,,TotalCapture_train,953
ALL/all,24.84991430996214,,TotalCapture_train,953
AMASS/train,24.82568976001929,,TotalCapture_train,215
AMASS/all,24.82568976001929,,TotalCapture_train,215
ALL/all,24.82568976001929,,TotalCapture_train,215
AMASS/train,24.820457690212066,,TotalCapture_train,1295
AMASS/all,24.820457690212066,,TotalCapture_train,1295
ALL/all,24.820457690212066,,TotalCapture_train,1295
AMASS/train,24.799552949789923,,TotalCapture_train,551
AMASS/all,24.799552949789923,,TotalCapture_train,551
ALL/all,24.799552949789923,,TotalCapture_train,551
AMASS/train,24.7947018307157,,TotalCapture_train,609
AMASS/all,24.7947018307157,,TotalCapture_train,609
ALL/all,24.7947018307157,,TotalCapture_train,609
AMASS/train,24.75893496706687,,TotalCapture_train,745
AMASS/all,24.75893496706687,,TotalCapture_train,745
ALL/all,24.75893496706687,,TotalCapture_train,745
AMASS/train,24.71989407754608,,TotalCapture_train,841
AMASS/all,24.71989407754608,,TotalCapture_train,841
ALL/all,24.71989407754608,,TotalCapture_train,841
AMASS/train,24.69194829072623,,TotalCapture_train,523
AMASS/all,24.69194829072623,,TotalCapture_train,523
ALL/all,24.69194829072623,,TotalCapture_train,523
AMASS/train,24.68969506038836,,TotalCapture_train,677
AMASS/all,24.68969506038836,,TotalCapture_train,677
ALL/all,24.68969506038836,,TotalCapture_train,677
AMASS/train,24.66750817484912,,TotalCapture_train,1259
AMASS/all,24.66750817484912,,TotalCapture_train,1259
ALL/all,24.66750817484912,,TotalCapture_train,1259
AMASS/train,24.665678551702214,,TotalCapture_train,147
AMASS/all,24.665678551702214,,TotalCapture_train,147
ALL/all,24.665678551702214,,TotalCapture_train,147
ALL/all,24.653439426690518,,TotalCapture_train,1322
DIP/train,24.653439426690518,,TotalCapture_train,24
DIP/all,24.653439426690518,,TotalCapture_train,24
AMASS/train,24.58616845458747,,TotalCapture_train,125
AMASS/all,24.58616845458747,,TotalCapture_train,125
ALL/all,24.58616845458747,,TotalCapture_train,125
AMASS/train,24.58525911029043,,TotalCapture_train,1225
AMASS/all,24.58525911029043,,TotalCapture_train,1225
ALL/all,24.58525911029043,,TotalCapture_train,1225
AMASS/train,24.57126510082519,,TotalCapture_train,927
AMASS/all,24.57126510082519,,TotalCapture_train,927
ALL/all,24.57126510082519,,TotalCapture_train,927
AMASS/train,24.561141058882185,,TotalCapture_train,333
AMASS/all,24.561141058882185,,TotalCapture_train,333
ALL/all,24.561141058882185,,TotalCapture_train,333
AMASS/train,24.559308980485774,,TotalCapture_train,671
AMASS/all,24.559308980485774,,TotalCapture_train,671
ALL/all,24.559308980485774,,TotalCapture_train,671
AMASS/train,24.54880272301751,,TotalCapture_train,185
AMASS/all,24.54880272301751,,TotalCapture_train,185
ALL/all,24.54880272301751,,TotalCapture_train,185
AMASS/train,24.50682773572959,,TotalCapture_train,447
AMASS/all,24.50682773572959,,TotalCapture_train,447
ALL/all,24.50682773572959,,TotalCapture_train,447
AMASS/train,24.50370270872223,,TotalCapture_train,659
AMASS/all,24.50370270872223,,TotalCapture_train,659
ALL/all,24.50370270872223,,TotalCapture_train,659
AMASS/train,24.496106188282624,,TotalCapture_train,667
AMASS/all,24.496106188282624,,TotalCapture_train,667
ALL/all,24.496106188282624,,TotalCapture_train,667
AMASS/train,24.46889301298894,,TotalCapture_train,713
AMASS/all,24.46889301298894,,TotalCapture_train,713
ALL/all,24.46889301298894,,TotalCapture_train,713
AMASS/train,24.41098397935653,,TotalCapture_train,987
AMASS/all,24.41098397935653,,TotalCapture_train,987
ALL/all,24.41098397935653,,TotalCapture_train,987
AMASS/train,24.405459694234906,,TotalCapture_train,703
AMASS/all,24.405459694234906,,TotalCapture_train,703
ALL/all,24.405459694234906,,TotalCapture_train,703
AMASS/train,24.336820882251306,,TotalCapture_train,1213
AMASS/all,24.336820882251306,,TotalCapture_train,1213
ALL/all,24.336820882251306,,TotalCapture_train,1213
AMASS/train,24.334665943681077,,TotalCapture_train,341
AMASS/all,24.334665943681077,,TotalCapture_train,341
ALL/all,24.334665943681077,,TotalCapture_train,341
AMASS/train,24.324012868075148,,TotalCapture_train,899
AMASS/all,24.324012868075148,,TotalCapture_train,899
ALL/all,24.324012868075148,,TotalCapture_train,899
AMASS/train,24.28135938532256,,TotalCapture_train,345
AMASS/all,24.28135938532256,,TotalCapture_train,345
ALL/all,24.28135938532256,,TotalCapture_train,345
AMASS/train,24.2665307819295,,TotalCapture_train,557
AMASS/all,24.2665307819295,,TotalCapture_train,557
ALL/all,24.2665307819295,,TotalCapture_train,557
AMASS/train,24.244036673051045,,TotalCapture_train,773
AMASS/all,24.244036673051045,,TotalCapture_train,773
ALL/all,24.244036673051045,,TotalCapture_train,773
AMASS/train,24.23522544245785,,TotalCapture_train,5
AMASS/all,24.23522544245785,,TotalCapture_train,5
ALL/all,24.23522544245785,,TotalCapture_train,5
AMASS/train,24.2103826914812,,TotalCapture_train,1113
AMASS/all,24.2103826914812,,TotalCapture_train,1113
ALL/all,24.2103826914812,,TotalCapture_train,1113
AMASS/train,24.209687339481714,,TotalCapture_train,995
AMASS/all,24.209687339481714,,TotalCapture_train,995
ALL/all,24.209687339481714,,TotalCapture_train,995
AMASS/train,24.202246779582193,,TotalCapture_train,83
AMASS/all,24.202246779582193,,TotalCapture_train,83
ALL/all,24.202246779582193,,TotalCapture_train,83
AMASS/train,24.166479507293047,,TotalCapture_train,347
AMASS/all,24.166479507293047,,TotalCapture_train,347
ALL/all,24.166479507293047,,TotalCapture_train,347
AMASS/train,24.152428861452716,,TotalCapture_train,651
AMASS/all,24.152428861452716,,TotalCapture_train,651
ALL/all,24.152428861452716,,TotalCapture_train,651
AMASS/train,24.150623834962577,,TotalCapture_train,929
AMASS/all,24.150623834962577,,TotalCapture_train,929
ALL/all,24.150623834962577,,TotalCapture_train,929
AMASS/train,24.136286935829116,,TotalCapture_train,617
AMASS/all,24.136286935829116,,TotalCapture_train,617
ALL/all,24.136286935829116,,TotalCapture_train,617
AMASS/train,24.11398881624569,,TotalCapture_train,979
AMASS/all,24.11398881624569,,TotalCapture_train,979
ALL/all,24.11398881624569,,TotalCapture_train,979
AMASS/train,24.056055005320477,,TotalCapture_train,149
AMASS/all,24.056055005320477,,TotalCapture_train,149
ALL/all,24.056055005320477,,TotalCapture_train,149
AMASS/train,24.05459125649236,,TotalCapture_train,189
AMASS/all,24.05459125649236,,TotalCapture_train,189
ALL/all,24.05459125649236,,TotalCapture_train,189
AMASS/train,24.032100772732647,,TotalCapture_train,1229
AMASS/all,24.032100772732647,,TotalCapture_train,1229
ALL/all,24.032100772732647,,TotalCapture_train,1229
AMASS/train,24.015283014346494,,TotalCapture_train,537
AMASS/all,24.015283014346494,,TotalCapture_train,537
ALL/all,24.015283014346494,,TotalCapture_train,537
AMASS/train,24.013970805402003,,TotalCapture_train,1071
AMASS/all,24.013970805402003,,TotalCapture_train,1071
ALL/all,24.013970805402003,,TotalCapture_train,1071
AMASS/train,24.005293629692822,,TotalCapture_train,1169
AMASS/all,24.005293629692822,,TotalCapture_train,1169
ALL/all,24.005293629692822,,TotalCapture_train,1169
AMASS/train,23.999181794960947,,TotalCapture_train,1069
AMASS/all,23.999181794960947,,TotalCapture_train,1069
ALL/all,23.999181794960947,,TotalCapture_train,1069
AMASS/train,23.978992911867035,,TotalCapture_train,101
AMASS/all,23.978992911867035,,TotalCapture_train,101
ALL/all,23.978992911867035,,TotalCapture_train,101
AMASS/train,23.978918132792355,,TotalCapture_train,539
AMASS/all,23.978918132792355,,TotalCapture_train,539
ALL/all,23.978918132792355,,TotalCapture_train,539
AMASS/train,23.971218020452824,,TotalCapture_train,279
AMASS/all,23.971218020452824,,TotalCapture_train,279
ALL/all,23.971218020452824,,TotalCapture_train,279
AMASS/train,23.97121657856752,,TotalCapture_train,43
AMASS/all,23.97121657856752,,TotalCapture_train,43
ALL/all,23.97121657856752,,TotalCapture_train,43
AMASS/train,23.957025563584587,,TotalCapture_train,165
AMASS/all,23.957025563584587,,TotalCapture_train,165
ALL/all,23.957025563584587,,TotalCapture_train,165
AMASS/train,23.911147624716033,,TotalCapture_train,369
AMASS/all,23.911147624716033,,TotalCapture_train,369
ALL/all,23.911147624716033,,TotalCapture_train,369
AMASS/train,23.90669810273663,,TotalCapture_train,1245
AMASS/all,23.90669810273663,,TotalCapture_train,1245
ALL/all,23.90669810273663,,TotalCapture_train,1245
AMASS/train,23.888220546151828,,TotalCapture_train,807
AMASS/all,23.888220546151828,,TotalCapture_train,807
ALL/all,23.888220546151828,,TotalCapture_train,807
AMASS/train,23.86870628515633,,TotalCapture_train,789
AMASS/all,23.86870628515633,,TotalCapture_train,789
ALL/all,23.86870628515633,,TotalCapture_train,789
ALL/all,23.85877519456043,,TotalCapture_train,1333
DIP/train,23.85877519456043,,TotalCapture_train,35
DIP/all,23.85877519456043,,TotalCapture_train,35
AMASS/train,23.812937037921497,,TotalCapture_train,171
AMASS/all,23.812937037921497,,TotalCapture_train,171
ALL/all,23.812937037921497,,TotalCapture_train,171
AMASS/train,23.805413085793443,,TotalCapture_train,67
AMASS/all,23.805413085793443,,TotalCapture_train,67
ALL/all,23.805413085793443,,TotalCapture_train,67
AMASS/train,23.801886224399432,,TotalCapture_train,751
AMASS/all,23.801886224399432,,TotalCapture_train,751
ALL/all,23.801886224399432,,TotalCapture_train,751
AMASS/train,23.80034710877157,,TotalCapture_train,1005
AMASS/all,23.80034710877157,,TotalCapture_train,1005
ALL/all,23.80034710877157,,TotalCapture_train,1005
AMASS/train,23.800130029758797,,TotalCapture_train,249
AMASS/all,23.800130029758797,,TotalCapture_train,249
ALL/all,23.800130029758797,,TotalCapture_train,249
AMASS/train,23.756523941440104,,TotalCapture_train,335
AMASS/all,23.756523941440104,,TotalCapture_train,335
ALL/all,23.756523941440104,,TotalCapture_train,335
AMASS/train,23.74371446324226,,TotalCapture_train,1155
AMASS/all,23.74371446324226,,TotalCapture_train,1155
ALL/all,23.74371446324226,,TotalCapture_train,1155
AMASS/train,23.70082249555054,,TotalCapture_train,1131
AMASS/all,23.70082249555054,,TotalCapture_train,1131
ALL/all,23.70082249555054,,TotalCapture_train,1131
AMASS/train,23.695788762172906,,TotalCapture_train,293
AMASS/all,23.695788762172906,,TotalCapture_train,293
ALL/all,23.695788762172906,,TotalCapture_train,293
AMASS/train,23.681709293381296,,TotalCapture_train,919
AMASS/all,23.681709293381296,,TotalCapture_train,919
ALL/all,23.681709293381296,,TotalCapture_train,919
AMASS/train,23.677904316807645,,TotalCapture_train,207
AMASS/all,23.677904316807645,,TotalCapture_train,207
ALL/all,23.677904316807645,,TotalCapture_train,207
AMASS/train,23.66541546460444,,TotalCapture_train,893
AMASS/all,23.66541546460444,,TotalCapture_train,893
ALL/all,23.66541546460444,,TotalCapture_train,893
AMASS/train,23.656819225007883,,TotalCapture_train,771
AMASS/all,23.656819225007883,,TotalCapture_train,771
ALL/all,23.656819225007883,,TotalCapture_train,771
AMASS/train,23.64189542667077,,TotalCapture_train,831
AMASS/all,23.64189542667077,,TotalCapture_train,831
ALL/all,23.64189542667077,,TotalCapture_train,831
AMASS/train,23.640357431042823,,TotalCapture_train,31
AMASS/all,23.640357431042823,,TotalCapture_train,31
ALL/all,23.640357431042823,,TotalCapture_train,31
AMASS/train,23.622231192200758,,TotalCapture_train,109
AMASS/all,23.622231192200758,,TotalCapture_train,109
ALL/all,23.622231192200758,,TotalCapture_train,109
AMASS/train,23.557062603710445,,TotalCapture_train,1043
AMASS/all,23.557062603710445,,TotalCapture_train,1043
ALL/all,23.557062603710445,,TotalCapture_train,1043
AMASS/train,23.53450484489539,,TotalCapture_train,503
AMASS/all,23.53450484489539,,TotalCapture_train,503
ALL/all,23.53450484489539,,TotalCapture_train,503
AMASS/train,23.528886330626975,,TotalCapture_train,813
AMASS/all,23.528886330626975,,TotalCapture_train,813
ALL/all,23.528886330626975,,TotalCapture_train,813
AMASS/train,23.52143635232015,,TotalCapture_train,1233
AMASS/all,23.52143635232015,,TotalCapture_train,1233
ALL/all,23.52143635232015,,TotalCapture_train,1233
AMASS/train,23.517057359655666,,TotalCapture_train,485
AMASS/all,23.517057359655666,,TotalCapture_train,485
ALL/all,23.517057359655666,,TotalCapture_train,485
AMASS/train,23.51474201001257,,TotalCapture_train,513
AMASS/all,23.51474201001257,,TotalCapture_train,513
ALL/all,23.51474201001257,,TotalCapture_train,513
AMASS/train,23.506186477448423,,TotalCapture_train,903
AMASS/all,23.506186477448423,,TotalCapture_train,903
ALL/all,23.506186477448423,,TotalCapture_train,903
AMASS/train,23.486959203358705,,TotalCapture_train,1175
AMASS/all,23.486959203358705,,TotalCapture_train,1175
ALL/all,23.486959203358705,,TotalCapture_train,1175
AMASS/train,23.44498562628877,,TotalCapture_train,1297
AMASS/all,23.44498562628877,,TotalCapture_train,1297
ALL/all,23.44498562628877,,TotalCapture_train,1297
AMASS/train,23.435175595252446,,TotalCapture_train,587
AMASS/all,23.435175595252446,,TotalCapture_train,587
ALL/all,23.435175595252446,,TotalCapture_train,587
AMASS/train,23.431299017801884,,TotalCapture_train,375
AMASS/all,23.431299017801884,,TotalCapture_train,375
ALL/all,23.431299017801884,,TotalCapture_train,375
AMASS/train,23.412846802380308,,TotalCapture_train,493
AMASS/all,23.412846802380308,,TotalCapture_train,493
ALL/all,23.412846802380308,,TotalCapture_train,493
AMASS/train,23.401084496783955,,TotalCapture_train,487
AMASS/all,23.401084496783955,,TotalCapture_train,487
ALL/all,23.401084496783955,,TotalCapture_train,487
AMASS/train,23.390876801905947,,TotalCapture_train,937
AMASS/all,23.390876801905947,,TotalCapture_train,937
ALL/all,23.390876801905947,,TotalCapture_train,937
AMASS/train,23.381969850001486,,TotalCapture_train,219
AMASS/all,23.381969850001486,,TotalCapture_train,219
ALL/all,23.381969850001486,,TotalCapture_train,219
AMASS/train,23.372859810297715,,TotalCapture_train,709
AMASS/all,23.372859810297715,,TotalCapture_train,709
ALL/all,23.372859810297715,,TotalCapture_train,709
AMASS/train,23.347594223844467,,TotalCapture_train,251
AMASS/all,23.347594223844467,,TotalCapture_train,251
ALL/all,23.347594223844467,,TotalCapture_train,251
AMASS/train,23.317723596325575,,TotalCapture_train,425
AMASS/all,23.317723596325575,,TotalCapture_train,425
ALL/all,23.317723596325575,,TotalCapture_train,425
AMASS/train,23.299051520158727,,TotalCapture_train,439
AMASS/all,23.299051520158727,,TotalCapture_train,439
ALL/all,23.299051520158727,,TotalCapture_train,439
AMASS/train,23.29507563867688,,TotalCapture_train,193
AMASS/all,23.29507563867688,,TotalCapture_train,193
ALL/all,23.29507563867688,,TotalCapture_train,193
AMASS/train,23.254086055952214,,TotalCapture_train,533
AMASS/all,23.254086055952214,,TotalCapture_train,533
ALL/all,23.254086055952214,,TotalCapture_train,533
AMASS/train,23.25396304108762,,TotalCapture_train,275
AMASS/all,23.25396304108762,,TotalCapture_train,275
ALL/all,23.25396304108762,,TotalCapture_train,275
AMASS/train,23.25196214728507,,TotalCapture_train,321
AMASS/all,23.25196214728507,,TotalCapture_train,321
ALL/all,23.25196214728507,,TotalCapture_train,321
AMASS/train,23.251329441290416,,TotalCapture_train,1257
AMASS/all,23.251329441290416,,TotalCapture_train,1257
ALL/all,23.251329441290416,,TotalCapture_train,1257
AMASS/train,23.250614923352877,,TotalCapture_train,581
AMASS/all,23.250614923352877,,TotalCapture_train,581
ALL/all,23.250614923352877,,TotalCapture_train,581
AMASS/train,23.237563430517916,,TotalCapture_train,87
AMASS/all,23.237563430517916,,TotalCapture_train,87
ALL/all,23.237563430517916,,TotalCapture_train,87
AMASS/train,23.23559029631312,,TotalCapture_train,845
AMASS/all,23.23559029631312,,TotalCapture_train,845
ALL/all,23.23559029631312,,TotalCapture_train,845
AMASS/train,23.18660082261326,,TotalCapture_train,951
AMASS/all,23.18660082261326,,TotalCapture_train,951
ALL/all,23.18660082261326,,TotalCapture_train,951
AMASS/train,23.17783812577332,,TotalCapture_train,1023
AMASS/all,23.17783812577332,,TotalCapture_train,1023
ALL/all,23.17783812577332,,TotalCapture_train,1023
AMASS/train,23.167401482244216,,TotalCapture_train,777
AMASS/all,23.167401482244216,,TotalCapture_train,777
ALL/all,23.167401482244216,,TotalCapture_train,777
AMASS/train,23.16378795817448,,TotalCapture_train,367
AMASS/all,23.16378795817448,,TotalCapture_train,367
ALL/all,23.16378795817448,,TotalCapture_train,367
ALL/all,23.145168341572784,,TotalCapture_train,1323
DIP/train,23.145168341572784,,TotalCapture_train,25
DIP/all,23.145168341572784,,TotalCapture_train,25
AMASS/train,23.14088793138284,,TotalCapture_train,21
AMASS/all,23.14088793138284,,TotalCapture_train,21
ALL/all,23.14088793138284,,TotalCapture_train,21
AMASS/train,23.129557665649145,,TotalCapture_train,79
AMASS/all,23.129557665649145,,TotalCapture_train,79
ALL/all,23.129557665649145,,TotalCapture_train,79
AMASS/train,23.08416280107517,,TotalCapture_train,571
AMASS/all,23.08416280107517,,TotalCapture_train,571
ALL/all,23.08416280107517,,TotalCapture_train,571
AMASS/train,23.065962658680185,,TotalCapture_train,997
AMASS/all,23.065962658680185,,TotalCapture_train,997
ALL/all,23.065962658680185,,TotalCapture_train,997
AMASS/train,23.058289593561554,,TotalCapture_train,567
AMASS/all,23.058289593561554,,TotalCapture_train,567
ALL/all,23.058289593561554,,TotalCapture_train,567
AMASS/train,23.04935466304637,,TotalCapture_train,731
AMASS/all,23.04935466304637,,TotalCapture_train,731
ALL/all,23.04935466304637,,TotalCapture_train,731
AMASS/train,22.995419148004988,,TotalCapture_train,541
AMASS/all,22.995419148004988,,TotalCapture_train,541
ALL/all,22.995419148004988,,TotalCapture_train,541
AMASS/train,22.989395417912505,,TotalCapture_train,505
AMASS/all,22.989395417912505,,TotalCapture_train,505
ALL/all,22.989395417912505,,TotalCapture_train,505
AMASS/train,22.977356719060904,,TotalCapture_train,195
AMASS/all,22.977356719060904,,TotalCapture_train,195
ALL/all,22.977356719060904,,TotalCapture_train,195
AMASS/train,22.970155484008604,,TotalCapture_train,327
AMASS/all,22.970155484008604,,TotalCapture_train,327
ALL/all,22.970155484008604,,TotalCapture_train,327
AMASS/train,22.96304044757788,,TotalCapture_train,133
AMASS/all,22.96304044757788,,TotalCapture_train,133
ALL/all,22.96304044757788,,TotalCapture_train,133
AMASS/train,22.940560508332343,,TotalCapture_train,161
AMASS/all,22.940560508332343,,TotalCapture_train,161
ALL/all,22.940560508332343,,TotalCapture_train,161
ALL/all,22.912125284688212,,TotalCapture_train,1347
DIP/all,22.912125284688212,,TotalCapture_train,49
DIP/test,22.912125284688212,,TotalCapture_train,7
AMASS/train,22.91162716325958,,TotalCapture_train,221
AMASS/all,22.91162716325958,,TotalCapture_train,221
ALL/all,22.91162716325958,,TotalCapture_train,221
AMASS/train,22.906242421253896,,TotalCapture_train,305
AMASS/all,22.906242421253896,,TotalCapture_train,305
ALL/all,22.906242421253896,,TotalCapture_train,305
AMASS/train,22.88932063360258,,TotalCapture_train,1091
AMASS/all,22.88932063360258,,TotalCapture_train,1091
ALL/all,22.88932063360258,,TotalCapture_train,1091
AMASS/train,22.861886604345134,,TotalCapture_train,239
AMASS/all,22.861886604345134,,TotalCapture_train,239
ALL/all,22.861886604345134,,TotalCapture_train,239
AMASS/train,22.859061990932258,,TotalCapture_train,1251
AMASS/all,22.859061990932258,,TotalCapture_train,1251
ALL/all,22.859061990932258,,TotalCapture_train,1251
AMASS/train,22.8380200563944,,TotalCapture_train,809
AMASS/all,22.8380200563944,,TotalCapture_train,809
ALL/all,22.8380200563944,,TotalCapture_train,809
AMASS/train,22.799340691218557,,TotalCapture_train,723
AMASS/all,22.799340691218557,,TotalCapture_train,723
ALL/all,22.799340691218557,,TotalCapture_train,723
AMASS/train,22.79859228919654,,TotalCapture_train,1089
AMASS/all,22.79859228919654,,TotalCapture_train,1089
ALL/all,22.79859228919654,,TotalCapture_train,1089
AMASS/train,22.79228378447345,,TotalCapture_train,421
AMASS/all,22.79228378447345,,TotalCapture_train,421
ALL/all,22.79228378447345,,TotalCapture_train,421
AMASS/train,22.79081648195029,,TotalCapture_train,965
AMASS/all,22.79081648195029,,TotalCapture_train,965
ALL/all,22.79081648195029,,TotalCapture_train,965
AMASS/train,22.77877030138954,,TotalCapture_train,1201
AMASS/all,22.77877030138954,,TotalCapture_train,1201
ALL/all,22.77877030138954,,TotalCapture_train,1201
AMASS/train,22.771653686044868,,TotalCapture_train,985
AMASS/all,22.771653686044868,,TotalCapture_train,985
ALL/all,22.771653686044868,,TotalCapture_train,985
AMASS/train,22.765414979525172,,TotalCapture_train,227
AMASS/all,22.765414979525172,,TotalCapture_train,227
ALL/all,22.765414979525172,,TotalCapture_train,227
AMASS/train,22.749427104515036,,TotalCapture_train,51
AMASS/all,22.749427104515036,,TotalCapture_train,51
ALL/all,22.749427104515036,,TotalCapture_train,51
AMASS/train,22.69169630308339,,TotalCapture_train,1277
AMASS/all,22.69169630308339,,TotalCapture_train,1277
ALL/all,22.69169630308339,,TotalCapture_train,1277
AMASS/train,22.674586366159623,,TotalCapture_train,85
AMASS/all,22.674586366159623,,TotalCapture_train,85
ALL/all,22.674586366159623,,TotalCapture_train,85
AMASS/train,22.670933333141004,,TotalCapture_train,967
AMASS/all,22.670933333141004,,TotalCapture_train,967
ALL/all,22.670933333141004,,TotalCapture_train,967
AMASS/train,22.66654954253587,,TotalCapture_train,29
AMASS/all,22.66654954253587,,TotalCapture_train,29
ALL/all,22.66654954253587,,TotalCapture_train,29
AMASS/train,22.65110021889665,,TotalCapture_train,247
AMASS/all,22.65110021889665,,TotalCapture_train,247
ALL/all,22.65110021889665,,TotalCapture_train,247
AMASS/train,22.6006371868368,,TotalCapture_train,741
AMASS/all,22.6006371868368,,TotalCapture_train,741
ALL/all,22.6006371868368,,TotalCapture_train,741
AMASS/train,22.59017074225715,,TotalCapture_train,519
AMASS/all,22.59017074225715,,TotalCapture_train,519
ALL/all,22.59017074225715,,TotalCapture_train,519
AMASS/train,22.586912052021848,,TotalCapture_train,905
AMASS/all,22.586912052021848,,TotalCapture_train,905
ALL/all,22.586912052021848,,TotalCapture_train,905
AMASS/train,22.565852900687336,,TotalCapture_train,315
AMASS/all,22.565852900687336,,TotalCapture_train,315
ALL/all,22.565852900687336,,TotalCapture_train,315
AMASS/train,22.56137574015776,,TotalCapture_train,1127
AMASS/all,22.56137574015776,,TotalCapture_train,1127
ALL/all,22.56137574015776,,TotalCapture_train,1127
AMASS/train,22.553088099906283,,TotalCapture_train,1159
AMASS/all,22.553088099906283,,TotalCapture_train,1159
ALL/all,22.553088099906283,,TotalCapture_train,1159
AMASS/train,22.534244402814743,,TotalCapture_train,619
AMASS/all,22.534244402814743,,TotalCapture_train,619
ALL/all,22.534244402814743,,TotalCapture_train,619
AMASS/train,22.523907884312145,,TotalCapture_train,735
AMASS/all,22.523907884312145,,TotalCapture_train,735
ALL/all,22.523907884312145,,TotalCapture_train,735
AMASS/train,22.511197737469434,,TotalCapture_train,933
AMASS/all,22.511197737469434,,TotalCapture_train,933
ALL/all,22.511197737469434,,TotalCapture_train,933
AMASS/train,22.497411092498787,,TotalCapture_train,977
AMASS/all,22.497411092498787,,TotalCapture_train,977
ALL/all,22.497411092498787,,TotalCapture_train,977
AMASS/train,22.48147107399222,,TotalCapture_train,563
AMASS/all,22.48147107399222,,TotalCapture_train,563
ALL/all,22.48147107399222,,TotalCapture_train,563
AMASS/train,22.4800529082829,,TotalCapture_train,573
AMASS/all,22.4800529082829,,TotalCapture_train,573
ALL/all,22.4800529082829,,TotalCapture_train,573
AMASS/train,22.471641534991488,,TotalCapture_train,427
AMASS/all,22.471641534991488,,TotalCapture_train,427
ALL/all,22.471641534991488,,TotalCapture_train,427
AMASS/train,22.464651796379258,,TotalCapture_train,645
AMASS/all,22.464651796379258,,TotalCapture_train,645
ALL/all,22.464651796379258,,TotalCapture_train,645
AMASS/train,22.4396373018924,,TotalCapture_train,349
AMASS/all,22.4396373018924,,TotalCapture_train,349
ALL/all,22.4396373018924,,TotalCapture_train,349
AMASS/train,22.43351942099645,,TotalCapture_train,429
AMASS/all,22.43351942099645,,TotalCapture_train,429
ALL/all,22.43351942099645,,TotalCapture_train,429
AMASS/train,22.415854728602657,,TotalCapture_train,1271
AMASS/all,22.415854728602657,,TotalCapture_train,1271
ALL/all,22.415854728602657,,TotalCapture_train,1271
AMASS/train,22.408914675395252,,TotalCapture_train,1125
AMASS/all,22.408914675395252,,TotalCapture_train,1125
ALL/all,22.408914675395252,,TotalCapture_train,1125
AMASS/train,22.40638598094808,,TotalCapture_train,1161
AMASS/all,22.40638598094808,,TotalCapture_train,1161
ALL/all,22.40638598094808,,TotalCapture_train,1161
ALL/all,22.398575094496266,,TotalCapture_train,1358
DIP/all,22.398575094496266,,TotalCapture_train,60
DIP/test,22.398575094496266,,TotalCapture_train,18
AMASS/train,22.387666652433015,,TotalCapture_train,545
AMASS/all,22.387666652433015,,TotalCapture_train,545
ALL/all,22.387666652433015,,TotalCapture_train,545
AMASS/train,22.379574652161452,,TotalCapture_train,377
AMASS/all,22.379574652161452,,TotalCapture_train,377
ALL/all,22.379574652161452,,TotalCapture_train,377
AMASS/train,22.371964537267782,,TotalCapture_train,1097
AMASS/all,22.371964537267782,,TotalCapture_train,1097
ALL/all,22.371964537267782,,TotalCapture_train,1097
AMASS/train,22.353370183773272,,TotalCapture_train,1231
AMASS/all,22.353370183773272,,TotalCapture_train,1231
ALL/all,22.353370183773272,,TotalCapture_train,1231
AMASS/train,22.34389635148607,,TotalCapture_train,319
AMASS/all,22.34389635148607,,TotalCapture_train,319
ALL/all,22.34389635148607,,TotalCapture_train,319
AMASS/train,22.34376857608652,,TotalCapture_train,47
AMASS/all,22.34376857608652,,TotalCapture_train,47
ALL/all,22.34376857608652,,TotalCapture_train,47
AMASS/train,22.30397285781161,,TotalCapture_train,1031
AMASS/all,22.30397285781161,,TotalCapture_train,1031
ALL/all,22.30397285781161,,TotalCapture_train,1031
AMASS/train,22.303704354854045,,TotalCapture_train,501
AMASS/all,22.303704354854045,,TotalCapture_train,501
ALL/all,22.303704354854045,,TotalCapture_train,501
AMASS/train,22.30195125837375,,TotalCapture_train,797
AMASS/all,22.30195125837375,,TotalCapture_train,797
ALL/all,22.30195125837375,,TotalCapture_train,797
AMASS/train,22.29620549156664,,TotalCapture_train,241
AMASS/all,22.29620549156664,,TotalCapture_train,241
ALL/all,22.29620549156664,,TotalCapture_train,241
AMASS/train,22.283372633318162,,TotalCapture_train,1085
AMASS/all,22.283372633318162,,TotalCapture_train,1085
ALL/all,22.283372633318162,,TotalCapture_train,1085
AMASS/train,22.248305252781133,,TotalCapture_train,25
AMASS/all,22.248305252781133,,TotalCapture_train,25
ALL/all,22.248305252781133,,TotalCapture_train,25
AMASS/train,22.242143343599647,,TotalCapture_train,1129
AMASS/all,22.242143343599647,,TotalCapture_train,1129
ALL/all,22.242143343599647,,TotalCapture_train,1129
AMASS/train,22.238216284059423,,TotalCapture_train,895
AMASS/all,22.238216284059423,,TotalCapture_train,895
ALL/all,22.238216284059423,,TotalCapture_train,895
AMASS/train,22.23553693131218,,TotalCapture_train,561
AMASS/all,22.23553693131218,,TotalCapture_train,561
ALL/all,22.23553693131218,,TotalCapture_train,561
AMASS/train,22.2346562771352,,TotalCapture_train,479
AMASS/all,22.2346562771352,,TotalCapture_train,479
ALL/all,22.2346562771352,,TotalCapture_train,479
AMASS/train,22.2312769343079,,TotalCapture_train,19
AMASS/all,22.2312769343079,,TotalCapture_train,19
ALL/all,22.2312769343079,,TotalCapture_train,19
AMASS/train,22.20612138413913,,TotalCapture_train,291
AMASS/all,22.20612138413913,,TotalCapture_train,291
ALL/all,22.20612138413913,,TotalCapture_train,291
AMASS/train,22.181582189520547,,TotalCapture_train,653
AMASS/all,22.181582189520547,,TotalCapture_train,653
ALL/all,22.181582189520547,,TotalCapture_train,653
AMASS/train,22.17548947636963,,TotalCapture_train,1255
AMASS/all,22.17548947636963,,TotalCapture_train,1255
ALL/all,22.17548947636963,,TotalCapture_train,1255
AMASS/train,22.173520974951682,,TotalCapture_train,1243
AMASS/all,22.173520974951682,,TotalCapture_train,1243
ALL/all,22.173520974951682,,TotalCapture_train,1243
AMASS/train,22.155946277512438,,TotalCapture_train,89
AMASS/all,22.155946277512438,,TotalCapture_train,89
ALL/all,22.155946277512438,,TotalCapture_train,89
AMASS/train,22.13881595950429,,TotalCapture_train,1117
AMASS/all,22.13881595950429,,TotalCapture_train,1117
ALL/all,22.13881595950429,,TotalCapture_train,1117
AMASS/train,22.136170291421188,,TotalCapture_train,473
AMASS/all,22.136170291421188,,TotalCapture_train,473
ALL/all,22.136170291421188,,TotalCapture_train,473
AMASS/train,22.112090751477833,,TotalCapture_train,33
AMASS/all,22.112090751477833,,TotalCapture_train,33
ALL/all,22.112090751477833,,TotalCapture_train,33
AMASS/train,22.10860952221448,,TotalCapture_train,687
AMASS/all,22.10860952221448,,TotalCapture_train,687
ALL/all,22.10860952221448,,TotalCapture_train,687
AMASS/train,22.097902679472565,,TotalCapture_train,1143
AMASS/all,22.097902679472565,,TotalCapture_train,1143
ALL/all,22.097902679472565,,TotalCapture_train,1143
AMASS/train,22.073988367059155,,TotalCapture_train,1193
AMASS/all,22.073988367059155,,TotalCapture_train,1193
ALL/all,22.073988367059155,,TotalCapture_train,1193
AMASS/train,22.04525188921723,,TotalCapture_train,975
AMASS/all,22.04525188921723,,TotalCapture_train,975
ALL/all,22.04525188921723,,TotalCapture_train,975
AMASS/train,22.026682027466407,,TotalCapture_train,755
AMASS/all,22.026682027466407,,TotalCapture_train,755
ALL/all,22.026682027466407,,TotalCapture_train,755
AMASS/train,22.016212721543067,,TotalCapture_train,163
AMASS/all,22.016212721543067,,TotalCapture_train,163
ALL/all,22.016212721543067,,TotalCapture_train,163
AMASS/train,22.015051708563927,,TotalCapture_train,431
AMASS/all,22.015051708563927,,TotalCapture_train,431
ALL/all,22.015051708563927,,TotalCapture_train,431
AMASS/train,21.990100983438282,,TotalCapture_train,699
AMASS/all,21.990100983438282,,TotalCapture_train,699
ALL/all,21.990100983438282,,TotalCapture_train,699
AMASS/train,21.981050040589555,,TotalCapture_train,491
AMASS/all,21.981050040589555,,TotalCapture_train,491
ALL/all,21.981050040589555,,TotalCapture_train,491
AMASS/train,21.962194026541937,,TotalCapture_train,411
AMASS/all,21.962194026541937,,TotalCapture_train,411
ALL/all,21.962194026541937,,TotalCapture_train,411
AMASS/train,21.904074244404587,,TotalCapture_train,91
AMASS/all,21.904074244404587,,TotalCapture_train,91
ALL/all,21.904074244404587,,TotalCapture_train,91
AMASS/train,21.902360725937005,,TotalCapture_train,383
AMASS/all,21.902360725937005,,TotalCapture_train,383
ALL/all,21.902360725937005,,TotalCapture_train,383
AMASS/train,21.897930065581495,,TotalCapture_train,1215
AMASS/all,21.897930065581495,,TotalCapture_train,1215
ALL/all,21.897930065581495,,TotalCapture_train,1215
AMASS/train,21.896441860969507,,TotalCapture_train,37
AMASS/all,21.896441860969507,,TotalCapture_train,37
ALL/all,21.896441860969507,,TotalCapture_train,37
AMASS/train,21.885508506075666,,TotalCapture_train,1093
AMASS/all,21.885508506075666,,TotalCapture_train,1093
ALL/all,21.885508506075666,,TotalCapture_train,1093
AMASS/train,21.88359237365724,,TotalCapture_train,685
AMASS/all,21.88359237365724,,TotalCapture_train,685
ALL/all,21.88359237365724,,TotalCapture_train,685
AMASS/train,21.881658295712107,,TotalCapture_train,1197
AMASS/all,21.881658295712107,,TotalCapture_train,1197
ALL/all,21.881658295712107,,TotalCapture_train,1197
AMASS/train,21.876520599235874,,TotalCapture_train,547
AMASS/all,21.876520599235874,,TotalCapture_train,547
ALL/all,21.876520599235874,,TotalCapture_train,547
AMASS/train,21.86688809277113,,TotalCapture_train,73
AMASS/all,21.86688809277113,,TotalCapture_train,73
ALL/all,21.86688809277113,,TotalCapture_train,73
AMASS/train,21.822781948041303,,TotalCapture_train,281
AMASS/all,21.822781948041303,,TotalCapture_train,281
ALL/all,21.822781948041303,,TotalCapture_train,281
AMASS/train,21.81619551411553,,TotalCapture_train,1049
AMASS/all,21.81619551411553,,TotalCapture_train,1049
ALL/all,21.81619551411553,,TotalCapture_train,1049
AMASS/train,21.813802571718803,,TotalCapture_train,839
AMASS/all,21.813802571718803,,TotalCapture_train,839
ALL/all,21.813802571718803,,TotalCapture_train,839
AMASS/train,21.786913789182798,,TotalCapture_train,401
AMASS/all,21.786913789182798,,TotalCapture_train,401
ALL/all,21.786913789182798,,TotalCapture_train,401
AMASS/train,21.772073438761876,,TotalCapture_train,1177
AMASS/all,21.772073438761876,,TotalCapture_train,1177
ALL/all,21.772073438761876,,TotalCapture_train,1177
AMASS/train,21.759728875580574,,TotalCapture_train,787
AMASS/all,21.759728875580574,,TotalCapture_train,787
ALL/all,21.759728875580574,,TotalCapture_train,787
AMASS/train,21.74841141581036,,TotalCapture_train,93
AMASS/all,21.74841141581036,,TotalCapture_train,93
ALL/all,21.74841141581036,,TotalCapture_train,93
AMASS/train,21.717877759628905,,TotalCapture_train,329
AMASS/all,21.717877759628905,,TotalCapture_train,329
ALL/all,21.717877759628905,,TotalCapture_train,329
AMASS/train,21.715499772497456,,TotalCapture_train,679
AMASS/all,21.715499772497456,,TotalCapture_train,679
ALL/all,21.715499772497456,,TotalCapture_train,679
AMASS/train,21.69640194549784,,TotalCapture_train,575
AMASS/all,21.69640194549784,,TotalCapture_train,575
ALL/all,21.69640194549784,,TotalCapture_train,575
AMASS/train,21.693337471014537,,TotalCapture_train,879
AMASS/all,21.693337471014537,,TotalCapture_train,879
ALL/all,21.693337471014537,,TotalCapture_train,879
ALL/all,21.679259056545426,,TotalCapture_train,1343
DIP/all,21.679259056545426,,TotalCapture_train,45
DIP/test,21.679259056545426,,TotalCapture_train,3
AMASS/train,21.671539786744056,,TotalCapture_train,603
AMASS/all,21.671539786744056,,TotalCapture_train,603
ALL/all,21.671539786744056,,TotalCapture_train,603
AMASS/train,21.652560710954603,,TotalCapture_train,489
AMASS/all,21.652560710954603,,TotalCapture_train,489
ALL/all,21.652560710954603,,TotalCapture_train,489
AMASS/train,21.650833530790806,,TotalCapture_train,507
AMASS/all,21.650833530790806,,TotalCapture_train,507
ALL/all,21.650833530790806,,TotalCapture_train,507
AMASS/train,21.646413611470606,,TotalCapture_train,99
AMASS/all,21.646413611470606,,TotalCapture_train,99
ALL/all,21.646413611470606,,TotalCapture_train,99
AMASS/train,21.630613697205604,,TotalCapture_train,1141
AMASS/all,21.630613697205604,,TotalCapture_train,1141
ALL/all,21.630613697205604,,TotalCapture_train,1141
AMASS/train,21.62304658265584,,TotalCapture_train,827
AMASS/all,21.62304658265584,,TotalCapture_train,827
ALL/all,21.62304658265584,,TotalCapture_train,827
AMASS/train,21.61117003281797,,TotalCapture_train,695
AMASS/all,21.61117003281797,,TotalCapture_train,695
ALL/all,21.61117003281797,,TotalCapture_train,695
AMASS/train,21.571370217668353,,TotalCapture_train,217
AMASS/all,21.571370217668353,,TotalCapture_train,217
ALL/all,21.571370217668353,,TotalCapture_train,217
AMASS/train,21.56139579675606,,TotalCapture_train,71
AMASS/all,21.56139579675606,,TotalCapture_train,71
ALL/all,21.56139579675606,,TotalCapture_train,71
AMASS/train,21.55918611186895,,TotalCapture_train,1285
AMASS/all,21.55918611186895,,TotalCapture_train,1285
ALL/all,21.55918611186895,,TotalCapture_train,1285
AMASS/train,21.552820528549255,,TotalCapture_train,655
AMASS/all,21.552820528549255,,TotalCapture_train,655
ALL/all,21.552820528549255,,TotalCapture_train,655
AMASS/train,21.552505307479198,,TotalCapture_train,469
AMASS/all,21.552505307479198,,TotalCapture_train,469
ALL/all,21.552505307479198,,TotalCapture_train,469
AMASS/train,21.53978062699008,,TotalCapture_train,143
AMASS/all,21.53978062699008,,TotalCapture_train,143
ALL/all,21.53978062699008,,TotalCapture_train,143
AMASS/train,21.518608937675573,,TotalCapture_train,959
AMASS/all,21.518608937675573,,TotalCapture_train,959
ALL/all,21.518608937675573,,TotalCapture_train,959
AMASS/train,21.505547412281864,,TotalCapture_train,861
AMASS/all,21.505547412281864,,TotalCapture_train,861
ALL/all,21.505547412281864,,TotalCapture_train,861
AMASS/train,21.495667928014864,,TotalCapture_train,351
AMASS/all,21.495667928014864,,TotalCapture_train,351
ALL/all,21.495667928014864,,TotalCapture_train,351
AMASS/train,21.493127266794655,,TotalCapture_train,15
AMASS/all,21.493127266794655,,TotalCapture_train,15
ALL/all,21.493127266794655,,TotalCapture_train,15
AMASS/train,21.480625424120213,,TotalCapture_train,459
AMASS/all,21.480625424120213,,TotalCapture_train,459
ALL/all,21.480625424120213,,TotalCapture_train,459
AMASS/train,21.464494481753444,,TotalCapture_train,623
AMASS/all,21.464494481753444,,TotalCapture_train,623
ALL/all,21.464494481753444,,TotalCapture_train,623
AMASS/train,21.46276581166007,,TotalCapture_train,725
AMASS/all,21.46276581166007,,TotalCapture_train,725
ALL/all,21.46276581166007,,TotalCapture_train,725
AMASS/train,21.448757401440563,,TotalCapture_train,131
AMASS/all,21.448757401440563,,TotalCapture_train,131
ALL/all,21.448757401440563,,TotalCapture_train,131
AMASS/train,21.44792802714027,,TotalCapture_train,663
AMASS/all,21.44792802714027,,TotalCapture_train,663
ALL/all,21.44792802714027,,TotalCapture_train,663
AMASS/train,21.446296318514914,,TotalCapture_train,791
AMASS/all,21.446296318514914,,TotalCapture_train,791
ALL/all,21.446296318514914,,TotalCapture_train,791
AMASS/train,21.43192416467836,,TotalCapture_train,1235
AMASS/all,21.43192416467836,,TotalCapture_train,1235
ALL/all,21.43192416467836,,TotalCapture_train,1235
AMASS/train,21.43012478805984,,TotalCapture_train,583
AMASS/all,21.43012478805984,,TotalCapture_train,583
ALL/all,21.43012478805984,,TotalCapture_train,583
AMASS/train,21.422661549922307,,TotalCapture_train,843
AMASS/all,21.422661549922307,,TotalCapture_train,843
ALL/all,21.422661549922307,,TotalCapture_train,843
AMASS/train,21.419379625768006,,TotalCapture_train,1015
AMASS/all,21.419379625768006,,TotalCapture_train,1015
ALL/all,21.419379625768006,,TotalCapture_train,1015
AMASS/train,21.396328937953914,,TotalCapture_train,443
AMASS/all,21.396328937953914,,TotalCapture_train,443
ALL/all,21.396328937953914,,TotalCapture_train,443
AMASS/train,21.387160500379938,,TotalCapture_train,859
AMASS/all,21.387160500379938,,TotalCapture_train,859
ALL/all,21.387160500379938,,TotalCapture_train,859
AMASS/train,21.36859691404398,,TotalCapture_train,729
AMASS/all,21.36859691404398,,TotalCapture_train,729
ALL/all,21.36859691404398,,TotalCapture_train,729
AMASS/train,21.367682552206038,,TotalCapture_train,931
AMASS/all,21.367682552206038,,TotalCapture_train,931
ALL/all,21.367682552206038,,TotalCapture_train,931
ALL/all,21.31488708605206,,TotalCapture_train,1316
DIP/train,21.31488708605206,,TotalCapture_train,18
DIP/all,21.31488708605206,,TotalCapture_train,18
AMASS/train,21.313251574669877,,TotalCapture_train,69
AMASS/all,21.313251574669877,,TotalCapture_train,69
ALL/all,21.313251574669877,,TotalCapture_train,69
AMASS/train,21.30431226014737,,TotalCapture_train,453
AMASS/all,21.30431226014737,,TotalCapture_train,453
ALL/all,21.30431226014737,,TotalCapture_train,453
AMASS/train,21.294442351094627,,TotalCapture_train,1133
AMASS/all,21.294442351094627,,TotalCapture_train,1133
ALL/all,21.294442351094627,,TotalCapture_train,1133
AMASS/train,21.285653981505458,,TotalCapture_train,613
AMASS/all,21.285653981505458,,TotalCapture_train,613
ALL/all,21.285653981505458,,TotalCapture_train,613
AMASS/train,21.28421973628047,,TotalCapture_train,565
AMASS/all,21.28421973628047,,TotalCapture_train,565
ALL/all,21.28421973628047,,TotalCapture_train,565
AMASS/train,21.268516585418165,,TotalCapture_train,525
AMASS/all,21.268516585418165,,TotalCapture_train,525
ALL/all,21.268516585418165,,TotalCapture_train,525
AMASS/train,21.21449787777022,,TotalCapture_train,983
AMASS/all,21.21449787777022,,TotalCapture_train,983
ALL/all,21.21449787777022,,TotalCapture_train,983
AMASS/train,21.196414817836132,,TotalCapture_train,61
AMASS/all,21.196414817836132,,TotalCapture_train,61
ALL/all,21.196414817836132,,TotalCapture_train,61
AMASS/train,21.18699343849647,,TotalCapture_train,1099
AMASS/all,21.18699343849647,,TotalCapture_train,1099
ALL/all,21.18699343849647,,TotalCapture_train,1099
AMASS/train,21.180637069141135,,TotalCapture_train,413
AMASS/all,21.180637069141135,,TotalCapture_train,413
ALL/all,21.180637069141135,,TotalCapture_train,413
AMASS/train,21.16819949646153,,TotalCapture_train,1171
AMASS/all,21.16819949646153,,TotalCapture_train,1171
ALL/all,21.16819949646153,,TotalCapture_train,1171
AMASS/train,21.146964833081235,,TotalCapture_train,1261
AMASS/all,21.146964833081235,,TotalCapture_train,1261
ALL/all,21.146964833081235,,TotalCapture_train,1261
AMASS/train,21.145006724992133,,TotalCapture_train,419
AMASS/all,21.145006724992133,,TotalCapture_train,419
ALL/all,21.145006724992133,,TotalCapture_train,419
AMASS/train,21.14370330420511,,TotalCapture_train,881
AMASS/all,21.14370330420511,,TotalCapture_train,881
ALL/all,21.14370330420511,,TotalCapture_train,881
AMASS/train,21.115827487760225,,TotalCapture_train,169
AMASS/all,21.115827487760225,,TotalCapture_train,169
ALL/all,21.115827487760225,,TotalCapture_train,169
AMASS/train,21.109084527367646,,TotalCapture_train,53
AMASS/all,21.109084527367646,,TotalCapture_train,53
ALL/all,21.109084527367646,,TotalCapture_train,53
AMASS/train,21.107968729615482,,TotalCapture_train,913
AMASS/all,21.107968729615482,,TotalCapture_train,913
ALL/all,21.107968729615482,,TotalCapture_train,913
AMASS/train,21.099668128648094,,TotalCapture_train,295
AMASS/all,21.099668128648094,,TotalCapture_train,295
ALL/all,21.099668128648094,,TotalCapture_train,295
AMASS/train,21.09385542461709,,TotalCapture_train,1199
AMASS/all,21.09385542461709,,TotalCapture_train,1199
ALL/all,21.09385542461709,,TotalCapture_train,1199
AMASS/train,21.086933011798436,,TotalCapture_train,1185
AMASS/all,21.086933011798436,,TotalCapture_train,1185
ALL/all,21.086933011798436,,TotalCapture_train,1185
AMASS/train,21.076303504032463,,TotalCapture_train,665
AMASS/all,21.076303504032463,,TotalCapture_train,665
ALL/all,21.076303504032463,,TotalCapture_train,665
AMASS/train,21.06953088632838,,TotalCapture_train,923
AMASS/all,21.06953088632838,,TotalCapture_train,923
ALL/all,21.06953088632838,,TotalCapture_train,923
AMASS/train,21.065496189838182,,TotalCapture_train,1191
AMASS/all,21.065496189838182,,TotalCapture_train,1191
ALL/all,21.065496189838182,,TotalCapture_train,1191
ALL/all,21.05108413229831,,TotalCapture_train,1403
TotalCapture/all,21.05108413229831,,TotalCapture_train,44
TotalCapture/test,21.05108413229831,,TotalCapture_train,3
AMASS/train,21.040210914314347,,TotalCapture_train,1247
AMASS/all,21.040210914314347,,TotalCapture_train,1247
ALL/all,21.040210914314347,,TotalCapture_train,1247
AMASS/train,21.023615032803484,,TotalCapture_train,509
AMASS/all,21.023615032803484,,TotalCapture_train,509
ALL/all,21.023615032803484,,TotalCapture_train,509
AMASS/train,21.001669317165327,,TotalCapture_train,591
AMASS/all,21.001669317165327,,TotalCapture_train,591
ALL/all,21.001669317165327,,TotalCapture_train,591
AMASS/train,20.95502864808411,,TotalCapture_train,1123
AMASS/all,20.95502864808411,,TotalCapture_train,1123
ALL/all,20.95502864808411,,TotalCapture_train,1123
AMASS/train,20.91471819196217,,TotalCapture_train,887
AMASS/all,20.91471819196217,,TotalCapture_train,887
ALL/all,20.91471819196217,,TotalCapture_train,887
AMASS/train,20.914612754390596,,TotalCapture_train,577
AMASS/all,20.914612754390596,,TotalCapture_train,577
ALL/all,20.914612754390596,,TotalCapture_train,577
AMASS/train,20.909853483948762,,TotalCapture_train,197
AMASS/all,20.909853483948762,,TotalCapture_train,197
ALL/all,20.909853483948762,,TotalCapture_train,197
AMASS/train,20.90913831942826,,TotalCapture_train,739
AMASS/all,20.90913831942826,,TotalCapture_train,739
ALL/all,20.90913831942826,,TotalCapture_train,739
AMASS/train,20.90850579258375,,TotalCapture_train,1275
AMASS/all,20.90850579258375,,TotalCapture_train,1275
ALL/all,20.90850579258375,,TotalCapture_train,1275
AMASS/train,20.907201005667186,,TotalCapture_train,785
AMASS/all,20.907201005667186,,TotalCapture_train,785
ALL/all,20.907201005667186,,TotalCapture_train,785
AMASS/train,20.901505937687798,,TotalCapture_train,451
AMASS/all,20.901505937687798,,TotalCapture_train,451
ALL/all,20.901505937687798,,TotalCapture_train,451
AMASS/train,20.89008593910691,,TotalCapture_train,359
AMASS/all,20.89008593910691,,TotalCapture_train,359
ALL/all,20.89008593910691,,TotalCapture_train,359
AMASS/train,20.86421990520154,,TotalCapture_train,41
AMASS/all,20.86421990520154,,TotalCapture_train,41
ALL/all,20.86421990520154,,TotalCapture_train,41
AMASS/train,20.857651705782708,,TotalCapture_train,1013
AMASS/all,20.857651705782708,,TotalCapture_train,1013
ALL/all,20.857651705782708,,TotalCapture_train,1013
AMASS/train,20.855549255427896,,TotalCapture_train,815
AMASS/all,20.855549255427896,,TotalCapture_train,815
ALL/all,20.855549255427896,,TotalCapture_train,815
AMASS/train,20.844245299796018,,TotalCapture_train,1073
AMASS/all,20.844245299796018,,TotalCapture_train,1073
ALL/all,20.844245299796018,,TotalCapture_train,1073
AMASS/train,20.824043706595397,,TotalCapture_train,535
AMASS/all,20.824043706595397,,TotalCapture_train,535
ALL/all,20.824043706595397,,TotalCapture_train,535
AMASS/train,20.791768944326527,,TotalCapture_train,643
AMASS/all,20.791768944326527,,TotalCapture_train,643
ALL/all,20.791768944326527,,TotalCapture_train,643
AMASS/train,20.780591502236874,,TotalCapture_train,1139
AMASS/all,20.780591502236874,,TotalCapture_train,1139
ALL/all,20.780591502236874,,TotalCapture_train,1139
AMASS/train,20.774337857218264,,TotalCapture_train,1151
AMASS/all,20.774337857218264,,TotalCapture_train,1151
ALL/all,20.774337857218264,,TotalCapture_train,1151
AMASS/train,20.73982882511412,,TotalCapture_train,45
AMASS/all,20.73982882511412,,TotalCapture_train,45
ALL/all,20.73982882511412,,TotalCapture_train,45
AMASS/train,20.726437461554152,,TotalCapture_train,111
AMASS/all,20.726437461554152,,TotalCapture_train,111
ALL/all,20.726437461554152,,TotalCapture_train,111
AMASS/train,20.714585270352927,,TotalCapture_train,527
AMASS/all,20.714585270352927,,TotalCapture_train,527
ALL/all,20.714585270352927,,TotalCapture_train,527
AMASS/train,20.682381669829784,,TotalCapture_train,1165
AMASS/all,20.682381669829784,,TotalCapture_train,1165
ALL/all,20.682381669829784,,TotalCapture_train,1165
AMASS/train,20.67131171111433,,TotalCapture_train,1075
AMASS/all,20.67131171111433,,TotalCapture_train,1075
ALL/all,20.67131171111433,,TotalCapture_train,1075
AMASS/train,20.66279450209209,,TotalCapture_train,595
AMASS/all,20.66279450209209,,TotalCapture_train,595
ALL/all,20.66279450209209,,TotalCapture_train,595
AMASS/train,20.661006084155392,,TotalCapture_train,1227
AMASS/all,20.661006084155392,,TotalCapture_train,1227
ALL/all,20.661006084155392,,TotalCapture_train,1227
AMASS/train,20.613006982574756,,TotalCapture_train,1173
AMASS/all,20.613006982574756,,TotalCapture_train,1173
ALL/all,20.613006982574756,,TotalCapture_train,1173
AMASS/train,20.589521120885728,,TotalCapture_train,759
AMASS/all,20.589521120885728,,TotalCapture_train,759
ALL/all,20.589521120885728,,TotalCapture_train,759
AMASS/train,20.577875613641144,,TotalCapture_train,417
AMASS/all,20.577875613641144,,TotalCapture_train,417
ALL/all,20.577875613641144,,TotalCapture_train,417
AMASS/train,20.576283934914525,,TotalCapture_train,925
AMASS/all,20.576283934914525,,TotalCapture_train,925
ALL/all,20.576283934914525,,TotalCapture_train,925
AMASS/train,20.54260289104003,,TotalCapture_train,765
AMASS/all,20.54260289104003,,TotalCapture_train,765
ALL/all,20.54260289104003,,TotalCapture_train,765
AMASS/train,20.53787189966248,,TotalCapture_train,947
AMASS/all,20.53787189966248,,TotalCapture_train,947
ALL/all,20.53787189966248,,TotalCapture_train,947
AMASS/train,20.512819170700748,,TotalCapture_train,437
AMASS/all,20.512819170700748,,TotalCapture_train,437
ALL/all,20.512819170700748,,TotalCapture_train,437
ALL/all,20.497702758987927,,TotalCapture_train,1317
DIP/train,20.497702758987927,,TotalCapture_train,19
DIP/all,20.497702758987927,,TotalCapture_train,19
AMASS/train,20.458670711761776,,TotalCapture_train,973
AMASS/all,20.458670711761776,,TotalCapture_train,973
ALL/all,20.458670711761776,,TotalCapture_train,973
AMASS/train,20.438589200253812,,TotalCapture_train,835
AMASS/all,20.438589200253812,,TotalCapture_train,835
ALL/all,20.438589200253812,,TotalCapture_train,835
AMASS/train,20.434204071714632,,TotalCapture_train,285
AMASS/all,20.434204071714632,,TotalCapture_train,285
ALL/all,20.434204071714632,,TotalCapture_train,285
AMASS/train,20.421400426774582,,TotalCapture_train,75
AMASS/all,20.421400426774582,,TotalCapture_train,75
ALL/all,20.421400426774582,,TotalCapture_train,75
ALL/all,20.402582659217774,,TotalCapture_train,1335
DIP/all,20.402582659217774,,TotalCapture_train,37
DIP/val,20.402582659217774,,TotalCapture_train,1
AMASS/train,20.388387854096464,,TotalCapture_train,55
AMASS/all,20.388387854096464,,TotalCapture_train,55
ALL/all,20.388387854096464,,TotalCapture_train,55
AMASS/train,20.37012296951303,,TotalCapture_train,811
AMASS/all,20.37012296951303,,TotalCapture_train,811
ALL/all,20.37012296951303,,TotalCapture_train,811
AMASS/train,20.369593523463195,,TotalCapture_train,999
AMASS/all,20.369593523463195,,TotalCapture_train,999
ALL/all,20.369593523463195,,TotalCapture_train,999
AMASS/train,20.341937864523075,,TotalCapture_train,555
AMASS/all,20.341937864523075,,TotalCapture_train,555
ALL/all,20.341937864523075,,TotalCapture_train,555
AMASS/train,20.326702835952915,,TotalCapture_train,461
AMASS/all,20.326702835952915,,TotalCapture_train,461
ALL/all,20.326702835952915,,TotalCapture_train,461
AMASS/train,20.32197762353817,,TotalCapture_train,1109
AMASS/all,20.32197762353817,,TotalCapture_train,1109
ALL/all,20.32197762353817,,TotalCapture_train,1109
ALL/all,20.308750603625644,,TotalCapture_train,1348
DIP/all,20.308750603625644,,TotalCapture_train,50
DIP/test,20.308750603625644,,TotalCapture_train,8
AMASS/train,20.3042369901393,,TotalCapture_train,213
AMASS/all,20.3042369901393,,TotalCapture_train,213
ALL/all,20.3042369901393,,TotalCapture_train,213
AMASS/train,20.283442851365372,,TotalCapture_train,989
AMASS/all,20.283442851365372,,TotalCapture_train,989
ALL/all,20.283442851365372,,TotalCapture_train,989
AMASS/train,20.266311186335052,,TotalCapture_train,283
AMASS/all,20.266311186335052,,TotalCapture_train,283
ALL/all,20.266311186335052,,TotalCapture_train,283
AMASS/train,20.230481958799885,,TotalCapture_train,781
AMASS/all,20.230481958799885,,TotalCapture_train,781
ALL/all,20.230481958799885,,TotalCapture_train,781
AMASS/train,20.22407697010757,,TotalCapture_train,601
AMASS/all,20.22407697010757,,TotalCapture_train,601
ALL/all,20.22407697010757,,TotalCapture_train,601
AMASS/train,20.21824142236575,,TotalCapture_train,483
AMASS/all,20.21824142236575,,TotalCapture_train,483
ALL/all,20.21824142236575,,TotalCapture_train,483
AMASS/train,20.211443046201016,,TotalCapture_train,151
AMASS/all,20.211443046201016,,TotalCapture_train,151
ALL/all,20.211443046201016,,TotalCapture_train,151
AMASS/train,20.195680049118998,,TotalCapture_train,549
AMASS/all,20.195680049118998,,TotalCapture_train,549
ALL/all,20.195680049118998,,TotalCapture_train,549
AMASS/train,20.17961684865041,,TotalCapture_train,639
AMASS/all,20.17961684865041,,TotalCapture_train,639
ALL/all,20.17961684865041,,TotalCapture_train,639
AMASS/train,20.16105535379744,,TotalCapture_train,869
AMASS/all,20.16105535379744,,TotalCapture_train,869
ALL/all,20.16105535379744,,TotalCapture_train,869
AMASS/train,20.15659633388295,,TotalCapture_train,631
AMASS/all,20.15659633388295,,TotalCapture_train,631
ALL/all,20.15659633388295,,TotalCapture_train,631
AMASS/train,20.146471623240153,,TotalCapture_train,1051
AMASS/all,20.146471623240153,,TotalCapture_train,1051
ALL/all,20.146471623240153,,TotalCapture_train,1051
AMASS/train,20.138814755305095,,TotalCapture_train,1053
AMASS/all,20.138814755305095,,TotalCapture_train,1053
ALL/all,20.138814755305095,,TotalCapture_train,1053
AMASS/train,20.136051836357524,,TotalCapture_train,529
AMASS/all,20.136051836357524,,TotalCapture_train,529
ALL/all,20.136051836357524,,TotalCapture_train,529
AMASS/train,20.129849461799783,,TotalCapture_train,779
AMASS/all,20.129849461799783,,TotalCapture_train,779
ALL/all,20.129849461799783,,TotalCapture_train,779
AMASS/train,20.1107390048936,,TotalCapture_train,263
AMASS/all,20.1107390048936,,TotalCapture_train,263
ALL/all,20.1107390048936,,TotalCapture_train,263
AMASS/train,20.08777720622501,,TotalCapture_train,863
AMASS/all,20.08777720622501,,TotalCapture_train,863
ALL/all,20.08777720622501,,TotalCapture_train,863
AMASS/train,20.069557534111294,,TotalCapture_train,673
AMASS/all,20.069557534111294,,TotalCapture_train,673
ALL/all,20.069557534111294,,TotalCapture_train,673
AMASS/train,20.06281417161716,,TotalCapture_train,1041
AMASS/all,20.06281417161716,,TotalCapture_train,1041
ALL/all,20.06281417161716,,TotalCapture_train,1041
AMASS/train,20.042954598403313,,TotalCapture_train,385
AMASS/all,20.042954598403313,,TotalCapture_train,385
ALL/all,20.042954598403313,,TotalCapture_train,385
AMASS/train,20.000887447936165,,TotalCapture_train,1027
AMASS/all,20.000887447936165,,TotalCapture_train,1027
ALL/all,20.000887447936165,,TotalCapture_train,1027
AMASS/train,19.996877098602365,,TotalCapture_train,173
AMASS/all,19.996877098602365,,TotalCapture_train,173
ALL/all,19.996877098602365,,TotalCapture_train,173
AMASS/train,19.9762467473698,,TotalCapture_train,569
AMASS/all,19.9762467473698,,TotalCapture_train,569
ALL/all,19.9762467473698,,TotalCapture_train,569
AMASS/train,19.968696983021026,,TotalCapture_train,463
AMASS/all,19.968696983021026,,TotalCapture_train,463
ALL/all,19.968696983021026,,TotalCapture_train,463
AMASS/train,19.967245580842224,,TotalCapture_train,1157
AMASS/all,19.967245580842224,,TotalCapture_train,1157
ALL/all,19.967245580842224,,TotalCapture_train,1157
AMASS/train,19.955049358629292,,TotalCapture_train,105
AMASS/all,19.955049358629292,,TotalCapture_train,105
ALL/all,19.955049358629292,,TotalCapture_train,105
AMASS/train,19.941557995557538,,TotalCapture_train,39
AMASS/all,19.941557995557538,,TotalCapture_train,39
ALL/all,19.941557995557538,,TotalCapture_train,39
AMASS/train,19.935354576694316,,TotalCapture_train,1047
AMASS/all,19.935354576694316,,TotalCapture_train,1047
ALL/all,19.935354576694316,,TotalCapture_train,1047
AMASS/train,19.934207043843422,,TotalCapture_train,403
AMASS/all,19.934207043843422,,TotalCapture_train,403
ALL/all,19.934207043843422,,TotalCapture_train,403
AMASS/train,19.925039747795903,,TotalCapture_train,1107
AMASS/all,19.925039747795903,,TotalCapture_train,1107
ALL/all,19.925039747795903,,TotalCapture_train,1107
AMASS/train,19.913540180885565,,TotalCapture_train,661
AMASS/all,19.913540180885565,,TotalCapture_train,661
ALL/all,19.913540180885565,,TotalCapture_train,661
AMASS/train,19.893397234141023,,TotalCapture_train,941
AMASS/all,19.893397234141023,,TotalCapture_train,941
ALL/all,19.893397234141023,,TotalCapture_train,941
AMASS/train,19.888412584977896,,TotalCapture_train,1055
AMASS/all,19.888412584977896,,TotalCapture_train,1055
ALL/all,19.888412584977896,,TotalCapture_train,1055
AMASS/train,19.88832115410801,,DIP_train,53
AMASS/all,19.88832115410801,,DIP_train,53
ALL/all,19.88832115410801,,DIP_train,53
AMASS/train,19.858299455076903,,DIP_train,283
AMASS/all,19.858299455076903,,DIP_train,283
ALL/all,19.858299455076903,,DIP_train,283
ALL/all,19.85251586771253,,TotalCapture_train,1351
DIP/all,19.85251586771253,,TotalCapture_train,53
DIP/test,19.85251586771253,,TotalCapture_train,11
AMASS/train,19.83968178364217,,TotalCapture_train,969
AMASS/all,19.83968178364217,,TotalCapture_train,969
ALL/all,19.83968178364217,,TotalCapture_train,969
AMASS/train,19.805067683309492,,TotalCapture_train,191
AMASS/all,19.805067683309492,,TotalCapture_train,191
ALL/all,19.805067683309492,,TotalCapture_train,191
AMASS/train,19.790561314243025,,TotalCapture_train,597
AMASS/all,19.790561314243025,,TotalCapture_train,597
ALL/all,19.790561314243025,,TotalCapture_train,597
AMASS/train,19.781382802929258,,TotalCapture_train,475
AMASS/all,19.781382802929258,,TotalCapture_train,475
ALL/all,19.781382802929258,,TotalCapture_train,475
AMASS/train,19.764683103113946,,TotalCapture_train,237
AMASS/all,19.764683103113946,,TotalCapture_train,237
ALL/all,19.764683103113946,,TotalCapture_train,237
AMASS/train,19.731734214944144,,TotalCapture_train,715
AMASS/all,19.731734214944144,,TotalCapture_train,715
ALL/all,19.731734214944144,,TotalCapture_train,715
AMASS/train,19.73034880589881,,TotalCapture_train,179
AMASS/all,19.73034880589881,,TotalCapture_train,179
ALL/all,19.73034880589881,,TotalCapture_train,179
AMASS/train,19.713315687942707,,TotalCapture_train,853
AMASS/all,19.713315687942707,,TotalCapture_train,853
ALL/all,19.713315687942707,,TotalCapture_train,853
AMASS/train,19.709739622830405,,TotalCapture_train,1265
AMASS/all,19.709739622830405,,TotalCapture_train,1265
ALL/all,19.709739622830405,,TotalCapture_train,1265
AMASS/train,19.702271338108883,,TotalCapture_train,1103
AMASS/all,19.702271338108883,,TotalCapture_train,1103
ALL/all,19.702271338108883,,TotalCapture_train,1103
AMASS/train,19.6942583216592,,TotalCapture_train,917
AMASS/all,19.6942583216592,,TotalCapture_train,917
ALL/all,19.6942583216592,,TotalCapture_train,917
AMASS/train,19.691185852993893,,TotalCapture_train,691
AMASS/all,19.691185852993893,,TotalCapture_train,691
ALL/all,19.691185852993893,,TotalCapture_train,691
AMASS/train,19.632229223006842,,TotalCapture_train,891
AMASS/all,19.632229223006842,,TotalCapture_train,891
ALL/all,19.632229223006842,,TotalCapture_train,891
AMASS/train,19.63093496963212,,TotalCapture_train,1221
AMASS/all,19.63093496963212,,TotalCapture_train,1221
ALL/all,19.63093496963212,,TotalCapture_train,1221
AMASS/train,19.58576635641854,,TotalCapture_train,803
AMASS/all,19.58576635641854,,TotalCapture_train,803
ALL/all,19.58576635641854,,TotalCapture_train,803
AMASS/train,19.575758591115555,,TotalCapture_train,137
AMASS/all,19.575758591115555,,TotalCapture_train,137
ALL/all,19.575758591115555,,TotalCapture_train,137
ALL/all,19.551343407691057,,TotalCapture_train,1401
TotalCapture/all,19.551343407691057,,TotalCapture_train,42
TotalCapture/test,19.551343407691057,,TotalCapture_train,1
AMASS/train,19.550976032536475,,TotalCapture_train,317
AMASS/all,19.550976032536475,,TotalCapture_train,317
ALL/all,19.550976032536475,,TotalCapture_train,317
AMASS/train,19.512565397808217,,TotalCapture_train,719
AMASS/all,19.512565397808217,,TotalCapture_train,719
ALL/all,19.512565397808217,,TotalCapture_train,719
AMASS/train,19.50489553522079,,TotalCapture_train,865
AMASS/all,19.50489553522079,,TotalCapture_train,865
ALL/all,19.50489553522079,,TotalCapture_train,865
AMASS/train,19.482825078877518,,DIP_train,653
AMASS/all,19.482825078877518,,DIP_train,653
ALL/all,19.482825078877518,,DIP_train,653
AMASS/train,19.47270518658723,,TotalCapture_train,441
AMASS/all,19.47270518658723,,TotalCapture_train,441
ALL/all,19.47270518658723,,TotalCapture_train,441
AMASS/train,19.471330243348245,,TotalCapture_train,63
AMASS/all,19.471330243348245,,TotalCapture_train,63
ALL/all,19.471330243348245,,TotalCapture_train,63
AMASS/train,19.433683442495596,,TotalCapture_train,1061
AMASS/all,19.433683442495596,,TotalCapture_train,1061
ALL/all,19.433683442495596,,TotalCapture_train,1061
AMASS/train,19.42837430324335,,TotalCapture_train,373
AMASS/all,19.42837430324335,,TotalCapture_train,373
ALL/all,19.42837430324335,,TotalCapture_train,373
AMASS/train,19.42319242233276,,TotalCapture_train,389
AMASS/all,19.42319242233276,,TotalCapture_train,389
ALL/all,19.42319242233276,,TotalCapture_train,389
AMASS/train,19.415700273505216,,TotalCapture_train,707
AMASS/all,19.415700273505216,,TotalCapture_train,707
ALL/all,19.415700273505216,,TotalCapture_train,707
AMASS/train,19.391429891538017,,DIP_train,1279
AMASS/all,19.391429891538017,,DIP_train,1279
ALL/all,19.391429891538017,,DIP_train,1279
ALL/all,19.377691822625568,,TotalCapture_train,1313
DIP/train,19.377691822625568,,TotalCapture_train,15
DIP/all,19.377691822625568,,TotalCapture_train,15
AMASS/train,19.361994442686573,,TotalCapture_train,1001
AMASS/all,19.361994442686573,,TotalCapture_train,1001
ALL/all,19.361994442686573,,TotalCapture_train,1001
AMASS/train,19.349941015352087,,TotalCapture_train,457
AMASS/all,19.349941015352087,,TotalCapture_train,457
ALL/all,19.349941015352087,,TotalCapture_train,457
AMASS/train,19.342213569073557,,TotalCapture_train,1249
AMASS/all,19.342213569073557,,TotalCapture_train,1249
ALL/all,19.342213569073557,,TotalCapture_train,1249
AMASS/train,19.341316222937014,,TotalCapture_train,627
AMASS/all,19.341316222937014,,TotalCapture_train,627
ALL/all,19.341316222937014,,TotalCapture_train,627
AMASS/train,19.33432657532445,,DIP_train,205
AMASS/all,19.33432657532445,,DIP_train,205
ALL/all,19.33432657532445,,DIP_train,205
AMASS/train,19.329857807212964,,TotalCapture_train,883
AMASS/all,19.329857807212964,,TotalCapture_train,883
ALL/all,19.329857807212964,,TotalCapture_train,883
AMASS/train,19.31761331615993,,TotalCapture_train,885
AMASS/all,19.31761331615993,,TotalCapture_train,885
ALL/all,19.31761331615993,,TotalCapture_train,885
AMASS/train,19.314555308411332,,TotalCapture_train,727
AMASS/all,19.314555308411332,,TotalCapture_train,727
ALL/all,19.314555308411332,,TotalCapture_train,727
AMASS/train,19.30966359123215,,TotalCapture_train,689
AMASS/all,19.30966359123215,,TotalCapture_train,689
ALL/all,19.30966359123215,,TotalCapture_train,689
AMASS/train,19.295015333259407,,TotalCapture_train,911
AMASS/all,19.295015333259407,,TotalCapture_train,911
ALL/all,19.295015333259407,,TotalCapture_train,911
AMASS/train,19.29223360709319,,DIP_train,225
AMASS/all,19.29223360709319,,DIP_train,225
ALL/all,19.29223360709319,,DIP_train,225
AMASS/train,19.28984409594792,,TotalCapture_train,1030
AMASS/all,19.28984409594792,,TotalCapture_train,1030
ALL/all,19.28984409594792,,TotalCapture_train,1030
AMASS/train,19.265180566765604,,TotalCapture_train,1279
AMASS/all,19.265180566765604,,TotalCapture_train,1279
ALL/all,19.265180566765604,,TotalCapture_train,1279
AMASS/train,19.253116982966638,,TotalCapture_train,761
AMASS/all,19.253116982966638,,TotalCapture_train,761
ALL/all,19.253116982966638,,TotalCapture_train,761
AMASS/train,19.244569663295344,,TotalCapture_train,13
AMASS/all,19.244569663295344,,TotalCapture_train,13
ALL/all,19.244569663295344,,TotalCapture_train,13
AMASS/train,19.23522877089968,,TotalCapture_train,721
AMASS/all,19.23522877089968,,TotalCapture_train,721
ALL/all,19.23522877089968,,TotalCapture_train,721
AMASS/train,19.23510484140238,,TotalCapture_train,833
AMASS/all,19.23510484140238,,TotalCapture_train,833
ALL/all,19.23510484140238,,TotalCapture_train,833
AMASS/train,19.23161102978337,,TotalCapture_train,231
AMASS/all,19.23161102978337,,TotalCapture_train,231
ALL/all,19.23161102978337,,TotalCapture_train,231
AMASS/train,19.229159224254946,,TotalCapture_train,465
AMASS/all,19.229159224254946,,TotalCapture_train,465
ALL/all,19.229159224254946,,TotalCapture_train,465
AMASS/train,19.2253070014499,,TotalCapture_train,7
AMASS/all,19.2253070014499,,TotalCapture_train,7
ALL/all,19.2253070014499,,TotalCapture_train,7
AMASS/train,19.184959503908978,,TotalCapture_train,355
AMASS/all,19.184959503908978,,TotalCapture_train,355
ALL/all,19.184959503908978,,TotalCapture_train,355
AMASS/train,19.181893355577714,,TotalCapture_train,981
AMASS/all,19.181893355577714,,TotalCapture_train,981
ALL/all,19.181893355577714,,TotalCapture_train,981
AMASS/train,19.170360273987008,,TotalCapture_train,511
AMASS/all,19.170360273987008,,TotalCapture_train,511
ALL/all,19.170360273987008,,TotalCapture_train,511
AMASS/train,19.165451512804434,,TotalCapture_train,805
AMASS/all,19.165451512804434,,TotalCapture_train,805
ALL/all,19.165451512804434,,TotalCapture_train,805
AMASS/train,19.16045538767635,,TotalCapture_train,119
AMASS/all,19.16045538767635,,TotalCapture_train,119
ALL/all,19.16045538767635,,TotalCapture_train,119
AMASS/train,19.148961955581914,,TotalCapture_train,543
AMASS/all,19.148961955581914,,TotalCapture_train,543
ALL/all,19.148961955581914,,TotalCapture_train,543
ALL/all,19.14624833737192,,TotalCapture_train,1353
DIP/all,19.14624833737192,,TotalCapture_train,55
DIP/test,19.14624833737192,,TotalCapture_train,13
AMASS/train,19.139914349195525,,TotalCapture_train,183
AMASS/all,19.139914349195525,,TotalCapture_train,183
ALL/all,19.139914349195525,,TotalCapture_train,183
AMASS/train,19.12916055722447,,TotalCapture_train,1291
AMASS/all,19.12916055722447,,TotalCapture_train,1291
ALL/all,19.12916055722447,,TotalCapture_train,1291
AMASS/train,19.12394768682388,,TotalCapture_train,1035
AMASS/all,19.12394768682388,,TotalCapture_train,1035
ALL/all,19.12394768682388,,TotalCapture_train,1035
AMASS/train,19.123517835000552,,TotalCapture_train,1293
AMASS/all,19.123517835000552,,TotalCapture_train,1293
ALL/all,19.123517835000552,,TotalCapture_train,1293
AMASS/train,19.11456170609325,,TotalCapture_train,497
AMASS/all,19.11456170609325,,TotalCapture_train,497
ALL/all,19.11456170609325,,TotalCapture_train,497
AMASS/train,19.050361837729803,,TotalCapture_train,1009
AMASS/all,19.050361837729803,,TotalCapture_train,1009
ALL/all,19.050361837729803,,TotalCapture_train,1009
AMASS/train,19.04318420611995,,TotalCapture_train,821
AMASS/all,19.04318420611995,,TotalCapture_train,821
ALL/all,19.04318420611995,,TotalCapture_train,821
AMASS/train,19.040815230113374,,TotalCapture_train,621
AMASS/all,19.040815230113374,,TotalCapture_train,621
ALL/all,19.040815230113374,,TotalCapture_train,621
AMASS/train,19.006692484064345,,TotalCapture_train,1167
AMASS/all,19.006692484064345,,TotalCapture_train,1167
ALL/all,19.006692484064345,,TotalCapture_train,1167
AMASS/train,18.968449321998204,,DIP_train,709
AMASS/all,18.968449321998204,,DIP_train,709
ALL/all,18.968449321998204,,DIP_train,709
AMASS/train,18.935684481481367,,TotalCapture_train,641
AMASS/all,18.935684481481367,,TotalCapture_train,641
ALL/all,18.935684481481367,,TotalCapture_train,641
AMASS/train,18.932216092651082,,TotalCapture_train,825
AMASS/all,18.932216092651082,,TotalCapture_train,825
ALL/all,18.932216092651082,,TotalCapture_train,825
AMASS/train,18.914653893642225,,DIP_train,189
AMASS/all,18.914653893642225,,DIP_train,189
ALL/all,18.914653893642225,,DIP_train,189
AMASS/train,18.834428205875255,,TotalCapture_train,955
AMASS/all,18.834428205875255,,TotalCapture_train,955
ALL/all,18.834428205875255,,TotalCapture_train,955
AMASS/train,18.81648308406773,,TotalCapture_train,921
AMASS/all,18.81648308406773,,TotalCapture_train,921
ALL/all,18.81648308406773,,TotalCapture_train,921
AMASS/train,18.814282694152485,,TotalCapture_train,449
AMASS/all,18.814282694152485,,TotalCapture_train,449
ALL/all,18.814282694152485,,TotalCapture_train,449
ALL/all,18.79298391217093,,TotalCapture_train,1324
DIP/train,18.79298391217093,,TotalCapture_train,26
DIP/all,18.79298391217093,,TotalCapture_train,26
AMASS/train,18.785520205728627,,TotalCapture_train,1115
AMASS/all,18.785520205728627,,TotalCapture_train,1115
ALL/all,18.785520205728627,,TotalCapture_train,1115
AMASS/train,18.77876329244882,,TotalCapture_train,897
AMASS/all,18.77876329244882,,TotalCapture_train,897
ALL/all,18.77876329244882,,TotalCapture_train,897
AMASS/train,18.77216892567815,,TotalCapture_train,1066
AMASS/all,18.77216892567815,,TotalCapture_train,1066
ALL/all,18.77216892567815,,TotalCapture_train,1066
AMASS/train,18.753946781605443,,TotalCapture_train,201
AMASS/all,18.753946781605443,,TotalCapture_train,201
ALL/all,18.753946781605443,,TotalCapture_train,201
AMASS/train,18.73813135205223,,TotalCapture_train,9
AMASS/all,18.73813135205223,,TotalCapture_train,9
ALL/all,18.73813135205223,,TotalCapture_train,9
AMASS/train,18.718270133302127,,TotalCapture_train,1183
AMASS/all,18.718270133302127,,TotalCapture_train,1183
ALL/all,18.718270133302127,,TotalCapture_train,1183
AMASS/train,18.679296130872288,,TotalCapture_train,331
AMASS/all,18.679296130872288,,TotalCapture_train,331
ALL/all,18.679296130872288,,TotalCapture_train,331
AMASS/train,18.67928745315646,,TotalCapture_train,271
AMASS/all,18.67928745315646,,TotalCapture_train,271
ALL/all,18.67928745315646,,TotalCapture_train,271
ALL/all,18.6650445440173,,TotalCapture_train,1303
DIP/train,18.6650445440173,,TotalCapture_train,5
DIP/all,18.6650445440173,,TotalCapture_train,5
AMASS/train,18.641477118711332,,TotalCapture_train,633
AMASS/all,18.641477118711332,,TotalCapture_train,633
ALL/all,18.641477118711332,,TotalCapture_train,633
AMASS/train,18.630233003573135,,TotalCapture_train,323
AMASS/all,18.630233003573135,,TotalCapture_train,323
ALL/all,18.630233003573135,,TotalCapture_train,323
AMASS/train,18.629912445944328,,DIP_train,793
AMASS/all,18.629912445944328,,DIP_train,793
ALL/all,18.629912445944328,,DIP_train,793
AMASS/train,18.624996572910216,,TotalCapture_train,273
AMASS/all,18.624996572910216,,TotalCapture_train,273
ALL/all,18.624996572910216,,TotalCapture_train,273
AMASS/train,18.595113667799346,,TotalCapture_train,1062
AMASS/all,18.595113667799346,,TotalCapture_train,1062
ALL/all,18.595113667799346,,TotalCapture_train,1062
AMASS/train,18.59078580039834,,TotalCapture_train,145
AMASS/all,18.59078580039834,,TotalCapture_train,145
ALL/all,18.59078580039834,,TotalCapture_train,145
AMASS/train,18.588311888402703,,TotalCapture_train,277
AMASS/all,18.588311888402703,,TotalCapture_train,277
ALL/all,18.588311888402703,,TotalCapture_train,277
ALL/all,18.583184736792372,,TotalCapture_train,1318
DIP/train,18.583184736792372,,TotalCapture_train,20
DIP/all,18.583184736792372,,TotalCapture_train,20
AMASS/train,18.572719157440776,,TotalCapture_train,1095
AMASS/all,18.572719157440776,,TotalCapture_train,1095
ALL/all,18.572719157440776,,TotalCapture_train,1095
AMASS/train,18.569075845319013,,TotalCapture_train,415
AMASS/all,18.569075845319013,,TotalCapture_train,415
ALL/all,18.569075845319013,,TotalCapture_train,415
AMASS/train,18.548930700407965,,TotalCapture_train,857
AMASS/all,18.548930700407965,,TotalCapture_train,857
ALL/all,18.548930700407965,,TotalCapture_train,857
AMASS/train,18.539512216950474,,TotalCapture_train,23
AMASS/all,18.539512216950474,,TotalCapture_train,23
ALL/all,18.539512216950474,,TotalCapture_train,23
AMASS/train,18.508434033058155,,TotalCapture_train,261
AMASS/all,18.508434033058155,,TotalCapture_train,261
ALL/all,18.508434033058155,,TotalCapture_train,261
AMASS/train,18.507642403192303,,TotalCapture_train,1156
AMASS/all,18.507642403192303,,TotalCapture_train,1156
ALL/all,18.507642403192303,,TotalCapture_train,1156
AMASS/train,18.5025846254814,,TotalCapture_train,1119
AMASS/all,18.5025846254814,,TotalCapture_train,1119
ALL/all,18.5025846254814,,TotalCapture_train,1119
AMASS/train,18.499316756948797,,TotalCapture_train,733
AMASS/all,18.499316756948797,,TotalCapture_train,733
ALL/all,18.499316756948797,,TotalCapture_train,733
AMASS/train,18.49122322230032,,TotalCapture_train,1219
AMASS/all,18.49122322230032,,TotalCapture_train,1219
ALL/all,18.49122322230032,,TotalCapture_train,1219
AMASS/train,18.462912368789667,,TotalCapture_train,1187
AMASS/all,18.462912368789667,,TotalCapture_train,1187
ALL/all,18.462912368789667,,TotalCapture_train,1187
AMASS/train,18.451496865550705,,DIP_train,153
AMASS/all,18.451496865550705,,DIP_train,153
ALL/all,18.451496865550705,,DIP_train,153
AMASS/train,18.442253637457906,,TotalCapture_train,647
AMASS/all,18.442253637457906,,TotalCapture_train,647
ALL/all,18.442253637457906,,TotalCapture_train,647
AMASS/train,18.403013795132104,,TotalCapture_train,363
AMASS/all,18.403013795132104,,TotalCapture_train,363
ALL/all,18.403013795132104,,TotalCapture_train,363
AMASS/train,18.385396914037557,,TotalCapture_train,683
AMASS/all,18.385396914037557,,TotalCapture_train,683
ALL/all,18.385396914037557,,TotalCapture_train,683
AMASS/train,18.3763862347695,,TotalCapture_train,829
AMASS/all,18.3763862347695,,TotalCapture_train,829
ALL/all,18.3763862347695,,TotalCapture_train,829
AMASS/train,18.37572793587616,,TotalCapture_train,141
AMASS/all,18.37572793587616,,TotalCapture_train,141
ALL/all,18.37572793587616,,TotalCapture_train,141
AMASS/train,18.363256604258922,,TotalCapture_train,1205
AMASS/all,18.363256604258922,,TotalCapture_train,1205
ALL/all,18.363256604258922,,TotalCapture_train,1205
AMASS/train,18.330412524946286,,TotalCapture_train,233
AMASS/all,18.330412524946286,,TotalCapture_train,233
ALL/all,18.330412524946286,,TotalCapture_train,233
AMASS/train,18.306275171437623,,TotalCapture_train,455
AMASS/all,18.306275171437623,,TotalCapture_train,455
ALL/all,18.306275171437623,,TotalCapture_train,455
AMASS/train,18.287515418140188,,TotalCapture_train,211
AMASS/all,18.287515418140188,,TotalCapture_train,211
ALL/all,18.287515418140188,,TotalCapture_train,211
AMASS/train,18.26045111354213,,TotalCapture_train,1067
AMASS/all,18.26045111354213,,TotalCapture_train,1067
ALL/all,18.26045111354213,,TotalCapture_train,1067
AMASS/train,18.215266852203087,,TotalCapture_train,1026
AMASS/all,18.215266852203087,,TotalCapture_train,1026
ALL/all,18.215266852203087,,TotalCapture_train,1026
AMASS/train,18.2101865077986,,DIP_train,855
AMASS/all,18.2101865077986,,DIP_train,855
ALL/all,18.2101865077986,,DIP_train,855
AMASS/train,18.179812985274047,,DIP_train,851
AMASS/all,18.179812985274047,,DIP_train,851
ALL/all,18.179812985274047,,DIP_train,851
AMASS/train,18.172238790419453,,TotalCapture_train,1039
AMASS/all,18.172238790419453,,TotalCapture_train,1039
ALL/all,18.172238790419453,,TotalCapture_train,1039
AMASS/train,18.169543880742165,,TotalCapture_train,1106
AMASS/all,18.169543880742165,,TotalCapture_train,1106
ALL/all,18.169543880742165,,TotalCapture_train,1106
AMASS/train,18.166157927092392,,TotalCapture_train,471
AMASS/all,18.166157927092392,,TotalCapture_train,471
ALL/all,18.166157927092392,,TotalCapture_train,471
AMASS/train,18.15351335027092,,DIP_train,799
AMASS/all,18.15351335027092,,DIP_train,799
ALL/all,18.15351335027092,,DIP_train,799
AMASS/train,18.1435171385214,,TotalCapture_train,1144
AMASS/all,18.1435171385214,,TotalCapture_train,1144
ALL/all,18.1435171385214,,TotalCapture_train,1144
ALL/all,18.1422034720606,,TotalCapture_train,1329
DIP/train,18.1422034720606,,TotalCapture_train,31
DIP/all,18.1422034720606,,TotalCapture_train,31
ALL/all,18.135147864226713,,TotalCapture_train,1319
DIP/train,18.135147864226713,,TotalCapture_train,21
DIP/all,18.135147864226713,,TotalCapture_train,21
AMASS/train,18.12311036486058,,TotalCapture_train,963
AMASS/all,18.12311036486058,,TotalCapture_train,963
ALL/all,18.12311036486058,,TotalCapture_train,963
AMASS/train,18.078114713132493,,TotalCapture_train,693
AMASS/all,18.078114713132493,,TotalCapture_train,693
ALL/all,18.078114713132493,,TotalCapture_train,693
AMASS/train,18.073585156769,,DIP_train,1209
AMASS/all,18.073585156769,,DIP_train,1209
ALL/all,18.073585156769,,DIP_train,1209
AMASS/train,18.056661533466368,,TotalCapture_train,877
AMASS/all,18.056661533466368,,TotalCapture_train,877
ALL/all,18.056661533466368,,TotalCapture_train,877
AMASS/train,18.01028942681902,,TotalCapture_train,1286
AMASS/all,18.01028942681902,,TotalCapture_train,1286
ALL/all,18.01028942681902,,TotalCapture_train,1286
AMASS/train,17.991758434456305,,TotalCapture_train,296
AMASS/all,17.991758434456305,,TotalCapture_train,296
ALL/all,17.991758434456305,,TotalCapture_train,296
AMASS/train,17.98900476533385,,TotalCapture_train,59
AMASS/all,17.98900476533385,,TotalCapture_train,59
ALL/all,17.98900476533385,,TotalCapture_train,59
AMASS/train,17.987854804955663,,DIP_train,239
AMASS/all,17.987854804955663,,DIP_train,239
ALL/all,17.987854804955663,,DIP_train,239
AMASS/train,17.972995189992822,,TotalCapture_train,1149
AMASS/all,17.972995189992822,,TotalCapture_train,1149
ALL/all,17.972995189992822,,TotalCapture_train,1149
AMASS/train,17.96952052468362,,DIP_train,737
AMASS/all,17.96952052468362,,DIP_train,737
ALL/all,17.96952052468362,,DIP_train,737
AMASS/train,17.957536118824482,,TotalCapture_train,1163
AMASS/all,17.957536118824482,,TotalCapture_train,1163
ALL/all,17.957536118824482,,TotalCapture_train,1163
AMASS/train,17.91532383673743,,DIP_train,971
AMASS/all,17.91532383673743,,DIP_train,971
ALL/all,17.91532383673743,,DIP_train,971
AMASS/train,17.9102829969966,,TotalCapture_train,1273
AMASS/all,17.9102829969966,,TotalCapture_train,1273
ALL/all,17.9102829969966,,TotalCapture_train,1273
AMASS/train,17.901540655196985,,TotalCapture_train,1147
AMASS/all,17.901540655196985,,TotalCapture_train,1147
ALL/all,17.901540655196985,,TotalCapture_train,1147
AMASS/train,17.8808588436427,,DIP_train,279
AMASS/all,17.8808588436427,,DIP_train,279
ALL/all,17.8808588436427,,DIP_train,279
AMASS/train,17.871496645602736,,TotalCapture_train,749
AMASS/all,17.871496645602736,,TotalCapture_train,749
ALL/all,17.871496645602736,,TotalCapture_train,749
AMASS/train,17.851481880104735,,DIP_train,889
AMASS/all,17.851481880104735,,DIP_train,889
ALL/all,17.851481880104735,,DIP_train,889
AMASS/train,17.813559270447758,,TotalCapture_train,1180
AMASS/all,17.813559270447758,,TotalCapture_train,1180
ALL/all,17.813559270447758,,TotalCapture_train,1180
AMASS/train,17.810788733543337,,DIP_train,757
AMASS/all,17.810788733543337,,DIP_train,757
ALL/all,17.810788733543337,,DIP_train,757
AMASS/train,17.810072494329496,,DIP_train,457
AMASS/all,17.810072494329496,,DIP_train,457
ALL/all,17.810072494329496,,DIP_train,457
AMASS/train,17.79437711237293,,TotalCapture_train,1088
AMASS/all,17.79437711237293,,TotalCapture_train,1088
ALL/all,17.79437711237293,,TotalCapture_train,1088
AMASS/train,17.790250610879838,,DIP_train,1261
AMASS/all,17.790250610879838,,DIP_train,1261
ALL/all,17.790250610879838,,DIP_train,1261
AMASS/train,17.78410486340027,,TotalCapture_train,332
AMASS/all,17.78410486340027,,TotalCapture_train,332
ALL/all,17.78410486340027,,TotalCapture_train,332
AMASS/train,17.765281944226643,,TotalCapture_train,1028
AMASS/all,17.765281944226643,,TotalCapture_train,1028
ALL/all,17.765281944226643,,TotalCapture_train,1028
AMASS/train,17.73974428232321,,TotalCapture_train,701
AMASS/all,17.73974428232321,,TotalCapture_train,701
ALL/all,17.73974428232321,,TotalCapture_train,701
AMASS/train,17.73471956731681,,TotalCapture_train,334
AMASS/all,17.73471956731681,,TotalCapture_train,334
ALL/all,17.73471956731681,,TotalCapture_train,334
AMASS/train,17.730404484164502,,TotalCapture_train,1011
AMASS/all,17.730404484164502,,TotalCapture_train,1011
ALL/all,17.730404484164502,,TotalCapture_train,1011
AMASS/train,17.718815162154897,,TotalCapture_train,515
AMASS/all,17.718815162154897,,TotalCapture_train,515
ALL/all,17.718815162154897,,TotalCapture_train,515
AMASS/train,17.710108559609118,,TotalCapture_train,336
AMASS/all,17.710108559609118,,TotalCapture_train,336
ALL/all,17.710108559609118,,TotalCapture_train,336
AMASS/train,17.705103028460897,,TotalCapture_train,123
AMASS/all,17.705103028460897,,TotalCapture_train,123
ALL/all,17.705103028460897,,TotalCapture_train,123
AMASS/train,17.694674282750224,,DIP_train,255
AMASS/all,17.694674282750224,,DIP_train,255
ALL/all,17.694674282750224,,DIP_train,255
AMASS/train,17.69109354164519,,TotalCapture_train,1078
AMASS/all,17.69109354164519,,TotalCapture_train,1078
ALL/all,17.69109354164519,,TotalCapture_train,1078
AMASS/train,17.67088028808416,,TotalCapture_train,796
AMASS/all,17.67088028808416,,TotalCapture_train,796
ALL/all,17.67088028808416,,TotalCapture_train,796
AMASS/train,17.670580305556573,,TotalCapture_train,794
AMASS/all,17.670580305556573,,TotalCapture_train,794
ALL/all,17.670580305556573,,TotalCapture_train,794
AMASS/train,17.65393918441359,,TotalCapture_train,792
AMASS/all,17.65393918441359,,TotalCapture_train,792
ALL/all,17.65393918441359,,TotalCapture_train,792
AMASS/train,17.63908940492712,,TotalCapture_train,330
AMASS/all,17.63908940492712,,TotalCapture_train,330
ALL/all,17.63908940492712,,TotalCapture_train,330
AMASS/train,17.63701783106004,,TotalCapture_train,328
AMASS/all,17.63701783106004,,TotalCapture_train,328
ALL/all,17.63701783106004,,TotalCapture_train,328
AMASS/train,17.631957637244373,,TotalCapture_train,1241
AMASS/all,17.631957637244373,,TotalCapture_train,1241
ALL/all,17.631957637244373,,TotalCapture_train,1241
AMASS/train,17.630126892831235,,DIP_train,627
AMASS/all,17.630126892831235,,DIP_train,627
ALL/all,17.630126892831235,,DIP_train,627
AMASS/train,17.61962707753317,,TotalCapture_train,786
AMASS/all,17.61962707753317,,TotalCapture_train,786
ALL/all,17.61962707753317,,TotalCapture_train,786
AMASS/train,17.602245284062104,,DIP_train,289
AMASS/all,17.602245284062104,,DIP_train,289
ALL/all,17.602245284062104,,DIP_train,289
AMASS/train,17.600175055618205,,TotalCapture_train,266
AMASS/all,17.600175055618205,,TotalCapture_train,266
ALL/all,17.600175055618205,,TotalCapture_train,266
ALL/all,17.592759694344956,,TotalCapture_train,1334
DIP/all,17.592759694344956,,TotalCapture_train,36
DIP/val,17.592759694344956,,TotalCapture_train,0
AMASS/train,17.591232819248386,,TotalCapture_train,1111
AMASS/all,17.591232819248386,,TotalCapture_train,1111
ALL/all,17.591232819248386,,TotalCapture_train,1111
AMASS/train,17.58785927545798,,TotalCapture_train,307
AMASS/all,17.58785927545798,,TotalCapture_train,307
ALL/all,17.58785927545798,,TotalCapture_train,307
AMASS/train,17.562759474948145,,TotalCapture_train,593
AMASS/all,17.562759474948145,,TotalCapture_train,593
ALL/all,17.562759474948145,,TotalCapture_train,593
AMASS/train,17.559127903414318,,TotalCapture_train,810
AMASS/all,17.559127903414318,,TotalCapture_train,810
ALL/all,17.559127903414318,,TotalCapture_train,810
AMASS/train,17.54327079971144,,TotalCapture_train,257
AMASS/all,17.54327079971144,,TotalCapture_train,257
ALL/all,17.54327079971144,,TotalCapture_train,257
AMASS/train,17.531791169760165,,TotalCapture_train,943
AMASS/all,17.531791169760165,,TotalCapture_train,943
ALL/all,17.531791169760165,,TotalCapture_train,943
AMASS/train,17.52286549819372,,DIP_train,209
AMASS/all,17.52286549819372,,DIP_train,209
ALL/all,17.52286549819372,,DIP_train,209
AMASS/train,17.520494995691408,,DIP_train,651
AMASS/all,17.520494995691408,,DIP_train,651
ALL/all,17.520494995691408,,DIP_train,651
AMASS/train,17.51575136220892,,TotalCapture_train,790
AMASS/all,17.51575136220892,,TotalCapture_train,790
ALL/all,17.51575136220892,,TotalCapture_train,790
ALL/all,17.506877885519806,,TotalCapture_train,1342
DIP/all,17.506877885519806,,TotalCapture_train,44
DIP/test,17.506877885519806,,TotalCapture_train,2
AMASS/train,17.498070939103197,,DIP_train,157
AMASS/all,17.498070939103197,,DIP_train,157
ALL/all,17.498070939103197,,DIP_train,157
AMASS/train,17.494298201835324,,DIP_train,1109
AMASS/all,17.494298201835324,,DIP_train,1109
ALL/all,17.494298201835324,,DIP_train,1109
AMASS/train,17.49159576093726,,TotalCapture_train,495
AMASS/all,17.49159576093726,,TotalCapture_train,495
ALL/all,17.49159576093726,,TotalCapture_train,495
AMASS/train,17.48406185060131,,DIP_train,375
AMASS/all,17.48406185060131,,DIP_train,375
ALL/all,17.48406185060131,,DIP_train,375
AMASS/train,17.480257337088624,,TotalCapture_train,258
AMASS/all,17.480257337088624,,TotalCapture_train,258
ALL/all,17.480257337088624,,TotalCapture_train,258
AMASS/train,17.47606762416378,,TotalCapture_train,553
AMASS/all,17.47606762416378,,TotalCapture_train,553
ALL/all,17.47606762416378,,TotalCapture_train,553
AMASS/train,17.471994002272726,,TotalCapture_train,268
AMASS/all,17.471994002272726,,TotalCapture_train,268
ALL/all,17.471994002272726,,TotalCapture_train,268
AMASS/train,17.471724673207152,,TotalCapture_train,788
AMASS/all,17.471724673207152,,TotalCapture_train,788
ALL/all,17.471724673207152,,TotalCapture_train,788
AMASS/train,17.471583039055478,,TotalCapture_train,338
AMASS/all,17.471583039055478,,TotalCapture_train,338
ALL/all,17.471583039055478,,TotalCapture_train,338
AMASS/train,17.463746841205058,,DIP_train,269
AMASS/all,17.463746841205058,,DIP_train,269
ALL/all,17.463746841205058,,DIP_train,269
AMASS/train,17.459011604597926,,TotalCapture_train,130
AMASS/all,17.459011604597926,,TotalCapture_train,130
ALL/all,17.459011604597926,,TotalCapture_train,130
AMASS/train,17.457408955054362,,TotalCapture_train,294
AMASS/all,17.457408955054362,,TotalCapture_train,294
ALL/all,17.457408955054362,,TotalCapture_train,294
AMASS/train,17.455374737200934,,TotalCapture_train,1042
AMASS/all,17.455374737200934,,TotalCapture_train,1042
ALL/all,17.455374737200934,,TotalCapture_train,1042
AMASS/train,17.455185882182,,TotalCapture_train,132
AMASS/all,17.455185882182,,TotalCapture_train,132
ALL/all,17.455185882182,,TotalCapture_train,132
AMASS/train,17.45111900657667,,TotalCapture_train,992
AMASS/all,17.45111900657667,,TotalCapture_train,992
ALL/all,17.45111900657667,,TotalCapture_train,992
AMASS/train,17.44739772709783,,TotalCapture_train,1007
AMASS/all,17.44739772709783,,TotalCapture_train,1007
ALL/all,17.44739772709783,,TotalCapture_train,1007
AMASS/train,17.443763950618898,,TotalCapture_train,808
AMASS/all,17.443763950618898,,TotalCapture_train,808
ALL/all,17.443763950618898,,TotalCapture_train,808
AMASS/train,17.440053812148058,,TotalCapture_train,816
AMASS/all,17.440053812148058,,TotalCapture_train,816
ALL/all,17.440053812148058,,TotalCapture_train,816
AMASS/train,17.438334574443743,,DIP_train,605
AMASS/all,17.438334574443743,,DIP_train,605
ALL/all,17.438334574443743,,DIP_train,605
AMASS/train,17.43291874194581,,TotalCapture_train,580
AMASS/all,17.43291874194581,,TotalCapture_train,580
ALL/all,17.43291874194581,,TotalCapture_train,580
AMASS/train,17.42296719308952,,TotalCapture_train,804
AMASS/all,17.42296719308952,,TotalCapture_train,804
ALL/all,17.42296719308952,,TotalCapture_train,804
AMASS/train,17.403353317080068,,TotalCapture_train,235
AMASS/all,17.403353317080068,,TotalCapture_train,235
ALL/all,17.403353317080068,,TotalCapture_train,235
AMASS/train,17.403028551618466,,TotalCapture_train,802
AMASS/all,17.403028551618466,,TotalCapture_train,802
ALL/all,17.403028551618466,,TotalCapture_train,802
AMASS/train,17.398216515508587,,TotalCapture_train,1077
AMASS/all,17.398216515508587,,TotalCapture_train,1077
ALL/all,17.398216515508587,,TotalCapture_train,1077
AMASS/train,17.394422509265794,,TotalCapture_train,1040
AMASS/all,17.394422509265794,,TotalCapture_train,1040
ALL/all,17.394422509265794,,TotalCapture_train,1040
AMASS/train,17.392256936680454,,TotalCapture_train,994
AMASS/all,17.392256936680454,,TotalCapture_train,994
ALL/all,17.392256936680454,,TotalCapture_train,994
AMASS/train,17.39178888065565,,TotalCapture_train,698
AMASS/all,17.39178888065565,,TotalCapture_train,698
ALL/all,17.39178888065565,,TotalCapture_train,698
AMASS/train,17.39173522810322,,TotalCapture_train,822
AMASS/all,17.39173522810322,,TotalCapture_train,822
ALL/all,17.39173522810322,,TotalCapture_train,822
AMASS/train,17.39007885602149,,TotalCapture_train,806
AMASS/all,17.39007885602149,,TotalCapture_train,806
ALL/all,17.39007885602149,,TotalCapture_train,806
AMASS/train,17.385949957923597,,TotalCapture_train,800
AMASS/all,17.385949957923597,,TotalCapture_train,800
ALL/all,17.385949957923597,,TotalCapture_train,800
AMASS/train,17.385248582525506,,TotalCapture_train,1064
AMASS/all,17.385248582525506,,TotalCapture_train,1064
ALL/all,17.385248582525506,,TotalCapture_train,1064
AMASS/train,17.383737984467423,,TotalCapture_train,164
AMASS/all,17.383737984467423,,TotalCapture_train,164
ALL/all,17.383737984467423,,TotalCapture_train,164
AMASS/train,17.3805248292109,,TotalCapture_train,1046
AMASS/all,17.3805248292109,,TotalCapture_train,1046
ALL/all,17.3805248292109,,TotalCapture_train,1046
AMASS/train,17.37806993820411,,TotalCapture_train,223
AMASS/all,17.37806993820411,,TotalCapture_train,223
ALL/all,17.37806993820411,,TotalCapture_train,223
AMASS/train,17.377128232531483,,TotalCapture_train,324
AMASS/all,17.377128232531483,,TotalCapture_train,324
ALL/all,17.377128232531483,,TotalCapture_train,324
AMASS/train,17.36116071779686,,TotalCapture_train,320
AMASS/all,17.36116071779686,,TotalCapture_train,320
ALL/all,17.36116071779686,,TotalCapture_train,320
AMASS/train,17.360177734759134,,TotalCapture_train,322
AMASS/all,17.360177734759134,,TotalCapture_train,322
ALL/all,17.360177734759134,,TotalCapture_train,322
AMASS/train,17.358711326127768,,TotalCapture_train,146
AMASS/all,17.358711326127768,,TotalCapture_train,146
ALL/all,17.358711326127768,,TotalCapture_train,146
AMASS/train,17.35395653676719,,TotalCapture_train,584
AMASS/all,17.35395653676719,,TotalCapture_train,584
ALL/all,17.35395653676719,,TotalCapture_train,584
AMASS/train,17.35218378827907,,TotalCapture_train,820
AMASS/all,17.35218378827907,,TotalCapture_train,820
ALL/all,17.35218378827907,,TotalCapture_train,820
AMASS/train,17.349559609709253,,TotalCapture_train,681
AMASS/all,17.349559609709253,,TotalCapture_train,681
ALL/all,17.349559609709253,,TotalCapture_train,681
AMASS/train,17.346555684859148,,TotalCapture_train,694
AMASS/all,17.346555684859148,,TotalCapture_train,694
ALL/all,17.346555684859148,,TotalCapture_train,694
AMASS/train,17.34634678430475,,TotalCapture_train,692
AMASS/all,17.34634678430475,,TotalCapture_train,692
ALL/all,17.34634678430475,,TotalCapture_train,692
AMASS/train,17.345125596138864,,TotalCapture_train,1098
AMASS/all,17.345125596138864,,TotalCapture_train,1098
ALL/all,17.345125596138864,,TotalCapture_train,1098
AMASS/train,17.34326689036081,,TotalCapture_train,1054
AMASS/all,17.34326689036081,,TotalCapture_train,1054
ALL/all,17.34326689036081,,TotalCapture_train,1054
AMASS/train,17.342279885014236,,TotalCapture_train,80
AMASS/all,17.342279885014236,,TotalCapture_train,80
ALL/all,17.342279885014236,,TotalCapture_train,80
AMASS/train,17.341862365632252,,TotalCapture_train,696
AMASS/all,17.341862365632252,,TotalCapture_train,696
ALL/all,17.341862365632252,,TotalCapture_train,696
AMASS/train,17.336865223254605,,TotalCapture_train,700
AMASS/all,17.336865223254605,,TotalCapture_train,700
ALL/all,17.336865223254605,,TotalCapture_train,700
AMASS/train,17.336670764693487,,TotalCapture_train,702
AMASS/all,17.336670764693487,,TotalCapture_train,702
ALL/all,17.336670764693487,,TotalCapture_train,702
AMASS/train,17.33593342612868,,TotalCapture_train,1074
AMASS/all,17.33593342612868,,TotalCapture_train,1074
ALL/all,17.33593342612868,,TotalCapture_train,1074
AMASS/train,17.33531858579247,,TotalCapture_train,254
AMASS/all,17.33531858579247,,TotalCapture_train,254
ALL/all,17.33531858579247,,TotalCapture_train,254
AMASS/train,17.335203597805975,,TotalCapture_train,704
AMASS/all,17.335203597805975,,TotalCapture_train,704
ALL/all,17.335203597805975,,TotalCapture_train,704
AMASS/train,17.334815113988643,,TotalCapture_train,1256
AMASS/all,17.334815113988643,,TotalCapture_train,1256
ALL/all,17.334815113988643,,TotalCapture_train,1256
AMASS/train,17.327928683099834,,TotalCapture_train,818
AMASS/all,17.327928683099834,,TotalCapture_train,818
ALL/all,17.327928683099834,,TotalCapture_train,818
AMASS/train,17.32198135208349,,TotalCapture_train,269
AMASS/all,17.32198135208349,,TotalCapture_train,269
ALL/all,17.32198135208349,,TotalCapture_train,269
AMASS/train,17.31857006859546,,TotalCapture_train,798
AMASS/all,17.31857006859546,,TotalCapture_train,798
ALL/all,17.31857006859546,,TotalCapture_train,798
AMASS/train,17.31723094267997,,TotalCapture_train,256
AMASS/all,17.31723094267997,,TotalCapture_train,256
ALL/all,17.31723094267997,,TotalCapture_train,256
AMASS/train,17.317146889719346,,TotalCapture_train,150
AMASS/all,17.317146889719346,,TotalCapture_train,150
ALL/all,17.317146889719346,,TotalCapture_train,150
AMASS/train,17.311303722984952,,TotalCapture_train,1172
AMASS/all,17.311303722984952,,TotalCapture_train,1172
ALL/all,17.311303722984952,,TotalCapture_train,1172
AMASS/train,17.309746045055448,,TotalCapture_train,688
AMASS/all,17.309746045055448,,TotalCapture_train,688
ALL/all,17.309746045055448,,TotalCapture_train,688
AMASS/train,17.30574619752005,,TotalCapture_train,706
AMASS/all,17.30574619752005,,TotalCapture_train,706
ALL/all,17.30574619752005,,TotalCapture_train,706
AMASS/train,17.304874316104556,,TotalCapture_train,162
AMASS/all,17.304874316104556,,TotalCapture_train,162
ALL/all,17.304874316104556,,TotalCapture_train,162
AMASS/train,17.30357514371746,,TotalCapture_train,117
AMASS/all,17.30357514371746,,TotalCapture_train,117
ALL/all,17.30357514371746,,TotalCapture_train,117
AMASS/train,17.29962224208009,,TotalCapture_train,1048
AMASS/all,17.29962224208009,,TotalCapture_train,1048
ALL/all,17.29962224208009,,TotalCapture_train,1048
AMASS/train,17.296756372912537,,TotalCapture_train,814
AMASS/all,17.296756372912537,,TotalCapture_train,814
ALL/all,17.296756372912537,,TotalCapture_train,814
AMASS/train,17.296639032366897,,TotalCapture_train,318
AMASS/all,17.296639032366897,,TotalCapture_train,318
ALL/all,17.296639032366897,,TotalCapture_train,318
AMASS/train,17.29647792369009,,TotalCapture_train,1076
AMASS/all,17.29647792369009,,TotalCapture_train,1076
ALL/all,17.29647792369009,,TotalCapture_train,1076
AMASS/train,17.296332655025097,,TotalCapture_train,582
AMASS/all,17.296332655025097,,TotalCapture_train,582
ALL/all,17.296332655025097,,TotalCapture_train,582
AMASS/train,17.294075711844428,,TotalCapture_train,812
AMASS/all,17.294075711844428,,TotalCapture_train,812
ALL/all,17.294075711844428,,TotalCapture_train,812
AMASS/train,17.294062553437644,,TotalCapture_train,599
AMASS/all,17.294062553437644,,TotalCapture_train,599
ALL/all,17.294062553437644,,TotalCapture_train,599
AMASS/train,17.293001753869643,,TotalCapture_train,1034
AMASS/all,17.293001753869643,,TotalCapture_train,1034
ALL/all,17.293001753869643,,TotalCapture_train,1034
AMASS/train,17.287816998954895,,DIP_train,611
AMASS/all,17.287816998954895,,DIP_train,611
ALL/all,17.287816998954895,,DIP_train,611
AMASS/train,17.287136265672338,,TotalCapture_train,1068
AMASS/all,17.287136265672338,,TotalCapture_train,1068
ALL/all,17.287136265672338,,TotalCapture_train,1068
AMASS/train,17.287069065989012,,TotalCapture_train,292
AMASS/all,17.287069065989012,,TotalCapture_train,292
ALL/all,17.287069065989012,,TotalCapture_train,292
AMASS/train,17.284607399138906,,TotalCapture_train,42
AMASS/all,17.284607399138906,,TotalCapture_train,42
ALL/all,17.284607399138906,,TotalCapture_train,42
AMASS/train,17.283246403998927,,TotalCapture_train,1284
AMASS/all,17.283246403998927,,TotalCapture_train,1284
ALL/all,17.283246403998927,,TotalCapture_train,1284
AMASS/train,17.281419389998742,,TotalCapture_train,1060
AMASS/all,17.281419389998742,,TotalCapture_train,1060
ALL/all,17.281419389998742,,TotalCapture_train,1060
AMASS/train,17.28133447915633,,TotalCapture_train,148
AMASS/all,17.28133447915633,,TotalCapture_train,148
ALL/all,17.28133447915633,,TotalCapture_train,148
AMASS/train,17.27855816353904,,TotalCapture_train,690
AMASS/all,17.27855816353904,,TotalCapture_train,690
ALL/all,17.27855816353904,,TotalCapture_train,690
AMASS/train,17.278315169741404,,TotalCapture_train,1036
AMASS/all,17.278315169741404,,TotalCapture_train,1036
ALL/all,17.278315169741404,,TotalCapture_train,1036
AMASS/train,17.277976000496174,,DIP_train,195
AMASS/all,17.277976000496174,,DIP_train,195
ALL/all,17.277976000496174,,DIP_train,195
AMASS/train,17.27651285265834,,TotalCapture_train,949
AMASS/all,17.27651285265834,,TotalCapture_train,949
ALL/all,17.27651285265834,,TotalCapture_train,949
AMASS/train,17.274441318076462,,TotalCapture_train,78
AMASS/all,17.274441318076462,,TotalCapture_train,78
ALL/all,17.274441318076462,,TotalCapture_train,78
AMASS/train,17.272049211691698,,TotalCapture_train,326
AMASS/all,17.272049211691698,,TotalCapture_train,326
ALL/all,17.272049211691698,,TotalCapture_train,326
AMASS/train,17.271986154688996,,TotalCapture_train,260
AMASS/all,17.271986154688996,,TotalCapture_train,260
ALL/all,17.271986154688996,,TotalCapture_train,260
AMASS/train,17.26856114836626,,TotalCapture_train,82
AMASS/all,17.26856114836626,,TotalCapture_train,82
ALL/all,17.26856114836626,,TotalCapture_train,82
AMASS/train,17.268041447557096,,TotalCapture_train,176
AMASS/all,17.268041447557096,,TotalCapture_train,176
ALL/all,17.268041447557096,,TotalCapture_train,176
AMASS/train,17.267013272562533,,TotalCapture_train,84
AMASS/all,17.267013272562533,,TotalCapture_train,84
ALL/all,17.267013272562533,,TotalCapture_train,84
AMASS/train,17.266304159757578,,TotalCapture_train,160
AMASS/all,17.266304159757578,,TotalCapture_train,160
ALL/all,17.266304159757578,,TotalCapture_train,160
AMASS/train,17.26436201775193,,TotalCapture_train,174
AMASS/all,17.26436201775193,,TotalCapture_train,174
ALL/all,17.26436201775193,,TotalCapture_train,174
AMASS/train,17.26386594919348,,TotalCapture_train,1038
AMASS/all,17.26386594919348,,TotalCapture_train,1038
ALL/all,17.26386594919348,,TotalCapture_train,1038
AMASS/train,17.262301735859616,,DIP_train,607
AMASS/all,17.262301735859616,,DIP_train,607
ALL/all,17.262301735859616,,DIP_train,607
AMASS/train,17.259550063398034,,TotalCapture_train,110
AMASS/all,17.259550063398034,,TotalCapture_train,110
ALL/all,17.259550063398034,,TotalCapture_train,110
AMASS/train,17.258601375655733,,TotalCapture_train,172
AMASS/all,17.258601375655733,,TotalCapture_train,172
ALL/all,17.258601375655733,,TotalCapture_train,172
AMASS/train,17.25460845562798,,TotalCapture_train,1020
AMASS/all,17.25460845562798,,TotalCapture_train,1020
ALL/all,17.25460845562798,,TotalCapture_train,1020
AMASS/train,17.25441587664405,,TotalCapture_train,156
AMASS/all,17.25441587664405,,TotalCapture_train,156
ALL/all,17.25441587664405,,TotalCapture_train,156
AMASS/train,17.254247919722175,,TotalCapture_train,152
AMASS/all,17.254247919722175,,TotalCapture_train,152
ALL/all,17.254247919722175,,TotalCapture_train,152
AMASS/train,17.254113851545817,,TotalCapture_train,1128
AMASS/all,17.254113851545817,,TotalCapture_train,1128
ALL/all,17.254113851545817,,TotalCapture_train,1128
AMASS/train,17.25326617976147,,TotalCapture_train,154
AMASS/all,17.25326617976147,,TotalCapture_train,154
ALL/all,17.25326617976147,,TotalCapture_train,154
AMASS/train,17.246510030467153,,TotalCapture_train,68
AMASS/all,17.246510030467153,,TotalCapture_train,68
ALL/all,17.246510030467153,,TotalCapture_train,68
AMASS/train,17.24620475343616,,TotalCapture_train,158
AMASS/all,17.24620475343616,,TotalCapture_train,158
ALL/all,17.24620475343616,,TotalCapture_train,158
AMASS/train,17.246061972214854,,TotalCapture_train,86
AMASS/all,17.246061972214854,,TotalCapture_train,86
ALL/all,17.246061972214854,,TotalCapture_train,86
AMASS/train,17.24604909697311,,TotalCapture_train,20
AMASS/all,17.24604909697311,,TotalCapture_train,20
ALL/all,17.24604909697311,,TotalCapture_train,20
AMASS/train,17.244363714956407,,DIP_train,17
AMASS/all,17.244363714956407,,DIP_train,17
ALL/all,17.244363714956407,,DIP_train,17
AMASS/train,17.244360642057035,,TotalCapture_train,88
AMASS/all,17.244360642057035,,TotalCapture_train,88
ALL/all,17.244360642057035,,TotalCapture_train,88
AMASS/train,17.242264208576234,,TotalCapture_train,46
AMASS/all,17.242264208576234,,TotalCapture_train,46
ALL/all,17.242264208576234,,TotalCapture_train,46
AMASS/train,17.238729588724947,,TotalCapture_train,24
AMASS/all,17.238729588724947,,TotalCapture_train,24
ALL/all,17.238729588724947,,TotalCapture_train,24
AMASS/train,17.237245534189906,,TotalCapture_train,1006
AMASS/all,17.237245534189906,,TotalCapture_train,1006
ALL/all,17.237245534189906,,TotalCapture_train,1006
AMASS/train,17.235043416690583,,TotalCapture_train,1070
AMASS/all,17.235043416690583,,TotalCapture_train,1070
ALL/all,17.235043416690583,,TotalCapture_train,1070
AMASS/train,17.23301510442792,,TotalCapture_train,56
AMASS/all,17.23301510442792,,TotalCapture_train,56
ALL/all,17.23301510442792,,TotalCapture_train,56
AMASS/train,17.231734956995655,,TotalCapture_train,998
AMASS/all,17.231734956995655,,TotalCapture_train,998
ALL/all,17.231734956995655,,TotalCapture_train,998
AMASS/train,17.231726900123203,,TotalCapture_train,40
AMASS/all,17.231726900123203,,TotalCapture_train,40
ALL/all,17.231726900123203,,TotalCapture_train,40
AMASS/train,17.231678327404843,,TotalCapture_train,445
AMASS/all,17.231678327404843,,TotalCapture_train,445
ALL/all,17.231678327404843,,TotalCapture_train,445
AMASS/train,17.23100050953352,,TotalCapture_train,606
AMASS/all,17.23100050953352,,TotalCapture_train,606
ALL/all,17.23100050953352,,TotalCapture_train,606
AMASS/train,17.230547849943285,,TotalCapture_train,1166
AMASS/all,17.230547849943285,,TotalCapture_train,1166
ALL/all,17.230547849943285,,TotalCapture_train,1166
AMASS/train,17.22905621188246,,TotalCapture_train,714
AMASS/all,17.22905621188246,,TotalCapture_train,714
ALL/all,17.22905621188246,,TotalCapture_train,714
AMASS/train,17.22683711905154,,TotalCapture_train,1072
AMASS/all,17.22683711905154,,TotalCapture_train,1072
ALL/all,17.22683711905154,,TotalCapture_train,1072
AMASS/train,17.22617145241517,,TotalCapture_train,252
AMASS/all,17.22617145241517,,TotalCapture_train,252
ALL/all,17.22617145241517,,TotalCapture_train,252
AMASS/train,17.22413020499058,,TotalCapture_train,66
AMASS/all,17.22413020499058,,TotalCapture_train,66
ALL/all,17.22413020499058,,TotalCapture_train,66
AMASS/train,17.222406303393797,,TotalCapture_train,18
AMASS/all,17.222406303393797,,TotalCapture_train,18
ALL/all,17.222406303393797,,TotalCapture_train,18
AMASS/train,17.222155135743368,,TotalCapture_train,298
AMASS/all,17.222155135743368,,TotalCapture_train,298
ALL/all,17.222155135743368,,TotalCapture_train,298
AMASS/train,17.218211086540773,,TotalCapture_train,44
AMASS/all,17.218211086540773,,TotalCapture_train,44
ALL/all,17.218211086540773,,TotalCapture_train,44
AMASS/train,17.21780326625011,,TotalCapture_train,1080
AMASS/all,17.21780326625011,,TotalCapture_train,1080
ALL/all,17.21780326625011,,TotalCapture_train,1080
AMASS/train,17.216657420432057,,TotalCapture_train,590
AMASS/all,17.216657420432057,,TotalCapture_train,590
ALL/all,17.216657420432057,,TotalCapture_train,590
AMASS/train,17.215542505852138,,TotalCapture_train,608
AMASS/all,17.215542505852138,,TotalCapture_train,608
ALL/all,17.215542505852138,,TotalCapture_train,608
AMASS/train,17.215401082563726,,DIP_train,965
AMASS/all,17.215401082563726,,DIP_train,965
ALL/all,17.215401082563726,,DIP_train,965
AMASS/train,17.21253590172308,,TotalCapture_train,144
AMASS/all,17.21253590172308,,TotalCapture_train,144
ALL/all,17.21253590172308,,TotalCapture_train,144
AMASS/train,17.211731414122465,,TotalCapture_train,712
AMASS/all,17.211731414122465,,TotalCapture_train,712
ALL/all,17.211731414122465,,TotalCapture_train,712
AMASS/train,17.21092958443245,,TotalCapture_train,1050
AMASS/all,17.21092958443245,,TotalCapture_train,1050
ALL/all,17.21092958443245,,TotalCapture_train,1050
AMASS/train,17.209716200196375,,TotalCapture_train,1002
AMASS/all,17.209716200196375,,TotalCapture_train,1002
ALL/all,17.209716200196375,,TotalCapture_train,1002
AMASS/train,17.208898081788696,,TotalCapture_train,300
AMASS/all,17.208898081788696,,TotalCapture_train,300
ALL/all,17.208898081788696,,TotalCapture_train,300
AMASS/train,17.208774558268978,,TotalCapture_train,346
AMASS/all,17.208774558268978,,TotalCapture_train,346
ALL/all,17.208774558268978,,TotalCapture_train,346
AMASS/train,17.208686808629533,,TotalCapture_train,710
AMASS/all,17.208686808629533,,TotalCapture_train,710
ALL/all,17.208686808629533,,TotalCapture_train,710
AMASS/train,17.208453175166508,,TotalCapture_train,1044
AMASS/all,17.208453175166508,,TotalCapture_train,1044
ALL/all,17.208453175166508,,TotalCapture_train,1044
AMASS/train,17.20786034604254,,TotalCapture_train,72
AMASS/all,17.20786034604254,,TotalCapture_train,72
ALL/all,17.20786034604254,,TotalCapture_train,72
AMASS/train,17.205306992728268,,TotalCapture_train,112
AMASS/all,17.205306992728268,,TotalCapture_train,112
ALL/all,17.205306992728268,,TotalCapture_train,112
AMASS/train,17.20510166095171,,TotalCapture_train,64
AMASS/all,17.20510166095171,,TotalCapture_train,64
ALL/all,17.20510166095171,,TotalCapture_train,64
AMASS/train,17.20283637459207,,TotalCapture_train,74
AMASS/all,17.20283637459207,,TotalCapture_train,74
ALL/all,17.20283637459207,,TotalCapture_train,74
AMASS/train,17.20230012007581,,TotalCapture_train,104
AMASS/all,17.20230012007581,,TotalCapture_train,104
ALL/all,17.20230012007581,,TotalCapture_train,104
AMASS/train,17.20170528591258,,TotalCapture_train,60
AMASS/all,17.20170528591258,,TotalCapture_train,60
ALL/all,17.20170528591258,,TotalCapture_train,60
AMASS/train,17.20084730020902,,TotalCapture_train,34
AMASS/all,17.20084730020902,,TotalCapture_train,34
ALL/all,17.20084730020902,,TotalCapture_train,34
AMASS/train,17.199731502646443,,TotalCapture_train,594
AMASS/all,17.199731502646443,,TotalCapture_train,594
ALL/all,17.199731502646443,,TotalCapture_train,594
AMASS/train,17.199240717300814,,TotalCapture_train,1010
AMASS/all,17.199240717300814,,TotalCapture_train,1010
ALL/all,17.199240717300814,,TotalCapture_train,1010
AMASS/train,17.195789832112727,,TotalCapture_train,304
AMASS/all,17.195789832112727,,TotalCapture_train,304
ALL/all,17.195789832112727,,TotalCapture_train,304
AMASS/train,17.194520710848373,,TotalCapture_train,22
AMASS/all,17.194520710848373,,TotalCapture_train,22
ALL/all,17.194520710848373,,TotalCapture_train,22
AMASS/train,17.19317665647103,,TotalCapture_train,642
AMASS/all,17.19317665647103,,TotalCapture_train,642
ALL/all,17.19317665647103,,TotalCapture_train,642
AMASS/train,17.192392736445473,,TotalCapture_train,108
AMASS/all,17.192392736445473,,TotalCapture_train,108
ALL/all,17.192392736445473,,TotalCapture_train,108
AMASS/train,17.191185300350476,,TotalCapture_train,0
AMASS/all,17.191185300350476,,TotalCapture_train,0
ALL/all,17.191185300350476,,TotalCapture_train,0
AMASS/train,17.191150048938436,,TotalCapture_train,1052
AMASS/all,17.191150048938436,,TotalCapture_train,1052
ALL/all,17.191150048938436,,TotalCapture_train,1052
AMASS/train,17.189271172651942,,TotalCapture_train,1000
AMASS/all,17.189271172651942,,TotalCapture_train,1000
ALL/all,17.189271172651942,,TotalCapture_train,1000
AMASS/train,17.187476610278434,,TotalCapture_train,352
AMASS/all,17.187476610278434,,TotalCapture_train,352
ALL/all,17.187476610278434,,TotalCapture_train,352
AMASS/train,17.187338278812476,,TotalCapture_train,306
AMASS/all,17.187338278812476,,TotalCapture_train,306
ALL/all,17.187338278812476,,TotalCapture_train,306
AMASS/train,17.185557167888266,,TotalCapture_train,648
AMASS/all,17.185557167888266,,TotalCapture_train,648
ALL/all,17.185557167888266,,TotalCapture_train,648
AMASS/train,17.18518446508002,,TotalCapture_train,76
AMASS/all,17.18518446508002,,TotalCapture_train,76
ALL/all,17.18518446508002,,TotalCapture_train,76
AMASS/train,17.1849761357582,,TotalCapture_train,1281
AMASS/all,17.1849761357582,,TotalCapture_train,1281
ALL/all,17.1849761357582,,TotalCapture_train,1281
AMASS/train,17.184001185164476,,DIP_train,1081
AMASS/all,17.184001185164476,,DIP_train,1081
ALL/all,17.184001185164476,,DIP_train,1081
AMASS/train,17.183300053729706,,TotalCapture_train,250
AMASS/all,17.183300053729706,,TotalCapture_train,250
ALL/all,17.183300053729706,,TotalCapture_train,250
AMASS/train,17.18240275736098,,TotalCapture_train,70
AMASS/all,17.18240275736098,,TotalCapture_train,70
ALL/all,17.18240275736098,,TotalCapture_train,70
AMASS/train,17.18228149841501,,TotalCapture_train,106
AMASS/all,17.18228149841501,,TotalCapture_train,106
ALL/all,17.18228149841501,,TotalCapture_train,106
AMASS/train,17.181133992469693,,TotalCapture_train,90
AMASS/all,17.181133992469693,,TotalCapture_train,90
ALL/all,17.181133992469693,,TotalCapture_train,90
AMASS/train,17.18111420557758,,TotalCapture_train,1058
AMASS/all,17.18111420557758,,TotalCapture_train,1058
ALL/all,17.18111420557758,,TotalCapture_train,1058
AMASS/train,17.179693075266563,,TotalCapture_train,604
AMASS/all,17.179693075266563,,TotalCapture_train,604
ALL/all,17.179693075266563,,TotalCapture_train,604
AMASS/train,17.178097155688228,,TotalCapture_train,708
AMASS/all,17.178097155688228,,TotalCapture_train,708
ALL/all,17.178097155688228,,TotalCapture_train,708
AMASS/train,17.177732071735928,,TotalCapture_train,378
AMASS/all,17.177732071735928,,TotalCapture_train,378
ALL/all,17.177732071735928,,TotalCapture_train,378
AMASS/train,17.17702329801278,,TotalCapture_train,316
AMASS/all,17.17702329801278,,TotalCapture_train,316
ALL/all,17.17702329801278,,TotalCapture_train,316
AMASS/train,17.176291205336774,,TotalCapture_train,288
AMASS/all,17.176291205336774,,TotalCapture_train,288
ALL/all,17.176291205336774,,TotalCapture_train,288
AMASS/train,17.176090522833313,,DIP_train,259
AMASS/all,17.176090522833313,,DIP_train,259
ALL/all,17.176090522833313,,DIP_train,259
AMASS/train,17.175087765050236,,TotalCapture_train,636
AMASS/all,17.175087765050236,,TotalCapture_train,636
ALL/all,17.175087765050236,,TotalCapture_train,636
AMASS/train,17.175045155945778,,TotalCapture_train,1018
AMASS/all,17.175045155945778,,TotalCapture_train,1018
ALL/all,17.175045155945778,,TotalCapture_train,1018
AMASS/train,17.1740482094238,,TotalCapture_train,1014
AMASS/all,17.1740482094238,,TotalCapture_train,1014
ALL/all,17.1740482094238,,TotalCapture_train,1014
AMASS/train,17.173982886853334,,TotalCapture_train,634
AMASS/all,17.173982886853334,,TotalCapture_train,634
ALL/all,17.173982886853334,,TotalCapture_train,634
AMASS/train,17.17393605628783,,TotalCapture_train,94
AMASS/all,17.17393605628783,,TotalCapture_train,94
ALL/all,17.17393605628783,,TotalCapture_train,94
AMASS/train,17.173291778071565,,TotalCapture_train,1022
AMASS/all,17.173291778071565,,TotalCapture_train,1022
ALL/all,17.173291778071565,,TotalCapture_train,1022
AMASS/train,17.173204193423445,,TotalCapture_train,380
AMASS/all,17.173204193423445,,TotalCapture_train,380
ALL/all,17.173204193423445,,TotalCapture_train,380
AMASS/train,17.172481665838003,,TotalCapture_train,632
AMASS/all,17.172481665838003,,TotalCapture_train,632
ALL/all,17.172481665838003,,TotalCapture_train,632
AMASS/train,17.16826094085404,,TotalCapture_train,142
AMASS/all,17.16826094085404,,TotalCapture_train,142
ALL/all,17.16826094085404,,TotalCapture_train,142
AMASS/train,17.167859071555313,,TotalCapture_train,638
AMASS/all,17.167859071555313,,TotalCapture_train,638
ALL/all,17.167859071555313,,TotalCapture_train,638
AMASS/train,17.167505628802243,,TotalCapture_train,382
AMASS/all,17.167505628802243,,TotalCapture_train,382
ALL/all,17.167505628802243,,TotalCapture_train,382
AMASS/train,17.167098825876806,,TotalCapture_train,640
AMASS/all,17.167098825876806,,TotalCapture_train,640
ALL/all,17.167098825876806,,TotalCapture_train,640
AMASS/train,17.165182229519765,,TotalCapture_train,140
AMASS/all,17.165182229519765,,TotalCapture_train,140
ALL/all,17.165182229519765,,TotalCapture_train,140
AMASS/train,17.163238405794605,,TotalCapture_train,644
AMASS/all,17.163238405794605,,TotalCapture_train,644
ALL/all,17.163238405794605,,TotalCapture_train,644
AMASS/train,17.158349068199875,,TotalCapture_train,58
AMASS/all,17.158349068199875,,TotalCapture_train,58
ALL/all,17.158349068199875,,TotalCapture_train,58
AMASS/train,17.157800133147894,,TotalCapture_train,630
AMASS/all,17.157800133147894,,TotalCapture_train,630
ALL/all,17.157800133147894,,TotalCapture_train,630
AMASS/train,17.155086535990378,,TotalCapture_train,1086
AMASS/all,17.155086535990378,,TotalCapture_train,1086
ALL/all,17.155086535990378,,TotalCapture_train,1086
AMASS/train,17.15462190452292,,TotalCapture_train,756
AMASS/all,17.15462190452292,,TotalCapture_train,756
ALL/all,17.15462190452292,,TotalCapture_train,756
AMASS/train,17.153769228057833,,TotalCapture_train,180
AMASS/all,17.153769228057833,,TotalCapture_train,180
ALL/all,17.153769228057833,,TotalCapture_train,180
AMASS/train,17.152398646554335,,TotalCapture_train,602
AMASS/all,17.152398646554335,,TotalCapture_train,602
ALL/all,17.152398646554335,,TotalCapture_train,602
AMASS/train,17.150673590841148,,TotalCapture_train,598
AMASS/all,17.150673590841148,,TotalCapture_train,598
ALL/all,17.150673590841148,,TotalCapture_train,598
AMASS/train,17.149362422266478,,TotalCapture_train,100
AMASS/all,17.149362422266478,,TotalCapture_train,100
ALL/all,17.149362422266478,,TotalCapture_train,100
AMASS/train,17.14922104085235,,TotalCapture_train,592
AMASS/all,17.14922104085235,,TotalCapture_train,592
ALL/all,17.14922104085235,,TotalCapture_train,592
AMASS/train,17.14771891908681,,TotalCapture_train,1056
AMASS/all,17.14771891908681,,TotalCapture_train,1056
ALL/all,17.14771891908681,,TotalCapture_train,1056
AMASS/train,17.145872006323035,,TotalCapture_train,646
AMASS/all,17.145872006323035,,TotalCapture_train,646
ALL/all,17.145872006323035,,TotalCapture_train,646
AMASS/train,17.1456522952961,,TotalCapture_train,764
AMASS/all,17.1456522952961,,TotalCapture_train,764
ALL/all,17.1456522952961,,TotalCapture_train,764
AMASS/train,17.143781102592627,,TotalCapture_train,286
AMASS/all,17.143781102592627,,TotalCapture_train,286
ALL/all,17.143781102592627,,TotalCapture_train,286
AMASS/train,17.141802251043973,,TotalCapture_train,92
AMASS/all,17.141802251043973,,TotalCapture_train,92
ALL/all,17.141802251043973,,TotalCapture_train,92
AMASS/train,17.141201811306708,,TotalCapture_train,600
AMASS/all,17.141201811306708,,TotalCapture_train,600
ALL/all,17.141201811306708,,TotalCapture_train,600
AMASS/train,17.14022530656251,,TotalCapture_train,391
AMASS/all,17.14022530656251,,TotalCapture_train,391
ALL/all,17.14022530656251,,TotalCapture_train,391
AMASS/train,17.138221665960444,,TotalCapture_train,340
AMASS/all,17.138221665960444,,TotalCapture_train,340
ALL/all,17.138221665960444,,TotalCapture_train,340
AMASS/train,17.137891885502242,,TotalCapture_train,98
AMASS/all,17.137891885502242,,TotalCapture_train,98
ALL/all,17.137891885502242,,TotalCapture_train,98
AMASS/train,17.13688457878829,,TotalCapture_train,596
AMASS/all,17.13688457878829,,TotalCapture_train,596
ALL/all,17.13688457878829,,TotalCapture_train,596
AMASS/train,17.132142325985228,,TotalCapture_train,1008
AMASS/all,17.132142325985228,,TotalCapture_train,1008
ALL/all,17.132142325985228,,TotalCapture_train,1008
AMASS/train,17.131995002462798,,TotalCapture_train,758
AMASS/all,17.131995002462798,,TotalCapture_train,758
ALL/all,17.131995002462798,,TotalCapture_train,758
AMASS/train,17.131907484890053,,TotalCapture_train,290
AMASS/all,17.131907484890053,,TotalCapture_train,290
ALL/all,17.131907484890053,,TotalCapture_train,290
AMASS/train,17.13010024646174,,TotalCapture_train,384
AMASS/all,17.13010024646174,,TotalCapture_train,384
ALL/all,17.13010024646174,,TotalCapture_train,384
AMASS/train,17.129847976878956,,TotalCapture_train,314
AMASS/all,17.129847976878956,,TotalCapture_train,314
ALL/all,17.129847976878956,,TotalCapture_train,314
AMASS/train,17.12939070140662,,TotalCapture_train,1101
AMASS/all,17.12939070140662,,TotalCapture_train,1101
ALL/all,17.12939070140662,,TotalCapture_train,1101
AMASS/train,17.129013646063157,,TotalCapture_train,6
AMASS/all,17.129013646063157,,TotalCapture_train,6
ALL/all,17.129013646063157,,TotalCapture_train,6
AMASS/train,17.128788684510162,,TotalCapture_train,28
AMASS/all,17.128788684510162,,TotalCapture_train,28
ALL/all,17.128788684510162,,TotalCapture_train,28
AMASS/train,17.12835871982699,,TotalCapture_train,576
AMASS/all,17.12835871982699,,TotalCapture_train,576
ALL/all,17.12835871982699,,TotalCapture_train,576
AMASS/train,17.127616157336302,,TotalCapture_train,360
AMASS/all,17.127616157336302,,TotalCapture_train,360
ALL/all,17.127616157336302,,TotalCapture_train,360
AMASS/train,17.127140165802373,,TotalCapture_train,32
AMASS/all,17.127140165802373,,TotalCapture_train,32
ALL/all,17.127140165802373,,TotalCapture_train,32
AMASS/train,17.123547856615744,,TotalCapture_train,1176
AMASS/all,17.123547856615744,,TotalCapture_train,1176
ALL/all,17.123547856615744,,TotalCapture_train,1176
ALL/all,17.123314600590685,,TotalCapture_train,1354
DIP/all,17.123314600590685,,TotalCapture_train,56
DIP/test,17.123314600590685,,TotalCapture_train,14
AMASS/train,17.121757335888343,,TotalCapture_train,358
AMASS/all,17.121757335888343,,TotalCapture_train,358
ALL/all,17.121757335888343,,TotalCapture_train,358
AMASS/train,17.121483179249125,,TotalCapture_train,1174
AMASS/all,17.121483179249125,,TotalCapture_train,1174
ALL/all,17.121483179249125,,TotalCapture_train,1174
AMASS/train,17.121448359285463,,TotalCapture_train,1122
AMASS/all,17.121448359285463,,TotalCapture_train,1122
ALL/all,17.121448359285463,,TotalCapture_train,1122
AMASS/train,17.12144294232143,,TotalCapture_train,178
AMASS/all,17.12144294232143,,TotalCapture_train,178
ALL/all,17.12144294232143,,TotalCapture_train,178
AMASS/train,17.11836723266465,,TotalCapture_train,1004
AMASS/all,17.11836723266465,,TotalCapture_train,1004
ALL/all,17.11836723266465,,TotalCapture_train,1004
AMASS/train,17.116671447411473,,TotalCapture_train,126
AMASS/all,17.116671447411473,,TotalCapture_train,126
ALL/all,17.116671447411473,,TotalCapture_train,126
AMASS/train,17.116008888284792,,TotalCapture_train,344
AMASS/all,17.116008888284792,,TotalCapture_train,344
ALL/all,17.116008888284792,,TotalCapture_train,344
AMASS/train,17.115513356403163,,TotalCapture_train,54
AMASS/all,17.115513356403163,,TotalCapture_train,54
ALL/all,17.115513356403163,,TotalCapture_train,54
AMASS/train,17.113381187184586,,TotalCapture_train,272
AMASS/all,17.113381187184586,,TotalCapture_train,272
ALL/all,17.113381187184586,,TotalCapture_train,272
AMASS/train,17.113282290295455,,TotalCapture_train,284
AMASS/all,17.113282290295455,,TotalCapture_train,284
ALL/all,17.113282290295455,,TotalCapture_train,284
AMASS/train,17.112530136319695,,TotalCapture_train,1132
AMASS/all,17.112530136319695,,TotalCapture_train,1132
ALL/all,17.112530136319695,,TotalCapture_train,1132
AMASS/train,17.111369431011802,,TotalCapture_train,760
AMASS/all,17.111369431011802,,TotalCapture_train,760
ALL/all,17.111369431011802,,TotalCapture_train,760
AMASS/train,17.10981877531083,,TotalCapture_train,1126
AMASS/all,17.10981877531083,,TotalCapture_train,1126
ALL/all,17.10981877531083,,TotalCapture_train,1126
AMASS/train,17.10936025290833,,TotalCapture_train,12
AMASS/all,17.10936025290833,,TotalCapture_train,12
ALL/all,17.10936025290833,,TotalCapture_train,12
AMASS/train,17.109252550271968,,TotalCapture_train,124
AMASS/all,17.109252550271968,,TotalCapture_train,124
ALL/all,17.109252550271968,,TotalCapture_train,124
AMASS/train,17.109025821606956,,TotalCapture_train,1162
AMASS/all,17.109025821606956,,TotalCapture_train,1162
ALL/all,17.109025821606956,,TotalCapture_train,1162
AMASS/train,17.108850477662212,,TotalCapture_train,297
AMASS/all,17.108850477662212,,TotalCapture_train,297
ALL/all,17.108850477662212,,TotalCapture_train,297
AMASS/train,17.108821662151723,,TotalCapture_train,206
AMASS/all,17.108821662151723,,TotalCapture_train,206
ALL/all,17.108821662151723,,TotalCapture_train,206
AMASS/train,17.10818299291088,,TotalCapture_train,166
AMASS/all,17.10818299291088,,TotalCapture_train,166
ALL/all,17.10818299291088,,TotalCapture_train,166
AMASS/train,17.10576013643601,,TotalCapture_train,620
AMASS/all,17.10576013643601,,TotalCapture_train,620
ALL/all,17.10576013643601,,TotalCapture_train,620
AMASS/train,17.105192284371594,,TotalCapture_train,248
AMASS/all,17.105192284371594,,TotalCapture_train,248
ALL/all,17.105192284371594,,TotalCapture_train,248
AMASS/train,17.10469726058097,,TotalCapture_train,614
AMASS/all,17.10469726058097,,TotalCapture_train,614
ALL/all,17.10469726058097,,TotalCapture_train,614
AMASS/train,17.10435810564503,,TotalCapture_train,354
AMASS/all,17.10435810564503,,TotalCapture_train,354
ALL/all,17.10435810564503,,TotalCapture_train,354
AMASS/train,17.10351292725695,,TotalCapture_train,262
AMASS/all,17.10351292725695,,TotalCapture_train,262
ALL/all,17.10351292725695,,TotalCapture_train,262
AMASS/train,17.103328927811276,,TotalCapture_train,282
AMASS/all,17.103328927811276,,TotalCapture_train,282
ALL/all,17.103328927811276,,TotalCapture_train,282
AMASS/train,17.1030923839656,,TotalCapture_train,310
AMASS/all,17.1030923839656,,TotalCapture_train,310
ALL/all,17.1030923839656,,TotalCapture_train,310
AMASS/train,17.101806868607625,,TotalCapture_train,1112
AMASS/all,17.101806868607625,,TotalCapture_train,1112
ALL/all,17.101806868607625,,TotalCapture_train,1112
AMASS/train,17.0974664245909,,TotalCapture_train,168
AMASS/all,17.0974664245909,,TotalCapture_train,168
ALL/all,17.0974664245909,,TotalCapture_train,168
AMASS/train,17.095516229897857,,TotalCapture_train,610
AMASS/all,17.095516229897857,,TotalCapture_train,610
ALL/all,17.095516229897857,,TotalCapture_train,610
AMASS/train,17.09494723455501,,TotalCapture_train,612
AMASS/all,17.09494723455501,,TotalCapture_train,612
ALL/all,17.09494723455501,,TotalCapture_train,612
AMASS/train,17.09391328152778,,TotalCapture_train,342
AMASS/all,17.09391328152778,,TotalCapture_train,342
ALL/all,17.09391328152778,,TotalCapture_train,342
AMASS/train,17.0916423155014,,TotalCapture_train,48
AMASS/all,17.0916423155014,,TotalCapture_train,48
ALL/all,17.0916423155014,,TotalCapture_train,48
AMASS/train,17.091436530939177,,TotalCapture_train,2
AMASS/all,17.091436530939177,,TotalCapture_train,2
ALL/all,17.091436530939177,,TotalCapture_train,2
AMASS/train,17.090606041919383,,TotalCapture_train,102
AMASS/all,17.090606041919383,,TotalCapture_train,102
ALL/all,17.090606041919383,,TotalCapture_train,102
AMASS/train,17.090382983758428,,TotalCapture_train,766
AMASS/all,17.090382983758428,,TotalCapture_train,766
ALL/all,17.090382983758428,,TotalCapture_train,766
AMASS/train,17.089795641493097,,TotalCapture_train,16
AMASS/all,17.089795641493097,,TotalCapture_train,16
ALL/all,17.089795641493097,,TotalCapture_train,16
AMASS/train,17.089710227802968,,TotalCapture_train,578
AMASS/all,17.089710227802968,,TotalCapture_train,578
ALL/all,17.089710227802968,,TotalCapture_train,578
AMASS/train,17.089580705397598,,TotalCapture_train,136
AMASS/all,17.089580705397598,,TotalCapture_train,136
ALL/all,17.089580705397598,,TotalCapture_train,136
AMASS/train,17.089164861926918,,TotalCapture_train,194
AMASS/all,17.089164861926918,,TotalCapture_train,194
ALL/all,17.089164861926918,,TotalCapture_train,194
AMASS/train,17.089066943076958,,TotalCapture_train,1288
AMASS/all,17.089066943076958,,TotalCapture_train,1288
ALL/all,17.089066943076958,,TotalCapture_train,1288
AMASS/train,17.087751955647402,,TotalCapture_train,762
AMASS/all,17.087751955647402,,TotalCapture_train,762
ALL/all,17.087751955647402,,TotalCapture_train,762
AMASS/train,17.087152629779336,,TotalCapture_train,204
AMASS/all,17.087152629779336,,TotalCapture_train,204
ALL/all,17.087152629779336,,TotalCapture_train,204
AMASS/train,17.085382558145856,,TotalCapture_train,1240
AMASS/all,17.085382558145856,,TotalCapture_train,1240
ALL/all,17.085382558145856,,TotalCapture_train,1240
AMASS/train,17.085382078684372,,TotalCapture_train,350
AMASS/all,17.085382078684372,,TotalCapture_train,350
ALL/all,17.085382078684372,,TotalCapture_train,350
AMASS/train,17.08389944616409,,TotalCapture_train,312
AMASS/all,17.08389944616409,,TotalCapture_train,312
ALL/all,17.08389944616409,,TotalCapture_train,312
AMASS/train,17.08239312123416,,TotalCapture_train,366
AMASS/all,17.08239312123416,,TotalCapture_train,366
ALL/all,17.08239312123416,,TotalCapture_train,366
AMASS/train,17.081336668430264,,DIP_train,797
AMASS/all,17.081336668430264,,DIP_train,797
ALL/all,17.081336668430264,,DIP_train,797
AMASS/train,17.079411260716206,,TotalCapture_train,52
AMASS/all,17.079411260716206,,TotalCapture_train,52
ALL/all,17.079411260716206,,TotalCapture_train,52
AMASS/train,17.078895705476636,,TotalCapture_train,1012
AMASS/all,17.078895705476636,,TotalCapture_train,1012
ALL/all,17.078895705476636,,TotalCapture_train,1012
AMASS/train,17.07842377885646,,TotalCapture_train,626
AMASS/all,17.07842377885646,,TotalCapture_train,626
ALL/all,17.07842377885646,,TotalCapture_train,626
AMASS/train,17.075493149709185,,TotalCapture_train,200
AMASS/all,17.075493149709185,,TotalCapture_train,200
ALL/all,17.075493149709185,,TotalCapture_train,200
AMASS/train,17.075101020031713,,TotalCapture_train,264
AMASS/all,17.075101020031713,,TotalCapture_train,264
ALL/all,17.075101020031713,,TotalCapture_train,264
AMASS/train,17.074581633417516,,TotalCapture_train,374
AMASS/all,17.074581633417516,,TotalCapture_train,374
ALL/all,17.074581633417516,,TotalCapture_train,374
AMASS/train,17.07403538888935,,TotalCapture_train,128
AMASS/all,17.07403538888935,,TotalCapture_train,128
ALL/all,17.07403538888935,,TotalCapture_train,128
AMASS/train,17.073081747158394,,TotalCapture_train,364
AMASS/all,17.073081747158394,,TotalCapture_train,364
ALL/all,17.073081747158394,,TotalCapture_train,364
AMASS/train,17.072591684667444,,TotalCapture_train,1032
AMASS/all,17.072591684667444,,TotalCapture_train,1032
ALL/all,17.072591684667444,,TotalCapture_train,1032
AMASS/train,17.07025714992984,,TotalCapture_train,628
AMASS/all,17.07025714992984,,TotalCapture_train,628
ALL/all,17.07025714992984,,TotalCapture_train,628
AMASS/train,17.07019251255942,,TotalCapture_train,122
AMASS/all,17.07019251255942,,TotalCapture_train,122
ALL/all,17.07019251255942,,TotalCapture_train,122
AMASS/train,17.069280863324643,,TotalCapture_train,202
AMASS/all,17.069280863324643,,TotalCapture_train,202
ALL/all,17.069280863324643,,TotalCapture_train,202
AMASS/train,17.06829852078314,,TotalCapture_train,1104
AMASS/all,17.06829852078314,,TotalCapture_train,1104
ALL/all,17.06829852078314,,TotalCapture_train,1104
AMASS/train,17.06786784611722,,TotalCapture_train,14
AMASS/all,17.06786784611722,,TotalCapture_train,14
ALL/all,17.06786784611722,,TotalCapture_train,14
AMASS/train,17.067585400175034,,TotalCapture_train,754
AMASS/all,17.067585400175034,,TotalCapture_train,754
ALL/all,17.067585400175034,,TotalCapture_train,754
AMASS/train,17.0671365243038,,TotalCapture_train,170
AMASS/all,17.0671365243038,,TotalCapture_train,170
ALL/all,17.0671365243038,,TotalCapture_train,170
AMASS/train,17.065898976893113,,TotalCapture_train,30
AMASS/all,17.065898976893113,,TotalCapture_train,30
ALL/all,17.065898976893113,,TotalCapture_train,30
AMASS/train,17.064124637328746,,TotalCapture_train,1142
AMASS/all,17.064124637328746,,TotalCapture_train,1142
ALL/all,17.064124637328746,,TotalCapture_train,1142
AMASS/train,17.06255985827292,,TotalCapture_train,624
AMASS/all,17.06255985827292,,TotalCapture_train,624
ALL/all,17.06255985827292,,TotalCapture_train,624
AMASS/train,17.0617527922808,,TotalCapture_train,1216
AMASS/all,17.0617527922808,,TotalCapture_train,1216
ALL/all,17.0617527922808,,TotalCapture_train,1216
AMASS/train,17.059484129210656,,TotalCapture_train,874
AMASS/all,17.059484129210656,,TotalCapture_train,874
ALL/all,17.059484129210656,,TotalCapture_train,874
AMASS/train,17.058990010545553,,TotalCapture_train,190
AMASS/all,17.058990010545553,,TotalCapture_train,190
ALL/all,17.058990010545553,,TotalCapture_train,190
AMASS/train,17.056787891723467,,TotalCapture_train,118
AMASS/all,17.056787891723467,,TotalCapture_train,118
ALL/all,17.056787891723467,,TotalCapture_train,118
AMASS/train,17.056352019448696,,TotalCapture_train,348
AMASS/all,17.056352019448696,,TotalCapture_train,348
ALL/all,17.056352019448696,,TotalCapture_train,348
AMASS/train,17.05589678793938,,TotalCapture_train,1024
AMASS/all,17.05589678793938,,TotalCapture_train,1024
ALL/all,17.05589678793938,,TotalCapture_train,1024
AMASS/train,17.054832021156255,,TotalCapture_train,376
AMASS/all,17.054832021156255,,TotalCapture_train,376
ALL/all,17.054832021156255,,TotalCapture_train,376
AMASS/train,17.054541077485815,,TotalCapture_train,1242
AMASS/all,17.054541077485815,,TotalCapture_train,1242
ALL/all,17.054541077485815,,TotalCapture_train,1242
AMASS/train,17.053151564527024,,TotalCapture_train,1138
AMASS/all,17.053151564527024,,TotalCapture_train,1138
ALL/all,17.053151564527024,,TotalCapture_train,1138
AMASS/train,17.05215684329307,,TotalCapture_train,842
AMASS/all,17.05215684329307,,TotalCapture_train,842
ALL/all,17.05215684329307,,TotalCapture_train,842
AMASS/train,17.05090377968704,,TotalCapture_train,940
AMASS/all,17.05090377968704,,TotalCapture_train,940
ALL/all,17.05090377968704,,TotalCapture_train,940
AMASS/train,17.05061948009899,,TotalCapture_train,188
AMASS/all,17.05061948009899,,TotalCapture_train,188
ALL/all,17.05061948009899,,TotalCapture_train,188
AMASS/train,17.049925814000208,,TotalCapture_train,198
AMASS/all,17.049925814000208,,TotalCapture_train,198
ALL/all,17.049925814000208,,TotalCapture_train,198
AMASS/train,17.049173539689498,,TotalCapture_train,4
AMASS/all,17.049173539689498,,TotalCapture_train,4
ALL/all,17.049173539689498,,TotalCapture_train,4
AMASS/train,17.048950936933274,,TotalCapture_train,120
AMASS/all,17.048950936933274,,TotalCapture_train,120
ALL/all,17.048950936933274,,TotalCapture_train,120
AMASS/train,17.048526614048004,,TotalCapture_train,280
AMASS/all,17.048526614048004,,TotalCapture_train,280
ALL/all,17.048526614048004,,TotalCapture_train,280
AMASS/train,17.04705855590558,,TotalCapture_train,1188
AMASS/all,17.04705855590558,,TotalCapture_train,1188
ALL/all,17.04705855590558,,TotalCapture_train,1188
AMASS/train,17.046907713701444,,TotalCapture_train,134
AMASS/all,17.046907713701444,,TotalCapture_train,134
ALL/all,17.046907713701444,,TotalCapture_train,134
AMASS/train,17.04689487064199,,TotalCapture_train,622
AMASS/all,17.04689487064199,,TotalCapture_train,622
ALL/all,17.04689487064199,,TotalCapture_train,622
AMASS/train,17.045261048673684,,TotalCapture_train,1130
AMASS/all,17.045261048673684,,TotalCapture_train,1130
ALL/all,17.045261048673684,,TotalCapture_train,1130
AMASS/train,17.042989341170866,,TotalCapture_train,1154
AMASS/all,17.042989341170866,,TotalCapture_train,1154
ALL/all,17.042989341170866,,TotalCapture_train,1154
AMASS/train,17.0419851180291,,TotalCapture_train,196
AMASS/all,17.0419851180291,,TotalCapture_train,196
ALL/all,17.0419851180291,,TotalCapture_train,196
AMASS/train,17.041901908993484,,TotalCapture_train,618
AMASS/all,17.041901908993484,,TotalCapture_train,618
ALL/all,17.041901908993484,,TotalCapture_train,618
AMASS/train,17.04178151681458,,TotalCapture_train,356
AMASS/all,17.04178151681458,,TotalCapture_train,356
ALL/all,17.04178151681458,,TotalCapture_train,356
AMASS/train,17.041375926237944,,TotalCapture_train,62
AMASS/all,17.041375926237944,,TotalCapture_train,62
ALL/all,17.041375926237944,,TotalCapture_train,62
AMASS/train,17.041278148001727,,TotalCapture_train,1016
AMASS/all,17.041278148001727,,TotalCapture_train,1016
ALL/all,17.041278148001727,,TotalCapture_train,1016
AMASS/train,17.041100327062114,,TotalCapture_train,138
AMASS/all,17.041100327062114,,TotalCapture_train,138
ALL/all,17.041100327062114,,TotalCapture_train,138
AMASS/train,17.04050770039346,,TotalCapture_train,1234
AMASS/all,17.04050770039346,,TotalCapture_train,1234
ALL/all,17.04050770039346,,TotalCapture_train,1234
AMASS/train,17.037688428578477,,TotalCapture_train,870
AMASS/all,17.037688428578477,,TotalCapture_train,870
ALL/all,17.037688428578477,,TotalCapture_train,870
AMASS/train,17.037469329323564,,TotalCapture_train,1168
AMASS/all,17.037469329323564,,TotalCapture_train,1168
ALL/all,17.037469329323564,,TotalCapture_train,1168
AMASS/train,17.037136278002396,,TotalCapture_train,1084
AMASS/all,17.037136278002396,,TotalCapture_train,1084
ALL/all,17.037136278002396,,TotalCapture_train,1084
AMASS/train,17.03713035627963,,TotalCapture_train,1120
AMASS/all,17.03713035627963,,TotalCapture_train,1120
ALL/all,17.03713035627963,,TotalCapture_train,1120
AMASS/train,17.036373994610855,,TotalCapture_train,184
AMASS/all,17.036373994610855,,TotalCapture_train,184
ALL/all,17.036373994610855,,TotalCapture_train,184
AMASS/train,17.03536933604856,,TotalCapture_train,910
AMASS/all,17.03536933604856,,TotalCapture_train,910
ALL/all,17.03536933604856,,TotalCapture_train,910
AMASS/train,17.034888569696133,,TotalCapture_train,616
AMASS/all,17.034888569696133,,TotalCapture_train,616
ALL/all,17.034888569696133,,TotalCapture_train,616
AMASS/train,17.034251464196398,,TotalCapture_train,1029
AMASS/all,17.034251464196398,,TotalCapture_train,1029
ALL/all,17.034251464196398,,TotalCapture_train,1029
AMASS/train,17.03242336783847,,TotalCapture_train,912
AMASS/all,17.03242336783847,,TotalCapture_train,912
ALL/all,17.03242336783847,,TotalCapture_train,912
AMASS/train,17.032073636553022,,TotalCapture_train,847
AMASS/all,17.032073636553022,,TotalCapture_train,847
ALL/all,17.032073636553022,,TotalCapture_train,847
AMASS/train,17.0311853603229,,TotalCapture_train,579
AMASS/all,17.0311853603229,,TotalCapture_train,579
ALL/all,17.0311853603229,,TotalCapture_train,579
AMASS/train,17.03108134444453,,TotalCapture_train,872
AMASS/all,17.03108134444453,,TotalCapture_train,872
ALL/all,17.03108134444453,,TotalCapture_train,872
AMASS/train,17.031024077067748,,TotalCapture_train,930
AMASS/all,17.031024077067748,,TotalCapture_train,930
ALL/all,17.031024077067748,,TotalCapture_train,930
AMASS/train,17.030117321305383,,TotalCapture_train,568
AMASS/all,17.030117321305383,,TotalCapture_train,568
ALL/all,17.030117321305383,,TotalCapture_train,568
AMASS/train,17.029651224647193,,TotalCapture_train,270
AMASS/all,17.029651224647193,,TotalCapture_train,270
ALL/all,17.029651224647193,,TotalCapture_train,270
ALL/all,17.029436153862555,,TotalCapture_train,1298
DIP/train,17.029436153862555,,TotalCapture_train,0
DIP/all,17.029436153862555,,TotalCapture_train,0
AMASS/train,17.02917307818834,,TotalCapture_train,914
AMASS/all,17.02917307818834,,TotalCapture_train,914
ALL/all,17.02917307818834,,TotalCapture_train,914
AMASS/train,17.02900095436823,,TotalCapture_train,574
AMASS/all,17.02900095436823,,TotalCapture_train,574
ALL/all,17.02900095436823,,TotalCapture_train,574
AMASS/train,17.028926761132016,,TotalCapture_train,26
AMASS/all,17.028926761132016,,TotalCapture_train,26
ALL/all,17.028926761132016,,TotalCapture_train,26
AMASS/train,17.028083963090246,,TotalCapture_train,830
AMASS/all,17.028083963090246,,TotalCapture_train,830
ALL/all,17.028083963090246,,TotalCapture_train,830
AMASS/train,17.027919634954323,,TotalCapture_train,832
AMASS/all,17.027919634954323,,TotalCapture_train,832
ALL/all,17.027919634954323,,TotalCapture_train,832
AMASS/train,17.027594685780482,,TotalCapture_train,864
AMASS/all,17.027594685780482,,TotalCapture_train,864
ALL/all,17.027594685780482,,TotalCapture_train,864
AMASS/train,17.0272164577474,,TotalCapture_train,904
AMASS/all,17.0272164577474,,TotalCapture_train,904
ALL/all,17.0272164577474,,TotalCapture_train,904
AMASS/train,17.026290085684476,,TotalCapture_train,274
AMASS/all,17.026290085684476,,TotalCapture_train,274
ALL/all,17.026290085684476,,TotalCapture_train,274
AMASS/train,17.02565656304327,,TotalCapture_train,1178
AMASS/all,17.02565656304327,,TotalCapture_train,1178
ALL/all,17.02565656304327,,TotalCapture_train,1178
AMASS/train,17.025499626864132,,TotalCapture_train,1208
AMASS/all,17.025499626864132,,TotalCapture_train,1208
ALL/all,17.025499626864132,,TotalCapture_train,1208
AMASS/train,17.02469734137016,,TotalCapture_train,876
AMASS/all,17.02469734137016,,TotalCapture_train,876
ALL/all,17.02469734137016,,TotalCapture_train,876
AMASS/train,17.024678739265447,,TotalCapture_train,906
AMASS/all,17.024678739265447,,TotalCapture_train,906
ALL/all,17.024678739265447,,TotalCapture_train,906
AMASS/train,17.024392425414906,,TotalCapture_train,1248
AMASS/all,17.024392425414906,,TotalCapture_train,1248
ALL/all,17.024392425414906,,TotalCapture_train,1248
AMASS/train,17.024270694808045,,TotalCapture_train,838
AMASS/all,17.024270694808045,,TotalCapture_train,838
ALL/all,17.024270694808045,,TotalCapture_train,838
AMASS/train,17.02375952528942,,TotalCapture_train,182
AMASS/all,17.02375952528942,,TotalCapture_train,182
ALL/all,17.02375952528942,,TotalCapture_train,182
AMASS/train,17.02309452849484,,TotalCapture_train,908
AMASS/all,17.02309452849484,,TotalCapture_train,908
ALL/all,17.02309452849484,,TotalCapture_train,908
AMASS/train,17.023003739486292,,TotalCapture_train,920
AMASS/all,17.023003739486292,,TotalCapture_train,920
ALL/all,17.023003739486292,,TotalCapture_train,920
AMASS/train,17.02243360969468,,TotalCapture_train,926
AMASS/all,17.02243360969468,,TotalCapture_train,926
ALL/all,17.02243360969468,,TotalCapture_train,926
AMASS/train,17.021838013793484,,TotalCapture_train,50
AMASS/all,17.021838013793484,,TotalCapture_train,50
ALL/all,17.021838013793484,,TotalCapture_train,50
AMASS/train,17.021567507528022,,TotalCapture_train,586
AMASS/all,17.021567507528022,,TotalCapture_train,586
ALL/all,17.021567507528022,,TotalCapture_train,586
AMASS/train,17.021386317911038,,TotalCapture_train,772
AMASS/all,17.021386317911038,,TotalCapture_train,772
ALL/all,17.021386317911038,,TotalCapture_train,772
AMASS/train,17.020452736341237,,TotalCapture_train,1146
AMASS/all,17.020452736341237,,TotalCapture_train,1146
ALL/all,17.020452736341237,,TotalCapture_train,1146
AMASS/train,17.019844617693995,,TotalCapture_train,882
AMASS/all,17.019844617693995,,TotalCapture_train,882
ALL/all,17.019844617693995,,TotalCapture_train,882
AMASS/train,17.01865543976114,,TotalCapture_train,302
AMASS/all,17.01865543976114,,TotalCapture_train,302
ALL/all,17.01865543976114,,TotalCapture_train,302
AMASS/train,17.018613896685174,,TotalCapture_train,868
AMASS/all,17.018613896685174,,TotalCapture_train,868
ALL/all,17.018613896685174,,TotalCapture_train,868
AMASS/train,17.017933970495818,,TotalCapture_train,858
AMASS/all,17.017933970495818,,TotalCapture_train,858
ALL/all,17.017933970495818,,TotalCapture_train,858
AMASS/train,17.017625574847063,,TotalCapture_train,828
AMASS/all,17.017625574847063,,TotalCapture_train,828
ALL/all,17.017625574847063,,TotalCapture_train,828
AMASS/train,17.017507453879553,,TotalCapture_train,900
AMASS/all,17.017507453879553,,TotalCapture_train,900
ALL/all,17.017507453879553,,TotalCapture_train,900
AMASS/train,17.017247154664382,,TotalCapture_train,588
AMASS/all,17.017247154664382,,TotalCapture_train,588
ALL/all,17.017247154664382,,TotalCapture_train,588
AMASS/train,17.01693407027635,,TotalCapture_train,886
AMASS/all,17.01693407027635,,TotalCapture_train,886
ALL/all,17.01693407027635,,TotalCapture_train,886
AMASS/train,17.016534255694232,,TotalCapture_train,834
AMASS/all,17.016534255694232,,TotalCapture_train,834
ALL/all,17.016534255694232,,TotalCapture_train,834
AMASS/train,17.01579643812645,,TotalCapture_train,924
AMASS/all,17.01579643812645,,TotalCapture_train,924
ALL/all,17.01579643812645,,TotalCapture_train,924
AMASS/train,17.015510581046854,,TotalCapture_train,896
AMASS/all,17.015510581046854,,TotalCapture_train,896
ALL/all,17.015510581046854,,TotalCapture_train,896
AMASS/train,17.01470500560269,,TotalCapture_train,938
AMASS/all,17.01470500560269,,TotalCapture_train,938
ALL/all,17.01470500560269,,TotalCapture_train,938
AMASS/train,17.01330015873986,,TotalCapture_train,836
AMASS/all,17.01330015873986,,TotalCapture_train,836
ALL/all,17.01330015873986,,TotalCapture_train,836
AMASS/train,17.01328922357072,,TotalCapture_train,890
AMASS/all,17.01328922357072,,TotalCapture_train,890
ALL/all,17.01328922357072,,TotalCapture_train,890
AMASS/train,17.01299628179796,,TotalCapture_train,826
AMASS/all,17.01299628179796,,TotalCapture_train,826
ALL/all,17.01299628179796,,TotalCapture_train,826
AMASS/train,17.012923203121638,,TotalCapture_train,894
AMASS/all,17.012923203121638,,TotalCapture_train,894
ALL/all,17.012923203121638,,TotalCapture_train,894
AMASS/train,17.01226416829517,,TotalCapture_train,96
AMASS/all,17.01226416829517,,TotalCapture_train,96
ALL/all,17.01226416829517,,TotalCapture_train,96
AMASS/train,17.011485805752177,,TotalCapture_train,932
AMASS/all,17.011485805752177,,TotalCapture_train,932
ALL/all,17.011485805752177,,TotalCapture_train,932
AMASS/train,17.011195143438492,,TotalCapture_train,892
AMASS/all,17.011195143438492,,TotalCapture_train,892
ALL/all,17.011195143438492,,TotalCapture_train,892
AMASS/train,17.010466636237844,,TotalCapture_train,1170
AMASS/all,17.010466636237844,,TotalCapture_train,1170
ALL/all,17.010466636237844,,TotalCapture_train,1170
AMASS/train,17.010243061744045,,TotalCapture_train,916
AMASS/all,17.010243061744045,,TotalCapture_train,916
ALL/all,17.010243061744045,,TotalCapture_train,916
AMASS/train,17.00978673756676,,TotalCapture_train,878
AMASS/all,17.00978673756676,,TotalCapture_train,878
ALL/all,17.00978673756676,,TotalCapture_train,878
AMASS/train,17.00944874532849,,TotalCapture_train,564
AMASS/all,17.00944874532849,,TotalCapture_train,564
ALL/all,17.00944874532849,,TotalCapture_train,564
AMASS/train,17.008616404573704,,TotalCapture_train,866
AMASS/all,17.008616404573704,,TotalCapture_train,866
ALL/all,17.008616404573704,,TotalCapture_train,866
AMASS/train,17.008516660165057,,TotalCapture_train,840
AMASS/all,17.008516660165057,,TotalCapture_train,840
ALL/all,17.008516660165057,,TotalCapture_train,840
AMASS/train,17.00846982913224,,TotalCapture_train,1092
AMASS/all,17.00846982913224,,TotalCapture_train,1092
ALL/all,17.00846982913224,,TotalCapture_train,1092
AMASS/train,17.008244751003833,,TotalCapture_train,776
AMASS/all,17.008244751003833,,TotalCapture_train,776
ALL/all,17.008244751003833,,TotalCapture_train,776
AMASS/train,17.006750871339946,,TotalCapture_train,918
AMASS/all,17.006750871339946,,TotalCapture_train,918
ALL/all,17.006750871339946,,TotalCapture_train,918
AMASS/train,17.006671992131647,,TotalCapture_train,1220
AMASS/all,17.006671992131647,,TotalCapture_train,1220
ALL/all,17.006671992131647,,TotalCapture_train,1220
AMASS/train,17.006666701080754,,TotalCapture_train,450
AMASS/all,17.006666701080754,,TotalCapture_train,450
ALL/all,17.006666701080754,,TotalCapture_train,450
AMASS/train,17.006068440492722,,TotalCapture_train,898
AMASS/all,17.006068440492722,,TotalCapture_train,898
ALL/all,17.006068440492722,,TotalCapture_train,898
AMASS/train,17.005813549910844,,TotalCapture_train,752
AMASS/all,17.005813549910844,,TotalCapture_train,752
ALL/all,17.005813549910844,,TotalCapture_train,752
AMASS/train,17.004592950405836,,TotalCapture_train,570
AMASS/all,17.004592950405836,,TotalCapture_train,570
ALL/all,17.004592950405836,,TotalCapture_train,570
AMASS/train,17.004417628938278,,TotalCapture_train,572
AMASS/all,17.004417628938278,,TotalCapture_train,572
ALL/all,17.004417628938278,,TotalCapture_train,572
AMASS/train,17.00373862119396,,TotalCapture_train,774
AMASS/all,17.00373862119396,,TotalCapture_train,774
ALL/all,17.00373862119396,,TotalCapture_train,774
AMASS/train,17.003473962909055,,TotalCapture_train,902
AMASS/all,17.003473962909055,,TotalCapture_train,902
ALL/all,17.003473962909055,,TotalCapture_train,902
AMASS/train,17.003251334075962,,TotalCapture_train,1184
AMASS/all,17.003251334075962,,TotalCapture_train,1184
ALL/all,17.003251334075962,,TotalCapture_train,1184
AMASS/train,17.003185227184485,,TotalCapture_train,370
AMASS/all,17.003185227184485,,TotalCapture_train,370
ALL/all,17.003185227184485,,TotalCapture_train,370
AMASS/train,17.00317914006452,,TotalCapture_train,928
AMASS/all,17.00317914006452,,TotalCapture_train,928
ALL/all,17.00317914006452,,TotalCapture_train,928
AMASS/train,17.003138031113437,,TotalCapture_train,848
AMASS/all,17.003138031113437,,TotalCapture_train,848
ALL/all,17.003138031113437,,TotalCapture_train,848
AMASS/train,17.001780399159756,,TotalCapture_train,824
AMASS/all,17.001780399159756,,TotalCapture_train,824
ALL/all,17.001780399159756,,TotalCapture_train,824
AMASS/train,17.001540658398714,,TotalCapture_train,554
AMASS/all,17.001540658398714,,TotalCapture_train,554
ALL/all,17.001540658398714,,TotalCapture_train,554
AMASS/train,17.00144380153317,,TotalCapture_train,768
AMASS/all,17.00144380153317,,TotalCapture_train,768
ALL/all,17.00144380153317,,TotalCapture_train,768
AMASS/train,17.00127951918377,,TotalCapture_train,1182
AMASS/all,17.00127951918377,,TotalCapture_train,1182
ALL/all,17.00127951918377,,TotalCapture_train,1182
AMASS/train,17.001002004475836,,TotalCapture_train,936
AMASS/all,17.001002004475836,,TotalCapture_train,936
ALL/all,17.001002004475836,,TotalCapture_train,936
AMASS/train,17.00083190071137,,TotalCapture_train,884
AMASS/all,17.00083190071137,,TotalCapture_train,884
ALL/all,17.00083190071137,,TotalCapture_train,884
AMASS/train,17.000023941179954,,TotalCapture_train,734
AMASS/all,17.000023941179954,,TotalCapture_train,734
ALL/all,17.000023941179954,,TotalCapture_train,734
AMASS/train,16.999818884995303,,TotalCapture_train,852
AMASS/all,16.999818884995303,,TotalCapture_train,852
ALL/all,16.999818884995303,,TotalCapture_train,852
AMASS/train,16.999310250151886,,TotalCapture_train,1140
AMASS/all,16.999310250151886,,TotalCapture_train,1140
ALL/all,16.999310250151886,,TotalCapture_train,1140
AMASS/train,16.99925637734714,,TotalCapture_train,982
AMASS/all,16.99925637734714,,TotalCapture_train,982
ALL/all,16.99925637734714,,TotalCapture_train,982
AMASS/train,16.998407305441294,,TotalCapture_train,1164
AMASS/all,16.998407305441294,,TotalCapture_train,1164
ALL/all,16.998407305441294,,TotalCapture_train,1164
AMASS/train,16.998173589419697,,TotalCapture_train,780
AMASS/all,16.998173589419697,,TotalCapture_train,780
ALL/all,16.998173589419697,,TotalCapture_train,780
AMASS/train,16.997056563573857,,TotalCapture_train,880
AMASS/all,16.997056563573857,,TotalCapture_train,880
ALL/all,16.997056563573857,,TotalCapture_train,880
AMASS/train,16.99696473375769,,TotalCapture_train,740
AMASS/all,16.99696473375769,,TotalCapture_train,740
ALL/all,16.99696473375769,,TotalCapture_train,740
AMASS/train,16.99682171710736,,TotalCapture_train,846
AMASS/all,16.99682171710736,,TotalCapture_train,846
ALL/all,16.99682171710736,,TotalCapture_train,846
AMASS/train,16.996748839889666,,TotalCapture_train,854
AMASS/all,16.996748839889666,,TotalCapture_train,854
ALL/all,16.996748839889666,,TotalCapture_train,854
AMASS/train,16.99652577845437,,TotalCapture_train,770
AMASS/all,16.99652577845437,,TotalCapture_train,770
ALL/all,16.99652577845437,,TotalCapture_train,770
AMASS/train,16.99635477219298,,TotalCapture_train,36
AMASS/all,16.99635477219298,,TotalCapture_train,36
ALL/all,16.99635477219298,,TotalCapture_train,36
AMASS/train,16.996222529696322,,TotalCapture_train,922
AMASS/all,16.996222529696322,,TotalCapture_train,922
ALL/all,16.996222529696322,,TotalCapture_train,922
AMASS/train,16.996008344422606,,TotalCapture_train,984
AMASS/all,16.996008344422606,,TotalCapture_train,984
ALL/all,16.996008344422606,,TotalCapture_train,984
AMASS/train,16.995496188952075,,TotalCapture_train,672
AMASS/all,16.995496188952075,,TotalCapture_train,672
ALL/all,16.995496188952075,,TotalCapture_train,672
AMASS/train,16.99519028481993,,TotalCapture_train,276
AMASS/all,16.99519028481993,,TotalCapture_train,276
ALL/all,16.99519028481993,,TotalCapture_train,276
AMASS/train,16.995064508488067,,TotalCapture_train,784
AMASS/all,16.995064508488067,,TotalCapture_train,784
ALL/all,16.995064508488067,,TotalCapture_train,784
AMASS/train,16.994688350730723,,TotalCapture_train,448
AMASS/all,16.994688350730723,,TotalCapture_train,448
ALL/all,16.994688350730723,,TotalCapture_train,448
AMASS/train,16.99407753445943,,TotalCapture_train,778
AMASS/all,16.99407753445943,,TotalCapture_train,778
ALL/all,16.99407753445943,,TotalCapture_train,778
AMASS/train,16.99400947114765,,TotalCapture_train,750
AMASS/all,16.99400947114765,,TotalCapture_train,750
ALL/all,16.99400947114765,,TotalCapture_train,750
AMASS/train,16.993763146307682,,TotalCapture_train,446
AMASS/all,16.993763146307682,,TotalCapture_train,446
ALL/all,16.993763146307682,,TotalCapture_train,446
AMASS/train,16.99351254862215,,TotalCapture_train,650
AMASS/all,16.99351254862215,,TotalCapture_train,650
ALL/all,16.99351254862215,,TotalCapture_train,650
AMASS/train,16.992769761701336,,TotalCapture_train,738
AMASS/all,16.992769761701336,,TotalCapture_train,738
ALL/all,16.992769761701336,,TotalCapture_train,738
AMASS/train,16.992211015210057,,TotalCapture_train,1096
AMASS/all,16.992211015210057,,TotalCapture_train,1096
ALL/all,16.992211015210057,,TotalCapture_train,1096
AMASS/train,16.992136587030316,,TotalCapture_train,856
AMASS/all,16.992136587030316,,TotalCapture_train,856
ALL/all,16.992136587030316,,TotalCapture_train,856
AMASS/train,16.991678648035222,,TotalCapture_train,888
AMASS/all,16.991678648035222,,TotalCapture_train,888
ALL/all,16.991678648035222,,TotalCapture_train,888
AMASS/train,16.991284263151837,,TotalCapture_train,1246
AMASS/all,16.991284263151837,,TotalCapture_train,1246
ALL/all,16.991284263151837,,TotalCapture_train,1246
AMASS/train,16.990997982265,,TotalCapture_train,844
AMASS/all,16.990997982265,,TotalCapture_train,844
ALL/all,16.990997982265,,TotalCapture_train,844
AMASS/train,16.990865908454477,,TotalCapture_train,746
AMASS/all,16.990865908454477,,TotalCapture_train,746
ALL/all,16.990865908454477,,TotalCapture_train,746
AMASS/train,16.990815869710328,,TotalCapture_train,10
AMASS/all,16.990815869710328,,TotalCapture_train,10
ALL/all,16.990815869710328,,TotalCapture_train,10
AMASS/train,16.990742048176003,,TotalCapture_train,860
AMASS/all,16.990742048176003,,TotalCapture_train,860
ALL/all,16.990742048176003,,TotalCapture_train,860
AMASS/train,16.98987853872945,,TotalCapture_train,666
AMASS/all,16.98987853872945,,TotalCapture_train,666
ALL/all,16.98987853872945,,TotalCapture_train,666
AMASS/train,16.989849374723185,,TotalCapture_train,668
AMASS/all,16.989849374723185,,TotalCapture_train,668
ALL/all,16.989849374723185,,TotalCapture_train,668
AMASS/train,16.989380642420063,,TotalCapture_train,744
AMASS/all,16.989380642420063,,TotalCapture_train,744
ALL/all,16.989380642420063,,TotalCapture_train,744
AMASS/train,16.989185433103934,,TotalCapture_train,782
AMASS/all,16.989185433103934,,TotalCapture_train,782
ALL/all,16.989185433103934,,TotalCapture_train,782
AMASS/train,16.988658101913288,,TotalCapture_train,222
AMASS/all,16.988658101913288,,TotalCapture_train,222
ALL/all,16.988658101913288,,TotalCapture_train,222
AMASS/train,16.9886565986363,,TotalCapture_train,1160
AMASS/all,16.9886565986363,,TotalCapture_train,1160
ALL/all,16.9886565986363,,TotalCapture_train,1160
AMASS/train,16.98849744477064,,TotalCapture_train,534
AMASS/all,16.98849744477064,,TotalCapture_train,534
ALL/all,16.98849744477064,,TotalCapture_train,534
AMASS/train,16.988461142779265,,TotalCapture_train,278
AMASS/all,16.988461142779265,,TotalCapture_train,278
ALL/all,16.988461142779265,,TotalCapture_train,278
AMASS/train,16.988272809723266,,TotalCapture_train,372
AMASS/all,16.988272809723266,,TotalCapture_train,372
ALL/all,16.988272809723266,,TotalCapture_train,372
AMASS/train,16.986289051791843,,TotalCapture_train,728
AMASS/all,16.986289051791843,,TotalCapture_train,728
ALL/all,16.986289051791843,,TotalCapture_train,728
AMASS/train,16.985100458672235,,TotalCapture_train,660
AMASS/all,16.985100458672235,,TotalCapture_train,660
ALL/all,16.985100458672235,,TotalCapture_train,660
AMASS/train,16.984273019276642,,TotalCapture_train,850
AMASS/all,16.984273019276642,,TotalCapture_train,850
ALL/all,16.984273019276642,,TotalCapture_train,850
AMASS/train,16.98409571436354,,TotalCapture_train,652
AMASS/all,16.98409571436354,,TotalCapture_train,652
ALL/all,16.98409571436354,,TotalCapture_train,652
AMASS/train,16.98378053997765,,TotalCapture_train,862
AMASS/all,16.98378053997765,,TotalCapture_train,862
ALL/all,16.98378053997765,,TotalCapture_train,862
AMASS/train,16.983431355982617,,TotalCapture_train,550
AMASS/all,16.983431355982617,,TotalCapture_train,550
ALL/all,16.983431355982617,,TotalCapture_train,550
AMASS/train,16.9833072528655,,TotalCapture_train,556
AMASS/all,16.9833072528655,,TotalCapture_train,556
ALL/all,16.9833072528655,,TotalCapture_train,556
AMASS/train,16.983006488855764,,TotalCapture_train,1276
AMASS/all,16.983006488855764,,TotalCapture_train,1276
ALL/all,16.983006488855764,,TotalCapture_train,1276
AMASS/train,16.98298273334812,,TotalCapture_train,8
AMASS/all,16.98298273334812,,TotalCapture_train,8
ALL/all,16.98298273334812,,TotalCapture_train,8
AMASS/train,16.982896835395493,,TotalCapture_train,686
AMASS/all,16.982896835395493,,TotalCapture_train,686
ALL/all,16.982896835395493,,TotalCapture_train,686
AMASS/train,16.98278523457536,,TotalCapture_train,748
AMASS/all,16.98278523457536,,TotalCapture_train,748
ALL/all,16.98278523457536,,TotalCapture_train,748
AMASS/train,16.9825467943326,,TotalCapture_train,742
AMASS/all,16.9825467943326,,TotalCapture_train,742
ALL/all,16.9825467943326,,TotalCapture_train,742
AMASS/train,16.982499167866703,,TotalCapture_train,656
AMASS/all,16.982499167866703,,TotalCapture_train,656
ALL/all,16.982499167866703,,TotalCapture_train,656
AMASS/train,16.982496525256604,,TotalCapture_train,186
AMASS/all,16.982496525256604,,TotalCapture_train,186
ALL/all,16.982496525256604,,TotalCapture_train,186
AMASS/train,16.982491881328087,,TotalCapture_train,934
AMASS/all,16.982491881328087,,TotalCapture_train,934
ALL/all,16.982491881328087,,TotalCapture_train,934
AMASS/train,16.98223857339768,,TotalCapture_train,442
AMASS/all,16.98223857339768,,TotalCapture_train,442
ALL/all,16.98223857339768,,TotalCapture_train,442
AMASS/train,16.98202304068349,,TotalCapture_train,308
AMASS/all,16.98202304068349,,TotalCapture_train,308
ALL/all,16.98202304068349,,TotalCapture_train,308
AMASS/train,16.98197255558651,,TotalCapture_train,726
AMASS/all,16.98197255558651,,TotalCapture_train,726
ALL/all,16.98197255558651,,TotalCapture_train,726
AMASS/train,16.98092443526235,,TotalCapture_train,339
AMASS/all,16.98092443526235,,TotalCapture_train,339
ALL/all,16.98092443526235,,TotalCapture_train,339
AMASS/train,16.980863095917243,,TotalCapture_train,718
AMASS/all,16.980863095917243,,TotalCapture_train,718
ALL/all,16.980863095917243,,TotalCapture_train,718
AMASS/train,16.98053700310919,,TotalCapture_train,566
AMASS/all,16.98053700310919,,TotalCapture_train,566
ALL/all,16.98053700310919,,TotalCapture_train,566
AMASS/train,16.979732440697532,,TotalCapture_train,736
AMASS/all,16.979732440697532,,TotalCapture_train,736
ALL/all,16.979732440697532,,TotalCapture_train,736
AMASS/train,16.979688589175602,,TotalCapture_train,664
AMASS/all,16.979688589175602,,TotalCapture_train,664
ALL/all,16.979688589175602,,TotalCapture_train,664
AMASS/train,16.977728550816654,,TotalCapture_train,730
AMASS/all,16.977728550816654,,TotalCapture_train,730
ALL/all,16.977728550816654,,TotalCapture_train,730
AMASS/train,16.97756067565581,,TotalCapture_train,562
AMASS/all,16.97756067565581,,TotalCapture_train,562
ALL/all,16.97756067565581,,TotalCapture_train,562
AMASS/train,16.977427718128084,,TotalCapture_train,230
AMASS/all,16.977427718128084,,TotalCapture_train,230
ALL/all,16.977427718128084,,TotalCapture_train,230
AMASS/train,16.975615171733278,,TotalCapture_train,410
AMASS/all,16.975615171733278,,TotalCapture_train,410
ALL/all,16.975615171733278,,TotalCapture_train,410
AMASS/train,16.973663716635976,,TotalCapture_train,38
AMASS/all,16.973663716635976,,TotalCapture_train,38
ALL/all,16.973663716635976,,TotalCapture_train,38
AMASS/train,16.97220006780075,,TotalCapture_train,114
AMASS/all,16.97220006780075,,TotalCapture_train,114
ALL/all,16.97220006780075,,TotalCapture_train,114
AMASS/train,16.972086639001475,,TotalCapture_train,1150
AMASS/all,16.972086639001475,,TotalCapture_train,1150
ALL/all,16.972086639001475,,TotalCapture_train,1150
AMASS/train,16.971239389767426,,TotalCapture_train,444
AMASS/all,16.971239389767426,,TotalCapture_train,444
ALL/all,16.971239389767426,,TotalCapture_train,444
AMASS/train,16.970928982194597,,DIP_train,905
AMASS/all,16.970928982194597,,DIP_train,905
ALL/all,16.970928982194597,,DIP_train,905
AMASS/train,16.970279548428774,,TotalCapture_train,678
AMASS/all,16.970279548428774,,TotalCapture_train,678
ALL/all,16.970279548428774,,TotalCapture_train,678
AMASS/train,16.97024976152459,,TotalCapture_train,552
AMASS/all,16.97024976152459,,TotalCapture_train,552
ALL/all,16.97024976152459,,TotalCapture_train,552
AMASS/train,16.969127373260246,,TotalCapture_train,716
AMASS/all,16.969127373260246,,TotalCapture_train,716
ALL/all,16.969127373260246,,TotalCapture_train,716
AMASS/train,16.967663987987986,,TotalCapture_train,1152
AMASS/all,16.967663987987986,,TotalCapture_train,1152
ALL/all,16.967663987987986,,TotalCapture_train,1152
AMASS/train,16.965728082434726,,TotalCapture_train,406
AMASS/all,16.965728082434726,,TotalCapture_train,406
ALL/all,16.965728082434726,,TotalCapture_train,406
AMASS/train,16.964906299980928,,TotalCapture_train,680
AMASS/all,16.964906299980928,,TotalCapture_train,680
ALL/all,16.964906299980928,,TotalCapture_train,680
AMASS/train,16.964708499397645,,TotalCapture_train,135
AMASS/all,16.964708499397645,,TotalCapture_train,135
ALL/all,16.964708499397645,,TotalCapture_train,135
AMASS/train,16.964267788468185,,TotalCapture_train,408
AMASS/all,16.964267788468185,,TotalCapture_train,408
ALL/all,16.964267788468185,,TotalCapture_train,408
AMASS/train,16.963792502575163,,TotalCapture_train,1224
AMASS/all,16.963792502575163,,TotalCapture_train,1224
ALL/all,16.963792502575163,,TotalCapture_train,1224
AMASS/train,16.963690565788564,,TotalCapture_train,674
AMASS/all,16.963690565788564,,TotalCapture_train,674
ALL/all,16.963690565788564,,TotalCapture_train,674
AMASS/train,16.963240965254375,,TotalCapture_train,990
AMASS/all,16.963240965254375,,TotalCapture_train,990
ALL/all,16.963240965254375,,TotalCapture_train,990
AMASS/train,16.96273862434475,,TotalCapture_train,684
AMASS/all,16.96273862434475,,TotalCapture_train,684
ALL/all,16.96273862434475,,TotalCapture_train,684
AMASS/train,16.962629553543312,,DIP_train,1161
AMASS/all,16.962629553543312,,DIP_train,1161
ALL/all,16.962629553543312,,DIP_train,1161
AMASS/train,16.96217892556657,,TotalCapture_train,732
AMASS/all,16.96217892556657,,TotalCapture_train,732
ALL/all,16.96217892556657,,TotalCapture_train,732
AMASS/train,16.962173715698167,,TotalCapture_train,400
AMASS/all,16.962173715698167,,TotalCapture_train,400
ALL/all,16.962173715698167,,TotalCapture_train,400
AMASS/train,16.961895286098294,,TotalCapture_train,720
AMASS/all,16.961895286098294,,TotalCapture_train,720
ALL/all,16.961895286098294,,TotalCapture_train,720
AMASS/train,16.9612748171177,,TotalCapture_train,246
AMASS/all,16.9612748171177,,TotalCapture_train,246
ALL/all,16.9612748171177,,TotalCapture_train,246
AMASS/train,16.961224087351432,,TotalCapture_train,402
AMASS/all,16.961224087351432,,TotalCapture_train,402
ALL/all,16.961224087351432,,TotalCapture_train,402
AMASS/train,16.96114737998604,,TotalCapture_train,682
AMASS/all,16.96114737998604,,TotalCapture_train,682
ALL/all,16.96114737998604,,TotalCapture_train,682
AMASS/train,16.96046090821053,,TotalCapture_train,538
AMASS/all,16.96046090821053,,TotalCapture_train,538
ALL/all,16.96046090821053,,TotalCapture_train,538
AMASS/train,16.95756537552402,,TotalCapture_train,536
AMASS/all,16.95756537552402,,TotalCapture_train,536
ALL/all,16.95756537552402,,TotalCapture_train,536
AMASS/train,16.957366441507816,,DIP_train,1223
AMASS/all,16.957366441507816,,DIP_train,1223
ALL/all,16.957366441507816,,DIP_train,1223
AMASS/train,16.955337479062866,,TotalCapture_train,192
AMASS/all,16.955337479062866,,TotalCapture_train,192
ALL/all,16.955337479062866,,TotalCapture_train,192
AMASS/train,16.95424205105708,,TotalCapture_train,362
AMASS/all,16.95424205105708,,TotalCapture_train,362
ALL/all,16.95424205105708,,TotalCapture_train,362
AMASS/train,16.95382027808167,,TotalCapture_train,654
AMASS/all,16.95382027808167,,TotalCapture_train,654
ALL/all,16.95382027808167,,TotalCapture_train,654
AMASS/train,16.953614076911897,,TotalCapture_train,1186
AMASS/all,16.953614076911897,,TotalCapture_train,1186
ALL/all,16.953614076911897,,TotalCapture_train,1186
AMASS/train,16.953440702246837,,TotalCapture_train,404
AMASS/all,16.953440702246837,,TotalCapture_train,404
ALL/all,16.953440702246837,,TotalCapture_train,404
AMASS/train,16.953411670073347,,TotalCapture_train,724
AMASS/all,16.953411670073347,,TotalCapture_train,724
ALL/all,16.953411670073347,,TotalCapture_train,724
AMASS/train,16.951169643706866,,TotalCapture_train,1136
AMASS/all,16.951169643706866,,TotalCapture_train,1136
ALL/all,16.951169643706866,,TotalCapture_train,1136
AMASS/train,16.951146069155552,,TotalCapture_train,670
AMASS/all,16.951146069155552,,TotalCapture_train,670
ALL/all,16.951146069155552,,TotalCapture_train,670
AMASS/train,16.950914709398536,,TotalCapture_train,658
AMASS/all,16.950914709398536,,TotalCapture_train,658
ALL/all,16.950914709398536,,TotalCapture_train,658
AMASS/train,16.949666299111595,,TotalCapture_train,722
AMASS/all,16.949666299111595,,TotalCapture_train,722
ALL/all,16.949666299111595,,TotalCapture_train,722
AMASS/train,16.948057926178468,,TotalCapture_train,1244
AMASS/all,16.948057926178468,,TotalCapture_train,1244
ALL/all,16.948057926178468,,TotalCapture_train,1244
AMASS/train,16.947520985165443,,TotalCapture_train,662
AMASS/all,16.947520985165443,,TotalCapture_train,662
ALL/all,16.947520985165443,,TotalCapture_train,662
AMASS/train,16.94671200014283,,TotalCapture_train,548
AMASS/all,16.94671200014283,,TotalCapture_train,548
ALL/all,16.94671200014283,,TotalCapture_train,548
AMASS/train,16.945952677517102,,TotalCapture_train,1102
AMASS/all,16.945952677517102,,TotalCapture_train,1102
ALL/all,16.945952677517102,,TotalCapture_train,1102
AMASS/train,16.945373124654665,,TotalCapture_train,480
AMASS/all,16.945373124654665,,TotalCapture_train,480
ALL/all,16.945373124654665,,TotalCapture_train,480
AMASS/train,16.944970009365644,,TotalCapture_train,542
AMASS/all,16.944970009365644,,TotalCapture_train,542
ALL/all,16.944970009365644,,TotalCapture_train,542
AMASS/train,16.944953187514812,,TotalCapture_train,1116
AMASS/all,16.944953187514812,,TotalCapture_train,1116
ALL/all,16.944953187514812,,TotalCapture_train,1116
AMASS/train,16.944941715198958,,TotalCapture_train,398
AMASS/all,16.944941715198958,,TotalCapture_train,398
ALL/all,16.944941715198958,,TotalCapture_train,398
AMASS/train,16.94476078337365,,TotalCapture_train,676
AMASS/all,16.94476078337365,,TotalCapture_train,676
ALL/all,16.94476078337365,,TotalCapture_train,676
AMASS/train,16.94428600723199,,TotalCapture_train,238
AMASS/all,16.94428600723199,,TotalCapture_train,238
ALL/all,16.94428600723199,,TotalCapture_train,238
AMASS/train,16.94376352489078,,TotalCapture_train,1270
AMASS/all,16.94376352489078,,TotalCapture_train,1270
ALL/all,16.94376352489078,,TotalCapture_train,1270
AMASS/train,16.943440286315553,,TotalCapture_train,208
AMASS/all,16.943440286315553,,TotalCapture_train,208
ALL/all,16.943440286315553,,TotalCapture_train,208
AMASS/train,16.943193043229133,,TotalCapture_train,393
AMASS/all,16.943193043229133,,TotalCapture_train,393
ALL/all,16.943193043229133,,TotalCapture_train,393
AMASS/train,16.94169202739878,,TotalCapture_train,1204
AMASS/all,16.94169202739878,,TotalCapture_train,1204
ALL/all,16.94169202739878,,TotalCapture_train,1204
AMASS/train,16.94004315860893,,TotalCapture_train,1274
AMASS/all,16.94004315860893,,TotalCapture_train,1274
ALL/all,16.94004315860893,,TotalCapture_train,1274
AMASS/train,16.938552640566254,,TotalCapture_train,212
AMASS/all,16.938552640566254,,TotalCapture_train,212
ALL/all,16.938552640566254,,TotalCapture_train,212
AMASS/train,16.937943081765688,,TotalCapture_train,1236
AMASS/all,16.937943081765688,,TotalCapture_train,1236
ALL/all,16.937943081765688,,TotalCapture_train,1236
AMASS/train,16.937766092754174,,TotalCapture_train,1292
AMASS/all,16.937766092754174,,TotalCapture_train,1292
ALL/all,16.937766092754174,,TotalCapture_train,1292
AMASS/train,16.937704274793933,,TotalCapture_train,390
AMASS/all,16.937704274793933,,TotalCapture_train,390
ALL/all,16.937704274793933,,TotalCapture_train,390
AMASS/train,16.937557311090444,,TotalCapture_train,560
AMASS/all,16.937557311090444,,TotalCapture_train,560
ALL/all,16.937557311090444,,TotalCapture_train,560
AMASS/train,16.93742435663479,,TotalCapture_train,116
AMASS/all,16.93742435663479,,TotalCapture_train,116
ALL/all,16.93742435663479,,TotalCapture_train,116
AMASS/train,16.936668764306273,,TotalCapture_train,528
AMASS/all,16.936668764306273,,TotalCapture_train,528
ALL/all,16.936668764306273,,TotalCapture_train,528
AMASS/train,16.935476813897278,,TotalCapture_train,532
AMASS/all,16.935476813897278,,TotalCapture_train,532
ALL/all,16.935476813897278,,TotalCapture_train,532
AMASS/train,16.934561667274114,,TotalCapture_train,1230
AMASS/all,16.934561667274114,,TotalCapture_train,1230
ALL/all,16.934561667274114,,TotalCapture_train,1230
AMASS/train,16.93406860331188,,TotalCapture_train,436
AMASS/all,16.93406860331188,,TotalCapture_train,436
ALL/all,16.93406860331188,,TotalCapture_train,436
AMASS/train,16.93327587274153,,TotalCapture_train,544
AMASS/all,16.93327587274153,,TotalCapture_train,544
ALL/all,16.93327587274153,,TotalCapture_train,544
AMASS/train,16.932953883984954,,TotalCapture_train,225
AMASS/all,16.932953883984954,,TotalCapture_train,225
ALL/all,16.932953883984954,,TotalCapture_train,225
AMASS/train,16.932460314854996,,TotalCapture_train,540
AMASS/all,16.932460314854996,,TotalCapture_train,540
ALL/all,16.932460314854996,,TotalCapture_train,540
AMASS/train,16.93200188141967,,TotalCapture_train,234
AMASS/all,16.93200188141967,,TotalCapture_train,234
ALL/all,16.93200188141967,,TotalCapture_train,234
AMASS/train,16.93177078444377,,TotalCapture_train,438
AMASS/all,16.93177078444377,,TotalCapture_train,438
ALL/all,16.93177078444377,,TotalCapture_train,438
AMASS/train,16.930948351679227,,TotalCapture_train,368
AMASS/all,16.930948351679227,,TotalCapture_train,368
ALL/all,16.930948351679227,,TotalCapture_train,368
AMASS/train,16.929931623947564,,TotalCapture_train,396
AMASS/all,16.929931623947564,,TotalCapture_train,396
ALL/all,16.929931623947564,,TotalCapture_train,396
AMASS/train,16.929714436812702,,TotalCapture_train,1108
AMASS/all,16.929714436812702,,TotalCapture_train,1108
ALL/all,16.929714436812702,,TotalCapture_train,1108
AMASS/train,16.927164828348108,,TotalCapture_train,440
AMASS/all,16.927164828348108,,TotalCapture_train,440
ALL/all,16.927164828348108,,TotalCapture_train,440
AMASS/train,16.926836951470857,,TotalCapture_train,232
AMASS/all,16.926836951470857,,TotalCapture_train,232
ALL/all,16.926836951470857,,TotalCapture_train,232
AMASS/train,16.925657282554983,,TotalCapture_train,1148
AMASS/all,16.925657282554983,,TotalCapture_train,1148
ALL/all,16.925657282554983,,TotalCapture_train,1148
AMASS/train,16.925478182152435,,TotalCapture_train,482
AMASS/all,16.925478182152435,,TotalCapture_train,482
ALL/all,16.925478182152435,,TotalCapture_train,482
AMASS/train,16.924925557647217,,TotalCapture_train,432
AMASS/all,16.924925557647217,,TotalCapture_train,432
ALL/all,16.924925557647217,,TotalCapture_train,432
AMASS/train,16.92473253237303,,TotalCapture_train,1272
AMASS/all,16.92473253237303,,TotalCapture_train,1272
ALL/all,16.92473253237303,,TotalCapture_train,1272
AMASS/train,16.924637999089025,,TotalCapture_train,1214
AMASS/all,16.924637999089025,,TotalCapture_train,1214
ALL/all,16.924637999089025,,TotalCapture_train,1214
AMASS/train,16.92398604037841,,TotalCapture_train,1114
AMASS/all,16.92398604037841,,TotalCapture_train,1114
ALL/all,16.92398604037841,,TotalCapture_train,1114
AMASS/train,16.92334699938929,,TotalCapture_train,1232
AMASS/all,16.92334699938929,,TotalCapture_train,1232
ALL/all,16.92334699938929,,TotalCapture_train,1232
AMASS/train,16.923314610266505,,TotalCapture_train,426
AMASS/all,16.923314610266505,,TotalCapture_train,426
ALL/all,16.923314610266505,,TotalCapture_train,426
AMASS/train,16.922413769509927,,TotalCapture_train,434
AMASS/all,16.922413769509927,,TotalCapture_train,434
ALL/all,16.922413769509927,,TotalCapture_train,434
AMASS/train,16.92190876721003,,TotalCapture_train,418
AMASS/all,16.92190876721003,,TotalCapture_train,418
ALL/all,16.92190876721003,,TotalCapture_train,418
AMASS/train,16.92159697978607,,TotalCapture_train,478
AMASS/all,16.92159697978607,,TotalCapture_train,478
ALL/all,16.92159697978607,,TotalCapture_train,478
AMASS/train,16.916177540377667,,TotalCapture_train,558
AMASS/all,16.916177540377667,,TotalCapture_train,558
ALL/all,16.916177540377667,,TotalCapture_train,558
AMASS/train,16.915727011424767,,TotalCapture_train,1212
AMASS/all,16.915727011424767,,TotalCapture_train,1212
ALL/all,16.915727011424767,,TotalCapture_train,1212
AMASS/train,16.912113344067023,,TotalCapture_train,530
AMASS/all,16.912113344067023,,TotalCapture_train,530
ALL/all,16.912113344067023,,TotalCapture_train,530
AMASS/train,16.912001193771992,,TotalCapture_train,1118
AMASS/all,16.912001193771992,,TotalCapture_train,1118
ALL/all,16.912001193771992,,TotalCapture_train,1118
AMASS/train,16.911950475995564,,TotalCapture_train,428
AMASS/all,16.911950475995564,,TotalCapture_train,428
ALL/all,16.911950475995564,,TotalCapture_train,428
AMASS/train,16.91134881284147,,TotalCapture_train,470
AMASS/all,16.91134881284147,,TotalCapture_train,470
ALL/all,16.91134881284147,,TotalCapture_train,470
AMASS/train,16.910532745008368,,TotalCapture_train,1192
AMASS/all,16.910532745008368,,TotalCapture_train,1192
ALL/all,16.910532745008368,,TotalCapture_train,1192
AMASS/train,16.909347703863112,,TotalCapture_train,1266
AMASS/all,16.909347703863112,,TotalCapture_train,1266
ALL/all,16.909347703863112,,TotalCapture_train,1266
AMASS/train,16.90853518159768,,TotalCapture_train,1158
AMASS/all,16.90853518159768,,TotalCapture_train,1158
ALL/all,16.90853518159768,,TotalCapture_train,1158
AMASS/train,16.904813594964256,,TotalCapture_train,506
AMASS/all,16.904813594964256,,TotalCapture_train,506
ALL/all,16.904813594964256,,TotalCapture_train,506
AMASS/train,16.90448699040623,,TotalCapture_train,1290
AMASS/all,16.90448699040623,,TotalCapture_train,1290
ALL/all,16.90448699040623,,TotalCapture_train,1290
AMASS/train,16.90410127346408,,TotalCapture_train,476
AMASS/all,16.90410127346408,,TotalCapture_train,476
ALL/all,16.90410127346408,,TotalCapture_train,476
AMASS/train,16.902863645637023,,TotalCapture_train,462
AMASS/all,16.902863645637023,,TotalCapture_train,462
ALL/all,16.902863645637023,,TotalCapture_train,462
AMASS/train,16.90199311259916,,TotalCapture_train,1294
AMASS/all,16.90199311259916,,TotalCapture_train,1294
ALL/all,16.90199311259916,,TotalCapture_train,1294
AMASS/train,16.90192847026914,,TotalCapture_train,873
AMASS/all,16.90192847026914,,TotalCapture_train,873
ALL/all,16.90192847026914,,TotalCapture_train,873
AMASS/train,16.900299139113212,,TotalCapture_train,514
AMASS/all,16.900299139113212,,TotalCapture_train,514
ALL/all,16.900299139113212,,TotalCapture_train,514
AMASS/train,16.89911492319314,,TotalCapture_train,1226
AMASS/all,16.89911492319314,,TotalCapture_train,1226
ALL/all,16.89911492319314,,TotalCapture_train,1226
AMASS/train,16.89882235039515,,TotalCapture_train,526
AMASS/all,16.89882235039515,,TotalCapture_train,526
ALL/all,16.89882235039515,,TotalCapture_train,526
AMASS/train,16.89871683051023,,TotalCapture_train,546
AMASS/all,16.89871683051023,,TotalCapture_train,546
ALL/all,16.89871683051023,,TotalCapture_train,546
AMASS/train,16.898514148082004,,TotalCapture_train,424
AMASS/all,16.898514148082004,,TotalCapture_train,424
ALL/all,16.898514148082004,,TotalCapture_train,424
AMASS/train,16.898242609164765,,TotalCapture_train,466
AMASS/all,16.898242609164765,,TotalCapture_train,466
ALL/all,16.898242609164765,,TotalCapture_train,466
AMASS/train,16.897601402997854,,TotalCapture_train,394
AMASS/all,16.897601402997854,,TotalCapture_train,394
ALL/all,16.897601402997854,,TotalCapture_train,394
AMASS/train,16.89453889076925,,TotalCapture_train,1090
AMASS/all,16.89453889076925,,TotalCapture_train,1090
ALL/all,16.89453889076925,,TotalCapture_train,1090
AMASS/train,16.89362098295694,,TotalCapture_train,460
AMASS/all,16.89362098295694,,TotalCapture_train,460
ALL/all,16.89362098295694,,TotalCapture_train,460
AMASS/train,16.891187686711188,,TotalCapture_train,456
AMASS/all,16.891187686711188,,TotalCapture_train,456
ALL/all,16.891187686711188,,TotalCapture_train,456
AMASS/train,16.891104264339862,,TotalCapture_train,976
AMASS/all,16.891104264339862,,TotalCapture_train,976
ALL/all,16.891104264339862,,TotalCapture_train,976
AMASS/train,16.890744510520417,,TotalCapture_train,472
AMASS/all,16.890744510520417,,TotalCapture_train,472
ALL/all,16.890744510520417,,TotalCapture_train,472
AMASS/train,16.890672543476885,,TotalCapture_train,244
AMASS/all,16.890672543476885,,TotalCapture_train,244
ALL/all,16.890672543476885,,TotalCapture_train,244
AMASS/train,16.886042150657435,,TotalCapture_train,1268
AMASS/all,16.886042150657435,,TotalCapture_train,1268
ALL/all,16.886042150657435,,TotalCapture_train,1268
AMASS/train,16.885907392404754,,TotalCapture_train,224
AMASS/all,16.885907392404754,,TotalCapture_train,224
ALL/all,16.885907392404754,,TotalCapture_train,224
AMASS/train,16.88522716619428,,TotalCapture_train,1254
AMASS/all,16.88522716619428,,TotalCapture_train,1254
ALL/all,16.88522716619428,,TotalCapture_train,1254
AMASS/train,16.883335418767427,,TotalCapture_train,1124
AMASS/all,16.883335418767427,,TotalCapture_train,1124
ALL/all,16.883335418767427,,TotalCapture_train,1124
AMASS/train,16.883110093723136,,TotalCapture_train,458
AMASS/all,16.883110093723136,,TotalCapture_train,458
ALL/all,16.883110093723136,,TotalCapture_train,458
AMASS/train,16.881980577437037,,TotalCapture_train,454
AMASS/all,16.881980577437037,,TotalCapture_train,454
ALL/all,16.881980577437037,,TotalCapture_train,454
AMASS/train,16.88083079556032,,TotalCapture_train,1250
AMASS/all,16.88083079556032,,TotalCapture_train,1250
ALL/all,16.88083079556032,,TotalCapture_train,1250
AMASS/train,16.880465820784583,,TotalCapture_train,970
AMASS/all,16.880465820784583,,TotalCapture_train,970
ALL/all,16.880465820784583,,TotalCapture_train,970
AMASS/train,16.87960233565217,,TotalCapture_train,210
AMASS/all,16.87960233565217,,TotalCapture_train,210
ALL/all,16.87960233565217,,TotalCapture_train,210
AMASS/train,16.87919993850843,,TotalCapture_train,996
AMASS/all,16.87919993850843,,TotalCapture_train,996
ALL/all,16.87919993850843,,TotalCapture_train,996
AMASS/train,16.878858400037746,,TotalCapture_train,964
AMASS/all,16.878858400037746,,TotalCapture_train,964
ALL/all,16.878858400037746,,TotalCapture_train,964
AMASS/train,16.878262519905316,,TotalCapture_train,1228
AMASS/all,16.878262519905316,,TotalCapture_train,1228
ALL/all,16.878262519905316,,TotalCapture_train,1228
AMASS/train,16.87825241397163,,TotalCapture_train,422
AMASS/all,16.87825241397163,,TotalCapture_train,422
ALL/all,16.87825241397163,,TotalCapture_train,422
AMASS/train,16.877970269006486,,TotalCapture_train,236
AMASS/all,16.877970269006486,,TotalCapture_train,236
ALL/all,16.877970269006486,,TotalCapture_train,236
AMASS/train,16.87667610331987,,TotalCapture_train,416
AMASS/all,16.87667610331987,,TotalCapture_train,416
ALL/all,16.87667610331987,,TotalCapture_train,416
AMASS/train,16.876151635457344,,TotalCapture_train,510
AMASS/all,16.876151635457344,,TotalCapture_train,510
ALL/all,16.876151635457344,,TotalCapture_train,510
AMASS/train,16.87572182851104,,TotalCapture_train,452
AMASS/all,16.87572182851104,,TotalCapture_train,452
ALL/all,16.87572182851104,,TotalCapture_train,452
AMASS/train,16.874811388750647,,TotalCapture_train,388
AMASS/all,16.874811388750647,,TotalCapture_train,388
ALL/all,16.874811388750647,,TotalCapture_train,388
AMASS/train,16.873070489894676,,TotalCapture_train,974
AMASS/all,16.873070489894676,,TotalCapture_train,974
ALL/all,16.873070489894676,,TotalCapture_train,974
AMASS/train,16.868560932152437,,TotalCapture_train,968
AMASS/all,16.868560932152437,,TotalCapture_train,968
ALL/all,16.868560932152437,,TotalCapture_train,968
AMASS/train,16.86678405548866,,TotalCapture_train,512
AMASS/all,16.86678405548866,,TotalCapture_train,512
ALL/all,16.86678405548866,,TotalCapture_train,512
AMASS/train,16.86530678291886,,TotalCapture_train,966
AMASS/all,16.86530678291886,,TotalCapture_train,966
ALL/all,16.86530678291886,,TotalCapture_train,966
AMASS/train,16.864559735094097,,TotalCapture_train,430
AMASS/all,16.864559735094097,,TotalCapture_train,430
ALL/all,16.864559735094097,,TotalCapture_train,430
AMASS/train,16.864354060326676,,TotalCapture_train,1218
AMASS/all,16.864354060326676,,TotalCapture_train,1218
ALL/all,16.864354060326676,,TotalCapture_train,1218
AMASS/train,16.863250586495166,,TotalCapture_train,392
AMASS/all,16.863250586495166,,TotalCapture_train,392
ALL/all,16.863250586495166,,TotalCapture_train,392
AMASS/train,16.862677446308247,,TotalCapture_train,468
AMASS/all,16.862677446308247,,TotalCapture_train,468
ALL/all,16.862677446308247,,TotalCapture_train,468
AMASS/train,16.860191615646702,,TotalCapture_train,1296
AMASS/all,16.860191615646702,,TotalCapture_train,1296
ALL/all,16.860191615646702,,TotalCapture_train,1296
AMASS/train,16.860133358328167,,TotalCapture_train,942
AMASS/all,16.860133358328167,,TotalCapture_train,942
ALL/all,16.860133358328167,,TotalCapture_train,942
AMASS/train,16.85719671503007,,TotalCapture_train,214
AMASS/all,16.85719671503007,,TotalCapture_train,214
ALL/all,16.85719671503007,,TotalCapture_train,214
AMASS/train,16.857176537047934,,TotalCapture_train,226
AMASS/all,16.857176537047934,,TotalCapture_train,226
ALL/all,16.857176537047934,,TotalCapture_train,226
AMASS/train,16.855341722630868,,TotalCapture_train,1260
AMASS/all,16.855341722630868,,TotalCapture_train,1260
ALL/all,16.855341722630868,,TotalCapture_train,1260
AMASS/train,16.854507714902,,TotalCapture_train,386
AMASS/all,16.854507714902,,TotalCapture_train,386
ALL/all,16.854507714902,,TotalCapture_train,386
AMASS/train,16.852264678364666,,TotalCapture_train,464
AMASS/all,16.852264678364666,,TotalCapture_train,464
ALL/all,16.852264678364666,,TotalCapture_train,464
AMASS/train,16.8520908626928,,TotalCapture_train,1202
AMASS/all,16.8520908626928,,TotalCapture_train,1202
ALL/all,16.8520908626928,,TotalCapture_train,1202
AMASS/train,16.851861242380267,,TotalCapture_train,1198
AMASS/all,16.851861242380267,,TotalCapture_train,1198
ALL/all,16.851861242380267,,TotalCapture_train,1198
AMASS/train,16.848110466862412,,TotalCapture_train,988
AMASS/all,16.848110466862412,,TotalCapture_train,988
ALL/all,16.848110466862412,,TotalCapture_train,988
AMASS/train,16.847452958899883,,TotalCapture_train,203
AMASS/all,16.847452958899883,,TotalCapture_train,203
ALL/all,16.847452958899883,,TotalCapture_train,203
AMASS/train,16.845050656367434,,TotalCapture_train,508
AMASS/all,16.845050656367434,,TotalCapture_train,508
ALL/all,16.845050656367434,,TotalCapture_train,508
AMASS/train,16.843476561386513,,TotalCapture_train,954
AMASS/all,16.843476561386513,,TotalCapture_train,954
ALL/all,16.843476561386513,,TotalCapture_train,954
AMASS/train,16.84213831677863,,TotalCapture_train,1264
AMASS/all,16.84213831677863,,TotalCapture_train,1264
ALL/all,16.84213831677863,,TotalCapture_train,1264
AMASS/train,16.84005251255938,,TotalCapture_train,978
AMASS/all,16.84005251255938,,TotalCapture_train,978
ALL/all,16.84005251255938,,TotalCapture_train,978
AMASS/train,16.839875124195757,,TotalCapture_train,962
AMASS/all,16.839875124195757,,TotalCapture_train,962
ALL/all,16.839875124195757,,TotalCapture_train,962
AMASS/train,16.837557821449252,,TotalCapture_train,1200
AMASS/all,16.837557821449252,,TotalCapture_train,1200
ALL/all,16.837557821449252,,TotalCapture_train,1200
AMASS/train,16.836917160832947,,TotalCapture_train,504
AMASS/all,16.836917160832947,,TotalCapture_train,504
ALL/all,16.836917160832947,,TotalCapture_train,504
AMASS/train,16.834894206967242,,TotalCapture_train,496
AMASS/all,16.834894206967242,,TotalCapture_train,496
ALL/all,16.834894206967242,,TotalCapture_train,496
AMASS/train,16.834279473872307,,TotalCapture_train,242
AMASS/all,16.834279473872307,,TotalCapture_train,242
ALL/all,16.834279473872307,,TotalCapture_train,242
AMASS/train,16.832244671170955,,TotalCapture_train,216
AMASS/all,16.832244671170955,,TotalCapture_train,216
ALL/all,16.832244671170955,,TotalCapture_train,216
AMASS/train,16.831870083818956,,TotalCapture_train,980
AMASS/all,16.831870083818956,,TotalCapture_train,980
ALL/all,16.831870083818956,,TotalCapture_train,980
AMASS/train,16.831855664458928,,TotalCapture_train,494
AMASS/all,16.831855664458928,,TotalCapture_train,494
ALL/all,16.831855664458928,,TotalCapture_train,494
AMASS/train,16.831374071092814,,TotalCapture_train,944
AMASS/all,16.831374071092814,,TotalCapture_train,944
ALL/all,16.831374071092814,,TotalCapture_train,944
AMASS/train,16.829449983535905,,TotalCapture_train,1134
AMASS/all,16.829449983535905,,TotalCapture_train,1134
ALL/all,16.829449983535905,,TotalCapture_train,1134
AMASS/train,16.82656309890977,,TotalCapture_train,303
AMASS/all,16.82656309890977,,TotalCapture_train,303
ALL/all,16.82656309890977,,TotalCapture_train,303
AMASS/train,16.82576801776603,,TotalCapture_train,1238
AMASS/all,16.82576801776603,,TotalCapture_train,1238
ALL/all,16.82576801776603,,TotalCapture_train,1238
AMASS/train,16.825423105669337,,TotalCapture_train,502
AMASS/all,16.825423105669337,,TotalCapture_train,502
ALL/all,16.825423105669337,,TotalCapture_train,502
AMASS/train,16.82409438959333,,TotalCapture_train,1222
AMASS/all,16.82409438959333,,TotalCapture_train,1222
ALL/all,16.82409438959333,,TotalCapture_train,1222
AMASS/train,16.82301455532817,,TotalCapture_train,1262
AMASS/all,16.82301455532817,,TotalCapture_train,1262
ALL/all,16.82301455532817,,TotalCapture_train,1262
AMASS/train,16.821495234053582,,TotalCapture_train,1282
AMASS/all,16.821495234053582,,TotalCapture_train,1282
ALL/all,16.821495234053582,,TotalCapture_train,1282
AMASS/train,16.82108036120326,,TotalCapture_train,952
AMASS/all,16.82108036120326,,TotalCapture_train,952
ALL/all,16.82108036120326,,TotalCapture_train,952
AMASS/train,16.820357250831226,,TotalCapture_train,950
AMASS/all,16.820357250831226,,TotalCapture_train,950
ALL/all,16.820357250831226,,TotalCapture_train,950
AMASS/train,16.819241551141605,,TotalCapture_train,1252
AMASS/all,16.819241551141605,,TotalCapture_train,1252
ALL/all,16.819241551141605,,TotalCapture_train,1252
AMASS/train,16.81848454327993,,TotalCapture_train,228
AMASS/all,16.81848454327993,,TotalCapture_train,228
ALL/all,16.81848454327993,,TotalCapture_train,228
AMASS/train,16.818050405297168,,TotalCapture_train,1210
AMASS/all,16.818050405297168,,TotalCapture_train,1210
ALL/all,16.818050405297168,,TotalCapture_train,1210
AMASS/train,16.817891308919986,,TotalCapture_train,948
AMASS/all,16.817891308919986,,TotalCapture_train,948
ALL/all,16.817891308919986,,TotalCapture_train,948
AMASS/train,16.817341508493595,,TotalCapture_train,498
AMASS/all,16.817341508493595,,TotalCapture_train,498
ALL/all,16.817341508493595,,TotalCapture_train,498
AMASS/train,16.816821423488292,,TotalCapture_train,1194
AMASS/all,16.816821423488292,,TotalCapture_train,1194
ALL/all,16.816821423488292,,TotalCapture_train,1194
AMASS/train,16.8144849370059,,TotalCapture_train,474
AMASS/all,16.8144849370059,,TotalCapture_train,474
ALL/all,16.8144849370059,,TotalCapture_train,474
AMASS/train,16.813853846679194,,TotalCapture_train,946
AMASS/all,16.813853846679194,,TotalCapture_train,946
ALL/all,16.813853846679194,,TotalCapture_train,946
AMASS/train,16.813064347315017,,TotalCapture_train,1196
AMASS/all,16.813064347315017,,TotalCapture_train,1196
ALL/all,16.813064347315017,,TotalCapture_train,1196
AMASS/train,16.808874046060996,,TotalCapture_train,518
AMASS/all,16.808874046060996,,TotalCapture_train,518
ALL/all,16.808874046060996,,TotalCapture_train,518
AMASS/train,16.80677662557344,,TotalCapture_train,986
AMASS/all,16.80677662557344,,TotalCapture_train,986
ALL/all,16.80677662557344,,TotalCapture_train,986
AMASS/train,16.806330370115923,,TotalCapture_train,240
AMASS/all,16.806330370115923,,TotalCapture_train,240
ALL/all,16.806330370115923,,TotalCapture_train,240
AMASS/train,16.805916600085563,,TotalCapture_train,958
AMASS/all,16.805916600085563,,TotalCapture_train,958
ALL/all,16.805916600085563,,TotalCapture_train,958
AMASS/train,16.805264045585425,,TotalCapture_train,1094
AMASS/all,16.805264045585425,,TotalCapture_train,1094
ALL/all,16.805264045585425,,TotalCapture_train,1094
AMASS/train,16.804709206584878,,TotalCapture_train,960
AMASS/all,16.804709206584878,,TotalCapture_train,960
ALL/all,16.804709206584878,,TotalCapture_train,960
AMASS/train,16.803919260087362,,TotalCapture_train,956
AMASS/all,16.803919260087362,,TotalCapture_train,956
ALL/all,16.803919260087362,,TotalCapture_train,956
AMASS/train,16.802959741110282,,TotalCapture_train,220
AMASS/all,16.802959741110282,,TotalCapture_train,220
ALL/all,16.802959741110282,,TotalCapture_train,220
AMASS/train,16.800129864327157,,TotalCapture_train,516
AMASS/all,16.800129864327157,,TotalCapture_train,516
ALL/all,16.800129864327157,,TotalCapture_train,516
AMASS/train,16.796475159487382,,TotalCapture_train,1206
AMASS/all,16.796475159487382,,TotalCapture_train,1206
ALL/all,16.796475159487382,,TotalCapture_train,1206
AMASS/train,16.79624877658502,,TotalCapture_train,1110
AMASS/all,16.79624877658502,,TotalCapture_train,1110
ALL/all,16.79624877658502,,TotalCapture_train,1110
AMASS/train,16.79575860905839,,TotalCapture_train,972
AMASS/all,16.79575860905839,,TotalCapture_train,972
ALL/all,16.79575860905839,,TotalCapture_train,972
AMASS/train,16.795304766971867,,TotalCapture_train,1278
AMASS/all,16.795304766971867,,TotalCapture_train,1278
ALL/all,16.795304766971867,,TotalCapture_train,1278
AMASS/train,16.79430387159298,,TotalCapture_train,420
AMASS/all,16.79430387159298,,TotalCapture_train,420
ALL/all,16.79430387159298,,TotalCapture_train,420
AMASS/train,16.790623791032175,,TotalCapture_train,414
AMASS/all,16.790623791032175,,TotalCapture_train,414
ALL/all,16.790623791032175,,TotalCapture_train,414
AMASS/train,16.78229800651329,,TotalCapture_train,1082
AMASS/all,16.78229800651329,,TotalCapture_train,1082
ALL/all,16.78229800651329,,TotalCapture_train,1082
AMASS/train,16.78098444719869,,TotalCapture_train,488
AMASS/all,16.78098444719869,,TotalCapture_train,488
ALL/all,16.78098444719869,,TotalCapture_train,488
AMASS/train,16.777052822020096,,TotalCapture_train,486
AMASS/all,16.777052822020096,,TotalCapture_train,486
ALL/all,16.777052822020096,,TotalCapture_train,486
AMASS/train,16.775908545083947,,TotalCapture_train,524
AMASS/all,16.775908545083947,,TotalCapture_train,524
ALL/all,16.775908545083947,,TotalCapture_train,524
AMASS/train,16.775465893434546,,TotalCapture_train,522
AMASS/all,16.775465893434546,,TotalCapture_train,522
ALL/all,16.775465893434546,,TotalCapture_train,522
AMASS/train,16.773440298154217,,DIP_train,449
AMASS/all,16.773440298154217,,DIP_train,449
ALL/all,16.773440298154217,,DIP_train,449
AMASS/train,16.770594548799302,,TotalCapture_train,218
AMASS/all,16.770594548799302,,TotalCapture_train,218
ALL/all,16.770594548799302,,TotalCapture_train,218
AMASS/train,16.770590705466528,,TotalCapture_train,520
AMASS/all,16.770590705466528,,TotalCapture_train,520
ALL/all,16.770590705466528,,TotalCapture_train,520
AMASS/train,16.77056663365491,,TotalCapture_train,1280
AMASS/all,16.77056663365491,,TotalCapture_train,1280
ALL/all,16.77056663365491,,TotalCapture_train,1280
AMASS/train,16.76498178234779,,DIP_train,1179
AMASS/all,16.76498178234779,,DIP_train,1179
ALL/all,16.76498178234779,,DIP_train,1179
AMASS/train,16.75863990238776,,TotalCapture_train,625
AMASS/all,16.75863990238776,,TotalCapture_train,625
ALL/all,16.75863990238776,,TotalCapture_train,625
AMASS/train,16.751950943583626,,TotalCapture_train,500
AMASS/all,16.751950943583626,,TotalCapture_train,500
ALL/all,16.751950943583626,,TotalCapture_train,500
AMASS/train,16.749878295104637,,TotalCapture_train,490
AMASS/all,16.749878295104637,,TotalCapture_train,490
ALL/all,16.749878295104637,,TotalCapture_train,490
AMASS/train,16.73554817422988,,TotalCapture_train,412
AMASS/all,16.73554817422988,,TotalCapture_train,412
ALL/all,16.73554817422988,,TotalCapture_train,412
AMASS/train,16.731968706378726,,TotalCapture_train,484
AMASS/all,16.731968706378726,,TotalCapture_train,484
ALL/all,16.731968706378726,,TotalCapture_train,484
AMASS/train,16.73038066903471,,TotalCapture_train,1258
AMASS/all,16.73038066903471,,TotalCapture_train,1258
ALL/all,16.73038066903471,,TotalCapture_train,1258
AMASS/train,16.72592555014652,,TotalCapture_train,492
AMASS/all,16.72592555014652,,TotalCapture_train,492
ALL/all,16.72592555014652,,TotalCapture_train,492
AMASS/train,16.725675021698613,,DIP_train,1115
AMASS/all,16.725675021698613,,DIP_train,1115
ALL/all,16.725675021698613,,DIP_train,1115
AMASS/train,16.700202846198145,,TotalCapture_train,49
AMASS/all,16.700202846198145,,TotalCapture_train,49
ALL/all,16.700202846198145,,TotalCapture_train,49
AMASS/train,16.69504440125458,,TotalCapture_train,605
AMASS/all,16.69504440125458,,TotalCapture_train,605
ALL/all,16.69504440125458,,TotalCapture_train,605
AMASS/train,16.675408564250457,,TotalCapture_train,747
AMASS/all,16.675408564250457,,TotalCapture_train,747
ALL/all,16.675408564250457,,TotalCapture_train,747
AMASS/train,16.673406867072792,,DIP_train,1013
AMASS/all,16.673406867072792,,DIP_train,1013
ALL/all,16.673406867072792,,DIP_train,1013
AMASS/train,16.672680376249787,,TotalCapture_train,1100
AMASS/all,16.672680376249787,,TotalCapture_train,1100
ALL/all,16.672680376249787,,TotalCapture_train,1100
AMASS/train,16.67002135928036,,DIP_train,155
AMASS/all,16.67002135928036,,DIP_train,155
ALL/all,16.67002135928036,,DIP_train,155
AMASS/train,16.628907155195712,,TotalCapture_train,405
AMASS/all,16.628907155195712,,TotalCapture_train,405
ALL/all,16.628907155195712,,TotalCapture_train,405
ALL/all,16.602165175142225,,TotalCapture_train,1326
DIP/train,16.602165175142225,,TotalCapture_train,28
DIP/all,16.602165175142225,,TotalCapture_train,28
AMASS/train,16.59022056402191,,DIP_train,49
AMASS/all,16.59022056402191,,DIP_train,49
ALL/all,16.59022056402191,,DIP_train,49
AMASS/train,16.589206450009318,,DIP_train,387
AMASS/all,16.589206450009318,,DIP_train,387
ALL/all,16.589206450009318,,DIP_train,387
AMASS/train,16.583765805589145,,TotalCapture_train,1217
AMASS/all,16.583765805589145,,TotalCapture_train,1217
ALL/all,16.583765805589145,,TotalCapture_train,1217
AMASS/train,16.580683593421597,,TotalCapture_train,1211
AMASS/all,16.580683593421597,,TotalCapture_train,1211
ALL/all,16.580683593421597,,TotalCapture_train,1211
AMASS/train,16.567624282602356,,TotalCapture_train,1190
AMASS/all,16.567624282602356,,TotalCapture_train,1190
ALL/all,16.567624282602356,,TotalCapture_train,1190
AMASS/train,16.51744374330745,,DIP_train,1025
AMASS/all,16.51744374330745,,DIP_train,1025
ALL/all,16.51744374330745,,DIP_train,1025
AMASS/train,16.51501959970472,,DIP_train,235
AMASS/all,16.51501959970472,,DIP_train,235
ALL/all,16.51501959970472,,DIP_train,235
ALL/all,16.514102580424026,,TotalCapture_train,1325
DIP/train,16.514102580424026,,TotalCapture_train,27
DIP/all,16.514102580424026,,TotalCapture_train,27
AMASS/train,16.470698260884554,,TotalCapture_train,993
AMASS/all,16.470698260884554,,TotalCapture_train,993
ALL/all,16.470698260884554,,TotalCapture_train,993
AMASS/train,16.465445150106042,,DIP_train,281
AMASS/all,16.465445150106042,,DIP_train,281
ALL/all,16.465445150106042,,DIP_train,281
AMASS/train,16.45690207799946,,DIP_train,875
AMASS/all,16.45690207799946,,DIP_train,875
ALL/all,16.45690207799946,,DIP_train,875
ALL/all,16.447262414992473,,TotalCapture_train,1345
DIP/all,16.447262414992473,,TotalCapture_train,47
DIP/test,16.447262414992473,,TotalCapture_train,5
AMASS/train,16.417964739917867,,DIP_train,83
AMASS/all,16.417964739917867,,DIP_train,83
ALL/all,16.417964739917867,,DIP_train,83
AMASS/train,16.407354853971423,,DIP_train,1051
AMASS/all,16.407354853971423,,DIP_train,1051
ALL/all,16.407354853971423,,DIP_train,1051
AMASS/train,16.40241637711343,,DIP_train,173
AMASS/all,16.40241637711343,,DIP_train,173
ALL/all,16.40241637711343,,DIP_train,173
AMASS/train,16.39423923187713,,TotalCapture_train,559
AMASS/all,16.39423923187713,,TotalCapture_train,559
ALL/all,16.39423923187713,,TotalCapture_train,559
AMASS/train,16.386132902748326,,TotalCapture_train,35
AMASS/all,16.386132902748326,,TotalCapture_train,35
ALL/all,16.386132902748326,,TotalCapture_train,35
AMASS/train,16.36430467889883,,TotalCapture_train,95
AMASS/all,16.36430467889883,,TotalCapture_train,95
ALL/all,16.36430467889883,,TotalCapture_train,95
AMASS/train,16.362151062973943,,TotalCapture_train,935
AMASS/all,16.362151062973943,,TotalCapture_train,935
ALL/all,16.362151062973943,,TotalCapture_train,935
AMASS/train,16.328931775946312,,DIP_train,859
AMASS/all,16.328931775946312,,DIP_train,859
ALL/all,16.328931775946312,,DIP_train,859
AMASS/train,16.310337875231777,,DIP_train,419
AMASS/all,16.310337875231777,,DIP_train,419
ALL/all,16.310337875231777,,DIP_train,419
AMASS/train,16.301823080688006,,DIP_train,775
AMASS/all,16.301823080688006,,DIP_train,775
ALL/all,16.301823080688006,,DIP_train,775
AMASS/train,16.28880147728018,,DIP_train,783
AMASS/all,16.28880147728018,,DIP_train,783
ALL/all,16.28880147728018,,DIP_train,783
ALL/all,16.271294728441788,,TotalCapture_train,1328
DIP/train,16.271294728441788,,TotalCapture_train,30
DIP/all,16.271294728441788,,TotalCapture_train,30
AMASS/train,16.228833784800333,,DIP_train,1225
AMASS/all,16.228833784800333,,DIP_train,1225
ALL/all,16.228833784800333,,DIP_train,1225
AMASS/train,16.2278058031619,,DIP_train,987
AMASS/all,16.2278058031619,,DIP_train,987
ALL/all,16.2278058031619,,DIP_train,987
ALL/all,16.216505570079534,,TotalCapture_train,1346
DIP/all,16.216505570079534,,TotalCapture_train,48
DIP/test,16.216505570079534,,TotalCapture_train,6
AMASS/train,16.20633776167037,,DIP_train,339
AMASS/all,16.20633776167037,,DIP_train,339
ALL/all,16.20633776167037,,DIP_train,339
AMASS/train,16.186799767762338,,DIP_train,143
AMASS/all,16.186799767762338,,DIP_train,143
ALL/all,16.186799767762338,,DIP_train,143
AMASS/train,16.181287238087624,,DIP_train,275
AMASS/all,16.181287238087624,,DIP_train,275
ALL/all,16.181287238087624,,DIP_train,275
AMASS/train,16.16556895623345,,DIP_train,735
AMASS/all,16.16556895623345,,DIP_train,735
ALL/all,16.16556895623345,,DIP_train,735
AMASS/train,16.16432928179586,,TotalCapture_train,1021
AMASS/all,16.16432928179586,,TotalCapture_train,1021
ALL/all,16.16432928179586,,TotalCapture_train,1021
AMASS/train,16.158014010991923,,TotalCapture_train,107
AMASS/all,16.158014010991923,,TotalCapture_train,107
ALL/all,16.158014010991923,,TotalCapture_train,107
AMASS/train,16.15660709907217,,TotalCapture_train,849
AMASS/all,16.15660709907217,,TotalCapture_train,849
ALL/all,16.15660709907217,,TotalCapture_train,849
AMASS/train,16.156332459856458,,TotalCapture_train,167
AMASS/all,16.156332459856458,,TotalCapture_train,167
ALL/all,16.156332459856458,,TotalCapture_train,167
AMASS/train,16.15353454412385,,TotalCapture_train,901
AMASS/all,16.15353454412385,,TotalCapture_train,901
ALL/all,16.15353454412385,,TotalCapture_train,901
ALL/all,16.1488781358597,,TotalCapture_train,1400
TotalCapture/all,16.1488781358597,,TotalCapture_train,41
TotalCapture/test,16.1488781358597,,TotalCapture_train,0
AMASS/train,16.136571544299283,,TotalCapture_train,433
AMASS/all,16.136571544299283,,TotalCapture_train,433
ALL/all,16.136571544299283,,TotalCapture_train,433
AMASS/train,16.136376289981403,,TotalCapture_train,1079
AMASS/all,16.136376289981403,,TotalCapture_train,1079
ALL/all,16.136376289981403,,TotalCapture_train,1079
AMASS/train,16.0852252829928,,DIP_train,371
AMASS/all,16.0852252829928,,DIP_train,371
ALL/all,16.0852252829928,,DIP_train,371
AMASS/train,16.082617021278935,,DIP_train,291
AMASS/all,16.082617021278935,,DIP_train,291
ALL/all,16.082617021278935,,DIP_train,291
AMASS/train,16.072889325133158,,DIP_train,229
AMASS/all,16.072889325133158,,DIP_train,229
ALL/all,16.072889325133158,,DIP_train,229
AMASS/train,16.067087635017984,,TotalCapture_train,265
AMASS/all,16.067087635017984,,TotalCapture_train,265
ALL/all,16.067087635017984,,TotalCapture_train,265
AMASS/train,16.05131689542943,,DIP_train,557
AMASS/all,16.05131689542943,,DIP_train,557
ALL/all,16.05131689542943,,DIP_train,557
AMASS/train,16.03558515466432,,TotalCapture_train,1263
AMASS/all,16.03558515466432,,TotalCapture_train,1263
ALL/all,16.03558515466432,,TotalCapture_train,1263
AMASS/train,16.02798553348775,,DIP_train,981
AMASS/all,16.02798553348775,,DIP_train,981
ALL/all,16.02798553348775,,DIP_train,981
AMASS/train,15.983411415141127,,DIP_train,895
AMASS/all,15.983411415141127,,DIP_train,895
ALL/all,15.983411415141127,,DIP_train,895
AMASS/train,15.947920875941662,,DIP_train,1131
AMASS/all,15.947920875941662,,DIP_train,1131
ALL/all,15.947920875941662,,DIP_train,1131
AMASS/train,15.943003348977985,,DIP_train,491
AMASS/all,15.943003348977985,,DIP_train,491
ALL/all,15.943003348977985,,DIP_train,491
AMASS/train,15.937399494173503,,DIP_train,1065
AMASS/all,15.937399494173503,,DIP_train,1065
ALL/all,15.937399494173503,,DIP_train,1065
AMASS/train,15.936730296325324,,DIP_train,99
AMASS/all,15.936730296325324,,DIP_train,99
ALL/all,15.936730296325324,,DIP_train,99
AMASS/train,15.925514387474186,,TotalCapture_train,871
AMASS/all,15.925514387474186,,TotalCapture_train,871
ALL/all,15.925514387474186,,TotalCapture_train,871
AMASS/train,15.909045362420489,,TotalCapture_train,1
AMASS/all,15.909045362420489,,TotalCapture_train,1
ALL/all,15.909045362420489,,TotalCapture_train,1
AMASS/train,15.892447876339572,,TotalCapture_train,155
AMASS/all,15.892447876339572,,TotalCapture_train,155
ALL/all,15.892447876339572,,TotalCapture_train,155
AMASS/train,15.87926651097953,,DIP_train,487
AMASS/all,15.87926651097953,,DIP_train,487
ALL/all,15.87926651097953,,DIP_train,487
AMASS/train,15.861518840382129,,DIP_train,703
AMASS/all,15.861518840382129,,DIP_train,703
ALL/all,15.861518840382129,,DIP_train,703
AMASS/train,15.853900825702151,,TotalCapture_train,357
AMASS/all,15.853900825702151,,TotalCapture_train,357
ALL/all,15.853900825702151,,TotalCapture_train,357
AMASS/train,15.851016057247982,,DIP_train,649
AMASS/all,15.851016057247982,,DIP_train,649
ALL/all,15.851016057247982,,DIP_train,649
AMASS/train,15.843999569876022,,DIP_train,595
AMASS/all,15.843999569876022,,DIP_train,595
ALL/all,15.843999569876022,,DIP_train,595
AMASS/train,15.822510736070184,,DIP_train,1259
AMASS/all,15.822510736070184,,DIP_train,1259
ALL/all,15.822510736070184,,DIP_train,1259
AMASS/train,15.808324681404894,,TotalCapture_train,313
AMASS/all,15.808324681404894,,TotalCapture_train,313
ALL/all,15.808324681404894,,TotalCapture_train,313
AMASS/train,15.804602731507819,,DIP_train,545
AMASS/all,15.804602731507819,,DIP_train,545
ALL/all,15.804602731507819,,DIP_train,545
AMASS/train,15.79683687345489,,DIP_train,633
AMASS/all,15.79683687345489,,DIP_train,633
ALL/all,15.79683687345489,,DIP_train,633
AMASS/train,15.791814691874206,,DIP_train,57
AMASS/all,15.791814691874206,,DIP_train,57
ALL/all,15.791814691874206,,DIP_train,57
AMASS/train,15.77720357561106,,DIP_train,521
AMASS/all,15.77720357561106,,DIP_train,521
ALL/all,15.77720357561106,,DIP_train,521
AMASS/train,15.763072973002279,,DIP_train,1213
AMASS/all,15.763072973002279,,DIP_train,1213
ALL/all,15.763072973002279,,DIP_train,1213
ALL/all,15.759418310760283,,TotalCapture_train,1336
DIP/all,15.759418310760283,,TotalCapture_train,38
DIP/val,15.759418310760283,,TotalCapture_train,2
AMASS/train,15.737019353862093,,DIP_train,639
AMASS/all,15.737019353862093,,DIP_train,639
ALL/all,15.737019353862093,,DIP_train,639
AMASS/train,15.730218027460289,,DIP_train,615
AMASS/all,15.730218027460289,,DIP_train,615
ALL/all,15.730218027460289,,DIP_train,615
ALL/all,15.693373157168896,,TotalCapture_train,1314
DIP/train,15.693373157168896,,TotalCapture_train,16
DIP/all,15.693373157168896,,TotalCapture_train,16
AMASS/train,15.643460404057619,,DIP_train,223
AMASS/all,15.643460404057619,,DIP_train,223
ALL/all,15.643460404057619,,DIP_train,223
AMASS/train,15.627331056997816,,TotalCapture_train,243
AMASS/all,15.627331056997816,,TotalCapture_train,243
ALL/all,15.627331056997816,,TotalCapture_train,243
AMASS/train,15.623356364816512,,DIP_train,523
AMASS/all,15.623356364816512,,DIP_train,523
ALL/all,15.623356364816512,,DIP_train,523
AMASS/train,15.612052012440172,,TotalCapture_train,1033
AMASS/all,15.612052012440172,,TotalCapture_train,1033
ALL/all,15.612052012440172,,TotalCapture_train,1033
AMASS/train,15.611104272920606,,DIP_train,345
AMASS/all,15.611104272920606,,DIP_train,345
ALL/all,15.611104272920606,,DIP_train,345
AMASS/train,15.60941685209157,,TotalCapture_train,961
AMASS/all,15.60941685209157,,TotalCapture_train,961
ALL/all,15.60941685209157,,TotalCapture_train,961
ALL/all,15.600599110358885,,TotalCapture_train,1306
DIP/train,15.600599110358885,,TotalCapture_train,8
DIP/all,15.600599110358885,,TotalCapture_train,8
AMASS/train,15.597400562064774,,DIP_train,903
AMASS/all,15.597400562064774,,DIP_train,903
ALL/all,15.597400562064774,,DIP_train,903
AMASS/train,15.559324938627588,,DIP_train,101
AMASS/all,15.559324938627588,,DIP_train,101
ALL/all,15.559324938627588,,DIP_train,101
AMASS/train,15.52543749624162,,TotalCapture_train,753
AMASS/all,15.52543749624162,,TotalCapture_train,753
ALL/all,15.52543749624162,,TotalCapture_train,753
AMASS/train,15.517713727912996,,DIP_train,717
AMASS/all,15.517713727912996,,DIP_train,717
ALL/all,15.517713727912996,,DIP_train,717
ALL/all,15.514491092359531,,TotalCapture_train,1352
DIP/all,15.514491092359531,,TotalCapture_train,54
DIP/test,15.514491092359531,,TotalCapture_train,12
AMASS/train,15.496965268680242,,TotalCapture_train,1087
AMASS/all,15.496965268680242,,TotalCapture_train,1087
ALL/all,15.496965268680242,,TotalCapture_train,1087
AMASS/train,15.479538322295271,,TotalCapture_train,1283
AMASS/all,15.479538322295271,,TotalCapture_train,1283
ALL/all,15.479538322295271,,TotalCapture_train,1283
AMASS/train,15.473621411233244,,DIP_train,399
AMASS/all,15.473621411233244,,DIP_train,399
ALL/all,15.473621411233244,,DIP_train,399
AMASS/train,15.442695864019306,,DIP_train,1275
AMASS/all,15.442695864019306,,DIP_train,1275
ALL/all,15.442695864019306,,DIP_train,1275
AMASS/train,15.436078090369385,,DIP_train,149
AMASS/all,15.436078090369385,,DIP_train,149
ALL/all,15.436078090369385,,DIP_train,149
AMASS/train,15.384244562974203,,DIP_train,479
AMASS/all,15.384244562974203,,DIP_train,479
ALL/all,15.384244562974203,,DIP_train,479
AMASS/train,15.375857168314274,,DIP_train,377
AMASS/all,15.375857168314274,,DIP_train,377
ALL/all,15.375857168314274,,DIP_train,377
AMASS/train,15.348792452416973,,DIP_train,1
AMASS/all,15.348792452416973,,DIP_train,1
ALL/all,15.348792452416973,,DIP_train,1
AMASS/train,15.327396647608525,,DIP_train,1121
AMASS/all,15.327396647608525,,DIP_train,1121
ALL/all,15.327396647608525,,DIP_train,1121
AMASS/train,15.319381838218053,,DIP_train,701
AMASS/all,15.319381838218053,,DIP_train,701
ALL/all,15.319381838218053,,DIP_train,701
AMASS/train,15.317489668661949,,DIP_train,59
AMASS/all,15.317489668661949,,DIP_train,59
ALL/all,15.317489668661949,,DIP_train,59
AMASS/train,15.310452429815015,,DIP_train,1045
AMASS/all,15.310452429815015,,DIP_train,1045
ALL/all,15.310452429815015,,DIP_train,1045
AMASS/train,15.307709804390106,,DIP_train,897
AMASS/all,15.307709804390106,,DIP_train,897
ALL/all,15.307709804390106,,DIP_train,897
AMASS/train,15.290366125305773,,DIP_train,671
AMASS/all,15.290366125305773,,DIP_train,671
ALL/all,15.290366125305773,,DIP_train,671
AMASS/train,15.275736310002433,,DIP_train,1023
AMASS/all,15.275736310002433,,DIP_train,1023
ALL/all,15.275736310002433,,DIP_train,1023
AMASS/train,15.273006841908478,,DIP_train,705
AMASS/all,15.273006841908478,,DIP_train,705
ALL/all,15.273006841908478,,DIP_train,705
AMASS/train,15.259019828949674,,DIP_train,383
AMASS/all,15.259019828949674,,DIP_train,383
ALL/all,15.259019828949674,,DIP_train,383
AMASS/train,15.254342716890333,,DIP_train,129
AMASS/all,15.254342716890333,,DIP_train,129
ALL/all,15.254342716890333,,DIP_train,129
AMASS/train,15.252495673641556,,DIP_train,297
AMASS/all,15.252495673641556,,DIP_train,297
ALL/all,15.252495673641556,,DIP_train,297
AMASS/train,15.244858831429914,,DIP_train,525
AMASS/all,15.244858831429914,,DIP_train,525
ALL/all,15.244858831429914,,DIP_train,525
AMASS/train,15.24352891054618,,DIP_train,127
AMASS/all,15.24352891054618,,DIP_train,127
ALL/all,15.24352891054618,,DIP_train,127
AMASS/train,15.238014264154971,,DIP_train,31
AMASS/all,15.238014264154971,,DIP_train,31
ALL/all,15.238014264154971,,DIP_train,31
ALL/all,15.229841394912235,,TotalCapture_train,1308
DIP/train,15.229841394912235,,TotalCapture_train,10
DIP/all,15.229841394912235,,TotalCapture_train,10
AMASS/train,15.229229926392883,,DIP_train,1079
AMASS/all,15.229229926392883,,DIP_train,1079
ALL/all,15.229229926392883,,DIP_train,1079
AMASS/train,15.220320919682598,,DIP_train,1269
AMASS/all,15.220320919682598,,DIP_train,1269
ALL/all,15.220320919682598,,DIP_train,1269
AMASS/train,15.218827083114066,,DIP_train,249
AMASS/all,15.218827083114066,,DIP_train,249
ALL/all,15.218827083114066,,DIP_train,249
AMASS/train,15.216267574813074,,TotalCapture_train,1195
AMASS/all,15.216267574813074,,TotalCapture_train,1195
ALL/all,15.216267574813074,,TotalCapture_train,1195
AMASS/train,15.216140331078824,,DIP_train,1043
AMASS/all,15.216140331078824,,DIP_train,1043
ALL/all,15.216140331078824,,DIP_train,1043
AMASS/train,15.197054771286162,,DIP_train,305
AMASS/all,15.197054771286162,,DIP_train,305
ALL/all,15.197054771286162,,DIP_train,305
AMASS/train,15.167468738500041,,DIP_train,63
AMASS/all,15.167468738500041,,DIP_train,63
ALL/all,15.167468738500041,,DIP_train,63
AMASS/train,15.158911356403062,,DIP_train,1059
AMASS/all,15.158911356403062,,DIP_train,1059
ALL/all,15.158911356403062,,DIP_train,1059
AMASS/train,15.153007529267212,,DIP_train,1231
AMASS/all,15.153007529267212,,DIP_train,1231
ALL/all,15.153007529267212,,DIP_train,1231
AMASS/train,15.130694081274587,,DIP_train,7
AMASS/all,15.130694081274587,,DIP_train,7
ALL/all,15.130694081274587,,DIP_train,7
AMASS/train,15.124393676290536,,DIP_train,811
AMASS/all,15.124393676290536,,DIP_train,811
ALL/all,15.124393676290536,,DIP_train,811
AMASS/train,15.11343888050631,,DIP_train,873
AMASS/all,15.11343888050631,,DIP_train,873
ALL/all,15.11343888050631,,DIP_train,873
AMASS/train,15.102538213350543,,DIP_train,117
AMASS/all,15.102538213350543,,DIP_train,117
ALL/all,15.102538213350543,,DIP_train,117
ALL/all,15.095504334229517,,TotalCapture_train,1402
TotalCapture/all,15.095504334229517,,TotalCapture_train,43
TotalCapture/test,15.095504334229517,,TotalCapture_train,2
ALL/all,15.090535519518586,,TotalCapture_train,1320
DIP/train,15.090535519518586,,TotalCapture_train,22
DIP/all,15.090535519518586,,TotalCapture_train,22
AMASS/train,15.062494674741016,,DIP_train,603
AMASS/all,15.062494674741016,,DIP_train,603
ALL/all,15.062494674741016,,DIP_train,603
AMASS/train,15.041108877506645,,TotalCapture_train,817
AMASS/all,15.041108877506645,,TotalCapture_train,817
ALL/all,15.041108877506645,,TotalCapture_train,817
AMASS/train,15.007626497656144,,DIP_train,45
AMASS/all,15.007626497656144,,DIP_train,45
ALL/all,15.007626497656144,,DIP_train,45
AMASS/train,15.00145659728988,,DIP_train,413
AMASS/all,15.00145659728988,,DIP_train,413
ALL/all,15.00145659728988,,DIP_train,413
AMASS/train,14.996694719221237,,DIP_train,1219
AMASS/all,14.996694719221237,,DIP_train,1219
ALL/all,14.996694719221237,,DIP_train,1219
AMASS/train,14.995256252376526,,DIP_train,1157
AMASS/all,14.995256252376526,,DIP_train,1157
ALL/all,14.995256252376526,,DIP_train,1157
AMASS/train,14.959635029432773,,DIP_train,1295
AMASS/all,14.959635029432773,,DIP_train,1295
ALL/all,14.959635029432773,,DIP_train,1295
AMASS/train,14.952905007752411,,DIP_train,245
AMASS/all,14.952905007752411,,DIP_train,245
ALL/all,14.952905007752411,,DIP_train,245
AMASS/train,14.940394866076355,,DIP_train,187
AMASS/all,14.940394866076355,,DIP_train,187
ALL/all,14.940394866076355,,DIP_train,187
AMASS/train,14.937411961658695,,DIP_train,539
AMASS/all,14.937411961658695,,DIP_train,539
ALL/all,14.937411961658695,,DIP_train,539
AMASS/train,14.925433838612177,,TotalCapture_train,287
AMASS/all,14.925433838612177,,TotalCapture_train,287
ALL/all,14.925433838612177,,TotalCapture_train,287
AMASS/train,14.91743190898894,,DIP_train,201
AMASS/all,14.91743190898894,,DIP_train,201
ALL/all,14.91743190898894,,DIP_train,201
AMASS/train,14.900757118400277,,DIP_train,169
AMASS/all,14.900757118400277,,DIP_train,169
ALL/all,14.900757118400277,,DIP_train,169
AMASS/train,14.895886414694148,,DIP_train,861
AMASS/all,14.895886414694148,,DIP_train,861
ALL/all,14.895886414694148,,DIP_train,861
AMASS/train,14.890792224975026,,DIP_train,699
AMASS/all,14.890792224975026,,DIP_train,699
ALL/all,14.890792224975026,,DIP_train,699
AMASS/train,14.87993134380652,,TotalCapture_train,3
AMASS/all,14.87993134380652,,TotalCapture_train,3
ALL/all,14.87993134380652,,TotalCapture_train,3
AMASS/train,14.87826188494058,,DIP_train,1199
AMASS/all,14.87826188494058,,DIP_train,1199
ALL/all,14.87826188494058,,DIP_train,1199
AMASS/train,14.857772322093082,,DIP_train,909
AMASS/all,14.857772322093082,,DIP_train,909
ALL/all,14.857772322093082,,DIP_train,909
AMASS/train,14.847796556935,,DIP_train,975
AMASS/all,14.847796556935,,DIP_train,975
ALL/all,14.847796556935,,DIP_train,975
AMASS/train,14.843358394417818,,DIP_train,583
AMASS/all,14.843358394417818,,DIP_train,583
ALL/all,14.843358394417818,,DIP_train,583
AMASS/train,14.834099271667462,,DIP_train,199
AMASS/all,14.834099271667462,,DIP_train,199
ALL/all,14.834099271667462,,DIP_train,199
AMASS/train,14.831221958502992,,DIP_train,989
AMASS/all,14.831221958502992,,DIP_train,989
ALL/all,14.831221958502992,,DIP_train,989
AMASS/train,14.827954114555657,,TotalCapture_train,399
AMASS/all,14.827954114555657,,TotalCapture_train,399
ALL/all,14.827954114555657,,TotalCapture_train,399
AMASS/train,14.8278799803783,,DIP_train,411
AMASS/all,14.8278799803783,,DIP_train,411
ALL/all,14.8278799803783,,DIP_train,411
AMASS/train,14.81702507184102,,DIP_train,285
AMASS/all,14.81702507184102,,DIP_train,285
ALL/all,14.81702507184102,,DIP_train,285
AMASS/train,14.809328531693316,,TotalCapture_train,939
AMASS/all,14.809328531693316,,TotalCapture_train,939
ALL/all,14.809328531693316,,TotalCapture_train,939
AMASS/train,14.792099984521993,,TotalCapture_train,795
AMASS/all,14.792099984521993,,TotalCapture_train,795
ALL/all,14.792099984521993,,TotalCapture_train,795
ALL/all,14.791547846656279,,DIP_train,1360
TotalCapture/train,14.791547846656279,,DIP_train,1
TotalCapture/all,14.791547846656279,,DIP_train,1
AMASS/train,14.78979140280202,,DIP_train,67
AMASS/all,14.78979140280202,,DIP_train,67
ALL/all,14.78979140280202,,DIP_train,67
AMASS/train,14.751498708260241,,DIP_train,685
AMASS/all,14.751498708260241,,DIP_train,685
ALL/all,14.751498708260241,,DIP_train,685
AMASS/train,14.745743447666241,,DIP_train,311
AMASS/all,14.745743447666241,,DIP_train,311
ALL/all,14.745743447666241,,DIP_train,311
AMASS/train,14.732831253574114,,DIP_train,1061
AMASS/all,14.732831253574114,,DIP_train,1061
ALL/all,14.732831253574114,,DIP_train,1061
AMASS/train,14.7176365336118,,DIP_train,1249
AMASS/all,14.7176365336118,,DIP_train,1249
ALL/all,14.7176365336118,,DIP_train,1249
AMASS/train,14.708912219626107,,DIP_train,819
AMASS/all,14.708912219626107,,DIP_train,819
ALL/all,14.708912219626107,,DIP_train,819
AMASS/train,14.687348479636395,,DIP_train,919
AMASS/all,14.687348479636395,,DIP_train,919
ALL/all,14.687348479636395,,DIP_train,919
AMASS/train,14.676795643351483,,DIP_train,1099
AMASS/all,14.676795643351483,,DIP_train,1099
ALL/all,14.676795643351483,,DIP_train,1099
AMASS/train,14.66967557279744,,DIP_train,1255
AMASS/all,14.66967557279744,,DIP_train,1255
ALL/all,14.66967557279744,,DIP_train,1255
AMASS/train,14.666555245570699,,DIP_train,167
AMASS/all,14.666555245570699,,DIP_train,167
ALL/all,14.666555245570699,,DIP_train,167
AMASS/train,14.664791186664097,,TotalCapture_train,379
AMASS/all,14.664791186664097,,TotalCapture_train,379
ALL/all,14.664791186664097,,TotalCapture_train,379
AMASS/train,14.64695774837602,,DIP_train,801
AMASS/all,14.64695774837602,,DIP_train,801
ALL/all,14.64695774837602,,DIP_train,801
AMASS/train,14.633955171063254,,DIP_train,251
AMASS/all,14.633955171063254,,DIP_train,251
ALL/all,14.633955171063254,,DIP_train,251
AMASS/train,14.632651272943829,,TotalCapture_train,837
AMASS/all,14.632651272943829,,TotalCapture_train,837
ALL/all,14.632651272943829,,TotalCapture_train,837
AMASS/train,14.62506649283262,,DIP_train,823
AMASS/all,14.62506649283262,,DIP_train,823
ALL/all,14.62506649283262,,DIP_train,823
AMASS/train,14.614380886413105,,DIP_train,955
AMASS/all,14.614380886413105,,DIP_train,955
ALL/all,14.614380886413105,,DIP_train,955
AMASS/train,14.61389120777871,,DIP_train,133
AMASS/all,14.61389120777871,,DIP_train,133
ALL/all,14.61389120777871,,DIP_train,133
AMASS/train,14.61107399314905,,DIP_train,581
AMASS/all,14.61107399314905,,DIP_train,581
ALL/all,14.61107399314905,,DIP_train,581
ALL/all,14.610707573412071,,TotalCapture_train,1331
DIP/train,14.610707573412071,,TotalCapture_train,33
DIP/all,14.610707573412071,,TotalCapture_train,33
AMASS/train,14.606361445923783,,TotalCapture_train,27
AMASS/all,14.606361445923783,,TotalCapture_train,27
ALL/all,14.606361445923783,,TotalCapture_train,27
AMASS/train,14.602497842454541,,DIP_train,273
AMASS/all,14.602497842454541,,DIP_train,273
ALL/all,14.602497842454541,,DIP_train,273
AMASS/train,14.59936872197886,,DIP_train,1291
AMASS/all,14.59936872197886,,DIP_train,1291
ALL/all,14.59936872197886,,DIP_train,1291
AMASS/train,14.588899420891638,,DIP_train,1149
AMASS/all,14.588899420891638,,DIP_train,1149
ALL/all,14.588899420891638,,DIP_train,1149
AMASS/train,14.583330995076837,,DIP_train,467
AMASS/all,14.583330995076837,,DIP_train,467
ALL/all,14.583330995076837,,DIP_train,467
ALL/all,14.567149133276374,,DIP_train,1397
TotalCapture/all,14.567149133276374,,DIP_train,38
TotalCapture/val,14.567149133276374,,DIP_train,2
AMASS/train,14.56079651046826,,DIP_train,563
AMASS/all,14.56079651046826,,DIP_train,563
ALL/all,14.56079651046826,,DIP_train,563
AMASS/train,14.539912058188483,,DIP_train,957
AMASS/all,14.539912058188483,,DIP_train,957
ALL/all,14.539912058188483,,DIP_train,957
AMASS/train,14.534472399057876,,DIP_train,591
AMASS/all,14.534472399057876,,DIP_train,591
ALL/all,14.534472399057876,,DIP_train,591
AMASS/train,14.512182347469214,,DIP_train,1047
AMASS/all,14.512182347469214,,DIP_train,1047
ALL/all,14.512182347469214,,DIP_train,1047
AMASS/train,14.503377218418322,,DIP_train,373
AMASS/all,14.503377218418322,,DIP_train,373
ALL/all,14.503377218418322,,DIP_train,373
AMASS/train,14.493133947985426,,DIP_train,1253
AMASS/all,14.493133947985426,,DIP_train,1253
ALL/all,14.493133947985426,,DIP_train,1253
AMASS/train,14.487538438699335,,DIP_train,1273
AMASS/all,14.487538438699335,,DIP_train,1273
ALL/all,14.487538438699335,,DIP_train,1273
AMASS/train,14.44156527691718,,DIP_train,1063
AMASS/all,14.44156527691718,,DIP_train,1063
ALL/all,14.44156527691718,,DIP_train,1063
AMASS/train,14.440266608451074,,DIP_train,931
AMASS/all,14.440266608451074,,DIP_train,931
ALL/all,14.440266608451074,,DIP_train,931
AMASS/train,14.420594069539732,,DIP_train,695
AMASS/all,14.420594069539732,,DIP_train,695
ALL/all,14.420594069539732,,DIP_train,695
AMASS/train,14.411170003062397,,DIP_train,527
AMASS/all,14.411170003062397,,DIP_train,527
ALL/all,14.411170003062397,,DIP_train,527
AMASS/train,14.399988802195022,,DIP_train,711
AMASS/all,14.399988802195022,,DIP_train,711
ALL/all,14.399988802195022,,DIP_train,711
AMASS/train,14.368224460195616,,DIP_train,335
AMASS/all,14.368224460195616,,DIP_train,335
ALL/all,14.368224460195616,,DIP_train,335
AMASS/train,14.36503713941937,,DIP_train,519
AMASS/all,14.36503713941937,,DIP_train,519
ALL/all,14.36503713941937,,DIP_train,519
ALL/all,14.35857134082051,,TotalCapture_train,1341
DIP/all,14.35857134082051,,TotalCapture_train,43
DIP/test,14.35857134082051,,TotalCapture_train,1
ALL/all,14.355492064171553,,TotalCapture_train,1350
DIP/all,14.355492064171553,,TotalCapture_train,52
DIP/test,14.355492064171553,,TotalCapture_train,10
AMASS/train,14.342847504806626,,DIP_train,197
AMASS/all,14.342847504806626,,DIP_train,197
ALL/all,14.342847504806626,,DIP_train,197
AMASS/train,14.334772510238787,,DIP_train,1077
AMASS/all,14.334772510238787,,DIP_train,1077
ALL/all,14.334772510238787,,DIP_train,1077
AMASS/train,14.32091274933734,,DIP_train,431
AMASS/all,14.32091274933734,,DIP_train,431
ALL/all,14.32091274933734,,DIP_train,431
AMASS/train,14.263971047340455,,DIP_train,593
AMASS/all,14.263971047340455,,DIP_train,593
ALL/all,14.263971047340455,,DIP_train,593
AMASS/train,14.256267300411167,,DIP_train,1207
AMASS/all,14.256267300411167,,DIP_train,1207
ALL/all,14.256267300411167,,DIP_train,1207
AMASS/train,14.24414098065605,,DIP_train,625
AMASS/all,14.24414098065605,,DIP_train,625
ALL/all,14.24414098065605,,DIP_train,625
AMASS/train,14.210620429583571,,TotalCapture_train,1179
AMASS/all,14.210620429583571,,TotalCapture_train,1179
ALL/all,14.210620429583571,,TotalCapture_train,1179
AMASS/train,14.20757429141017,,DIP_train,1229
AMASS/all,14.20757429141017,,DIP_train,1229
ALL/all,14.20757429141017,,DIP_train,1229
ALL/all,14.200648122773757,,TotalCapture_train,1340
DIP/all,14.200648122773757,,TotalCapture_train,42
DIP/test,14.200648122773757,,TotalCapture_train,0
AMASS/train,14.193855437397744,,DIP_train,993
AMASS/all,14.193855437397744,,DIP_train,993
ALL/all,14.193855437397744,,DIP_train,993
AMASS/train,14.188153587149728,,DIP_train,1129
AMASS/all,14.188153587149728,,DIP_train,1129
ALL/all,14.188153587149728,,DIP_train,1129
AMASS/train,14.173813206791781,,DIP_train,755
AMASS/all,14.173813206791781,,DIP_train,755
ALL/all,14.173813206791781,,DIP_train,755
AMASS/train,14.167017406236678,,DIP_train,647
AMASS/all,14.167017406236678,,DIP_train,647
ALL/all,14.167017406236678,,DIP_train,647
AMASS/train,14.16475116717843,,DIP_train,597
AMASS/all,14.16475116717843,,DIP_train,597
ALL/all,14.16475116717843,,DIP_train,597
AMASS/train,14.12996457990691,,DIP_train,1037
AMASS/all,14.12996457990691,,DIP_train,1037
ALL/all,14.12996457990691,,DIP_train,1037
AMASS/train,14.125808437252507,,DIP_train,573
AMASS/all,14.125808437252507,,DIP_train,573
ALL/all,14.125808437252507,,DIP_train,573
ALL/all,14.113930503036592,,TotalCapture_train,1300
DIP/train,14.113930503036592,,TotalCapture_train,2
DIP/all,14.113930503036592,,TotalCapture_train,2
AMASS/train,14.109940508768368,,TotalCapture_train,763
AMASS/all,14.109940508768368,,TotalCapture_train,763
ALL/all,14.109940508768368,,TotalCapture_train,763
AMASS/train,14.085728531187069,,TotalCapture_train,103
AMASS/all,14.085728531187069,,TotalCapture_train,103
ALL/all,14.085728531187069,,TotalCapture_train,103
AMASS/train,14.082450413598393,,DIP_train,455
AMASS/all,14.082450413598393,,DIP_train,455
ALL/all,14.082450413598393,,DIP_train,455
AMASS/train,14.078135268170296,,DIP_train,719
AMASS/all,14.078135268170296,,DIP_train,719
ALL/all,14.078135268170296,,DIP_train,719
AMASS/train,14.066777900929772,,DIP_train,1133
AMASS/all,14.066777900929772,,DIP_train,1133
ALL/all,14.066777900929772,,DIP_train,1133
AMASS/train,14.061933644690457,,DIP_train,271
AMASS/all,14.061933644690457,,DIP_train,271
ALL/all,14.061933644690457,,DIP_train,271
AMASS/train,14.037486906608134,,DIP_train,995
AMASS/all,14.037486906608134,,DIP_train,995
ALL/all,14.037486906608134,,DIP_train,995
AMASS/train,14.0227733310902,,DIP_train,629
AMASS/all,14.0227733310902,,DIP_train,629
ALL/all,14.0227733310902,,DIP_train,629
AMASS/train,14.009631369373409,,DIP_train,65
AMASS/all,14.009631369373409,,DIP_train,65
ALL/all,14.009631369373409,,DIP_train,65
AMASS/train,14.006918368531798,,DIP_train,1195
AMASS/all,14.006918368531798,,DIP_train,1195
ALL/all,14.006918368531798,,DIP_train,1195
AMASS/train,13.997649735331295,,DIP_train,217
AMASS/all,13.997649735331295,,DIP_train,217
ALL/all,13.997649735331295,,DIP_train,217
AMASS/train,13.990620184359663,,DIP_train,821
AMASS/all,13.990620184359663,,DIP_train,821
ALL/all,13.990620184359663,,DIP_train,821
AMASS/train,13.98964196633921,,DIP_train,43
AMASS/all,13.98964196633921,,DIP_train,43
ALL/all,13.98964196633921,,DIP_train,43
AMASS/train,13.967443201400064,,DIP_train,739
AMASS/all,13.967443201400064,,DIP_train,739
ALL/all,13.967443201400064,,DIP_train,739
AMASS/train,13.967068218049334,,TotalCapture_train,1267
AMASS/all,13.967068218049334,,TotalCapture_train,1267
ALL/all,13.967068218049334,,TotalCapture_train,1267
AMASS/train,13.96620486242141,,DIP_train,425
AMASS/all,13.96620486242141,,DIP_train,425
ALL/all,13.96620486242141,,DIP_train,425
AMASS/train,13.962032020832122,,DIP_train,395
AMASS/all,13.962032020832122,,DIP_train,395
ALL/all,13.962032020832122,,DIP_train,395
AMASS/train,13.961947107570607,,DIP_train,73
AMASS/all,13.961947107570607,,DIP_train,73
ALL/all,13.961947107570607,,DIP_train,73
AMASS/train,13.954054095957506,,DIP_train,79
AMASS/all,13.954054095957506,,DIP_train,79
ALL/all,13.954054095957506,,DIP_train,79
AMASS/train,13.950568539386948,,DIP_train,183
AMASS/all,13.950568539386948,,DIP_train,183
ALL/all,13.950568539386948,,DIP_train,183
AMASS/train,13.945854601828152,,DIP_train,779
AMASS/all,13.945854601828152,,DIP_train,779
ALL/all,13.945854601828152,,DIP_train,779
AMASS/train,13.938248881428779,,DIP_train,215
AMASS/all,13.938248881428779,,DIP_train,215
ALL/all,13.938248881428779,,DIP_train,215
AMASS/train,13.934363142906507,,DIP_train,405
AMASS/all,13.934363142906507,,DIP_train,405
ALL/all,13.934363142906507,,DIP_train,405
AMASS/train,13.920364071735806,,DIP_train,825
AMASS/all,13.920364071735806,,DIP_train,825
ALL/all,13.920364071735806,,DIP_train,825
AMASS/train,13.911205200064604,,DIP_train,941
AMASS/all,13.911205200064604,,DIP_train,941
ALL/all,13.911205200064604,,DIP_train,941
AMASS/train,13.90195198547581,,DIP_train,1057
AMASS/all,13.90195198547581,,DIP_train,1057
ALL/all,13.90195198547581,,DIP_train,1057
AMASS/train,13.900212183843593,,DIP_train,5
AMASS/all,13.900212183843593,,DIP_train,5
ALL/all,13.900212183843593,,DIP_train,5
AMASS/train,13.893964120997845,,DIP_train,1235
AMASS/all,13.893964120997845,,DIP_train,1235
ALL/all,13.893964120997845,,DIP_train,1235
AMASS/train,13.878408672019706,,DIP_train,1167
AMASS/all,13.878408672019706,,DIP_train,1167
ALL/all,13.878408672019706,,DIP_train,1167
AMASS/train,13.83903628455032,,DIP_train,135
AMASS/all,13.83903628455032,,DIP_train,135
ALL/all,13.83903628455032,,DIP_train,135
AMASS/train,13.837721059289535,,DIP_train,777
AMASS/all,13.837721059289535,,DIP_train,777
ALL/all,13.837721059289535,,DIP_train,777
AMASS/train,13.833935649064419,,DIP_train,673
AMASS/all,13.833935649064419,,DIP_train,673
ALL/all,13.833935649064419,,DIP_train,673
AMASS/train,13.809619308524951,,DIP_train,623
AMASS/all,13.809619308524951,,DIP_train,623
ALL/all,13.809619308524951,,DIP_train,623
AMASS/train,13.803714399517801,,DIP_train,177
AMASS/all,13.803714399517801,,DIP_train,177
ALL/all,13.803714399517801,,DIP_train,177
AMASS/train,13.768280441545485,,DIP_train,891
AMASS/all,13.768280441545485,,DIP_train,891
ALL/all,13.768280441545485,,DIP_train,891
AMASS/train,13.765551457365149,,DIP_train,983
AMASS/all,13.765551457365149,,DIP_train,983
ALL/all,13.765551457365149,,DIP_train,983
AMASS/train,13.761861441682829,,DIP_train,13
AMASS/all,13.761861441682829,,DIP_train,13
ALL/all,13.761861441682829,,DIP_train,13
AMASS/train,13.744635324194558,,DIP_train,551
AMASS/all,13.744635324194558,,DIP_train,551
ALL/all,13.744635324194558,,DIP_train,551
AMASS/train,13.742804745292794,,DIP_train,1113
AMASS/all,13.742804745292794,,DIP_train,1113
ALL/all,13.742804745292794,,DIP_train,1113
AMASS/train,13.73256440706371,,DIP_train,1293
AMASS/all,13.73256440706371,,DIP_train,1293
ALL/all,13.73256440706371,,DIP_train,1293
AMASS/train,13.730219420566678,,DIP_train,967
AMASS/all,13.730219420566678,,DIP_train,967
ALL/all,13.730219420566678,,DIP_train,967
AMASS/train,13.690145040272272,,DIP_train,421
AMASS/all,13.690145040272272,,DIP_train,421
ALL/all,13.690145040272272,,DIP_train,421
AMASS/train,13.687483401595902,,DIP_train,353
AMASS/all,13.687483401595902,,DIP_train,353
ALL/all,13.687483401595902,,DIP_train,353
AMASS/train,13.686989547532953,,TotalCapture_train,907
AMASS/all,13.686989547532953,,TotalCapture_train,907
ALL/all,13.686989547532953,,TotalCapture_train,907
AMASS/train,13.668223193637196,,DIP_train,511
AMASS/all,13.668223193637196,,DIP_train,511
ALL/all,13.668223193637196,,DIP_train,511
AMASS/train,13.659422347775138,,DIP_train,1283
AMASS/all,13.659422347775138,,DIP_train,1283
ALL/all,13.659422347775138,,DIP_train,1283
AMASS/train,13.650447404621474,,DIP_train,1187
AMASS/all,13.650447404621474,,DIP_train,1187
ALL/all,13.650447404621474,,DIP_train,1187
AMASS/train,13.612076969103516,,DIP_train,409
AMASS/all,13.612076969103516,,DIP_train,409
ALL/all,13.612076969103516,,DIP_train,409
AMASS/train,13.610950966109158,,DIP_train,833
AMASS/all,13.610950966109158,,DIP_train,833
ALL/all,13.610950966109158,,DIP_train,833
AMASS/train,13.59324820063607,,DIP_train,997
AMASS/all,13.59324820063607,,DIP_train,997
ALL/all,13.59324820063607,,DIP_train,997
AMASS/train,13.58711841550274,,DIP_train,1141
AMASS/all,13.58711841550274,,DIP_train,1141
ALL/all,13.58711841550274,,DIP_train,1141
AMASS/train,13.57145559035265,,DIP_train,1217
AMASS/all,13.57145559035265,,DIP_train,1217
ALL/all,13.57145559035265,,DIP_train,1217
ALL/all,13.526127100468143,,TotalCapture_train,1396
TotalCapture/all,13.526127100468143,,TotalCapture_train,37
TotalCapture/val,13.526127100468143,,TotalCapture_train,1
ALL/all,13.499075702979592,,TotalCapture_train,1349
DIP/all,13.499075702979592,,TotalCapture_train,51
DIP/test,13.499075702979592,,TotalCapture_train,9
AMASS/train,13.498732573125015,,DIP_train,485
AMASS/all,13.498732573125015,,DIP_train,485
ALL/all,13.498732573125015,,DIP_train,485
AMASS/train,13.497950089228526,,TotalCapture_train,521
AMASS/all,13.497950089228526,,TotalCapture_train,521
ALL/all,13.497950089228526,,TotalCapture_train,521
AMASS/train,13.495195179407947,,DIP_train,447
AMASS/all,13.495195179407947,,DIP_train,447
ALL/all,13.495195179407947,,DIP_train,447
AMASS/train,13.492195202635894,,DIP_train,835
AMASS/all,13.492195202635894,,DIP_train,835
ALL/all,13.492195202635894,,DIP_train,835
AMASS/train,13.477827546099444,,DIP_train,765
AMASS/all,13.477827546099444,,DIP_train,765
ALL/all,13.477827546099444,,DIP_train,765
AMASS/train,13.465758867194412,,DIP_train,433
AMASS/all,13.465758867194412,,DIP_train,433
ALL/all,13.465758867194412,,DIP_train,433
AMASS/train,13.456882946136488,,DIP_train,575
AMASS/all,13.456882946136488,,DIP_train,575
ALL/all,13.456882946136488,,DIP_train,575
AMASS/train,13.442708852450297,,DIP_train,913
AMASS/all,13.442708852450297,,DIP_train,913
ALL/all,13.442708852450297,,DIP_train,913
AMASS/train,13.43549893797618,,DIP_train,381
AMASS/all,13.43549893797618,,DIP_train,381
ALL/all,13.43549893797618,,DIP_train,381
AMASS/train,13.434904299893933,,DIP_train,1143
AMASS/all,13.434904299893933,,DIP_train,1143
ALL/all,13.434904299893933,,DIP_train,1143
AMASS/train,13.42057679141592,,DIP_train,103
AMASS/all,13.42057679141592,,DIP_train,103
ALL/all,13.42057679141592,,DIP_train,103
AMASS/train,13.39943638189424,,DIP_train,1237
AMASS/all,13.39943638189424,,DIP_train,1237
ALL/all,13.39943638189424,,DIP_train,1237
ALL/all,13.372850783959535,,TotalCapture_train,1305
DIP/train,13.372850783959535,,TotalCapture_train,7
DIP/all,13.372850783959535,,TotalCapture_train,7
AMASS/train,13.367462461166925,,DIP_train,973
AMASS/all,13.367462461166925,,DIP_train,973
ALL/all,13.367462461166925,,DIP_train,973
AMASS/train,13.35926025738028,,DIP_train,1139
AMASS/all,13.35926025738028,,DIP_train,1139
ALL/all,13.35926025738028,,DIP_train,1139
AMASS/train,13.359039466910557,,DIP_train,693
AMASS/all,13.359039466910557,,DIP_train,693
ALL/all,13.359039466910557,,DIP_train,693
ALL/all,13.353710832394428,,TotalCapture_train,1357
DIP/all,13.353710832394428,,TotalCapture_train,59
DIP/test,13.353710832394428,,TotalCapture_train,17
AMASS/train,13.333363838873453,,DIP_train,1071
AMASS/all,13.333363838873453,,DIP_train,1071
ALL/all,13.333363838873453,,DIP_train,1071
AMASS/train,13.324833338558172,,DIP_train,635
AMASS/all,13.324833338558172,,DIP_train,635
ALL/all,13.324833338558172,,DIP_train,635
ALL/all,13.314587943999916,,DIP_train,1338
DIP/all,13.314587943999916,,DIP_train,40
DIP/val,13.314587943999916,,DIP_train,4
AMASS/train,13.312799097612574,,DIP_train,1285
AMASS/all,13.312799097612574,,DIP_train,1285
ALL/all,13.312799097612574,,DIP_train,1285
AMASS/train,13.305948138152704,,DIP_train,1101
AMASS/all,13.305948138152704,,DIP_train,1101
ALL/all,13.305948138152704,,DIP_train,1101
AMASS/train,13.302385143725752,,DIP_train,35
AMASS/all,13.302385143725752,,DIP_train,35
ALL/all,13.302385143725752,,DIP_train,35
AMASS/train,13.297499046113634,,DIP_train,731
AMASS/all,13.297499046113634,,DIP_train,731
ALL/all,13.297499046113634,,DIP_train,731
AMASS/train,13.280684803102387,,DIP_train,435
AMASS/all,13.280684803102387,,DIP_train,435
ALL/all,13.280684803102387,,DIP_train,435
AMASS/train,13.274993275772976,,DIP_train,587
AMASS/all,13.274993275772976,,DIP_train,587
ALL/all,13.274993275772976,,DIP_train,587
AMASS/train,13.249805665649333,,DIP_train,1091
AMASS/all,13.249805665649333,,DIP_train,1091
ALL/all,13.249805665649333,,DIP_train,1091
AMASS/train,13.24602679195153,,DIP_train,675
AMASS/all,13.24602679195153,,DIP_train,675
ALL/all,13.24602679195153,,DIP_train,675
AMASS/train,13.23587858402396,,DIP_train,175
AMASS/all,13.23587858402396,,DIP_train,175
ALL/all,13.23587858402396,,DIP_train,175
AMASS/train,13.228654732865806,,DIP_train,1241
AMASS/all,13.228654732865806,,DIP_train,1241
ALL/all,13.228654732865806,,DIP_train,1241
AMASS/train,13.225752662486384,,DIP_train,917
AMASS/all,13.225752662486384,,DIP_train,917
ALL/all,13.225752662486384,,DIP_train,917
AMASS/train,13.21250248854722,,DIP_train,237
AMASS/all,13.21250248854722,,DIP_train,237
ALL/all,13.21250248854722,,DIP_train,237
AMASS/train,13.191883907103023,,DIP_train,55
AMASS/all,13.191883907103023,,DIP_train,55
ALL/all,13.191883907103023,,DIP_train,55
AMASS/train,13.176425327908794,,DIP_train,1053
AMASS/all,13.176425327908794,,DIP_train,1053
ALL/all,13.176425327908794,,DIP_train,1053
AMASS/train,13.166045851024922,,DIP_train,1193
AMASS/all,13.166045851024922,,DIP_train,1193
ALL/all,13.166045851024922,,DIP_train,1193
ALL/all,13.163252806872714,,TotalCapture_train,1395
TotalCapture/all,13.163252806872714,,TotalCapture_train,36
TotalCapture/val,13.163252806872714,,TotalCapture_train,0
AMASS/train,13.148945240605418,,DIP_train,505
AMASS/all,13.148945240605418,,DIP_train,505
ALL/all,13.148945240605418,,DIP_train,505
AMASS/train,13.114833618735767,,DIP_train,863
AMASS/all,13.114833618735767,,DIP_train,863
ALL/all,13.114833618735767,,DIP_train,863
AMASS/train,13.06903012172986,,DIP_train,741
AMASS/all,13.06903012172986,,DIP_train,741
ALL/all,13.06903012172986,,DIP_train,741
AMASS/train,13.059162228845047,,DIP_train,877
AMASS/all,13.059162228845047,,DIP_train,877
ALL/all,13.059162228845047,,DIP_train,877
AMASS/train,13.046816106692123,,DIP_train,461
AMASS/all,13.046816106692123,,DIP_train,461
ALL/all,13.046816106692123,,DIP_train,461
AMASS/train,13.043797335945987,,DIP_train,1267
AMASS/all,13.043797335945987,,DIP_train,1267
ALL/all,13.043797335945987,,DIP_train,1267
AMASS/train,13.0285196070953,,DIP_train,763
AMASS/all,13.0285196070953,,DIP_train,763
ALL/all,13.0285196070953,,DIP_train,763
AMASS/train,13.011985793916091,,DIP_train,221
AMASS/all,13.011985793916091,,DIP_train,221
ALL/all,13.011985793916091,,DIP_train,221
AMASS/train,13.008937357933135,,DIP_train,207
AMASS/all,13.008937357933135,,DIP_train,207
ALL/all,13.008937357933135,,DIP_train,207
AMASS/train,13.008824972033992,,DIP_train,115
AMASS/all,13.008824972033992,,DIP_train,115
ALL/all,13.008824972033992,,DIP_train,115
AMASS/train,12.989431899442998,,DIP_train,1281
AMASS/all,12.989431899442998,,DIP_train,1281
ALL/all,12.989431899442998,,DIP_train,1281
AMASS/train,12.971805841499902,,TotalCapture_train,311
AMASS/all,12.971805841499902,,TotalCapture_train,311
ALL/all,12.971805841499902,,TotalCapture_train,311
ALL/all,12.968475080152173,,DIP_train,1395
TotalCapture/all,12.968475080152173,,DIP_train,36
TotalCapture/val,12.968475080152173,,DIP_train,0
AMASS/train,12.958932293220528,,DIP_train,679
AMASS/all,12.958932293220528,,DIP_train,679
ALL/all,12.958932293220528,,DIP_train,679
AMASS/train,12.95548006122454,,DIP_train,337
AMASS/all,12.95548006122454,,DIP_train,337
ALL/all,12.95548006122454,,DIP_train,337
AMASS/train,12.954672315412527,,DIP_train,107
AMASS/all,12.954672315412527,,DIP_train,107
ALL/all,12.954672315412527,,DIP_train,107
AMASS/train,12.93241962543781,,DIP_train,325
AMASS/all,12.93241962543781,,DIP_train,325
ALL/all,12.93241962543781,,DIP_train,325
ALL/all,12.916657993266345,,DIP_train,1371
TotalCapture/train,12.916657993266345,,DIP_train,12
TotalCapture/all,12.916657993266345,,DIP_train,12
AMASS/train,12.911223850887755,,DIP_train,929
AMASS/all,12.911223850887755,,DIP_train,929
ALL/all,12.911223850887755,,DIP_train,929
AMASS/train,12.909055003587238,,DIP_train,109
AMASS/all,12.909055003587238,,DIP_train,109
ALL/all,12.909055003587238,,DIP_train,109
AMASS/train,12.890290264797576,,DIP_train,113
AMASS/all,12.890290264797576,,DIP_train,113
ALL/all,12.890290264797576,,DIP_train,113
AMASS/train,12.871490742737912,,DIP_train,1003
AMASS/all,12.871490742737912,,DIP_train,1003
ALL/all,12.871490742737912,,DIP_train,1003
AMASS/train,12.8621155788052,,DIP_train,619
AMASS/all,12.8621155788052,,DIP_train,619
ALL/all,12.8621155788052,,DIP_train,619
ALL/all,12.851211347041593,,TotalCapture_train,1344
DIP/all,12.851211347041593,,TotalCapture_train,46
DIP/test,12.851211347041593,,TotalCapture_train,4
AMASS/train,12.845599611669089,,DIP_train,953
AMASS/all,12.845599611669089,,DIP_train,953
ALL/all,12.845599611669089,,DIP_train,953
ALL/all,12.840498177184124,,TotalCapture_train,1321
DIP/train,12.840498177184124,,TotalCapture_train,23
DIP/all,12.840498177184124,,TotalCapture_train,23
ALL/all,12.838475701824477,,DIP_train,1399
TotalCapture/all,12.838475701824477,,DIP_train,40
TotalCapture/val,12.838475701824477,,DIP_train,4
AMASS/train,12.837635663190023,,DIP_train,1111
AMASS/all,12.837635663190023,,DIP_train,1111
ALL/all,12.837635663190023,,DIP_train,1111
ALL/all,12.818261806944378,,TotalCapture_train,1337
DIP/all,12.818261806944378,,TotalCapture_train,39
DIP/val,12.818261806944378,,TotalCapture_train,3
AMASS/train,12.78366471385519,,DIP_train,299
AMASS/all,12.78366471385519,,DIP_train,299
ALL/all,12.78366471385519,,DIP_train,299
AMASS/train,12.762514747769611,,DIP_train,727
AMASS/all,12.762514747769611,,DIP_train,727
ALL/all,12.762514747769611,,DIP_train,727
AMASS/train,12.742391592308495,,DIP_train,867
AMASS/all,12.742391592308495,,DIP_train,867
ALL/all,12.742391592308495,,DIP_train,867
AMASS/train,12.724045735028115,,DIP_train,23
AMASS/all,12.724045735028115,,DIP_train,23
ALL/all,12.724045735028115,,DIP_train,23
AMASS/train,12.722634907371091,,DIP_train,147
AMASS/all,12.722634907371091,,DIP_train,147
ALL/all,12.722634907371091,,DIP_train,147
AMASS/train,12.72211664013622,,DIP_train,391
AMASS/all,12.72211664013622,,DIP_train,391
ALL/all,12.72211664013622,,DIP_train,391
AMASS/train,12.716658488475453,,DIP_train,1015
AMASS/all,12.716658488475453,,DIP_train,1015
ALL/all,12.716658488475453,,DIP_train,1015
AMASS/train,12.694017300813636,,DIP_train,617
AMASS/all,12.694017300813636,,DIP_train,617
ALL/all,12.694017300813636,,DIP_train,617
AMASS/train,12.671643008875794,,DIP_train,97
AMASS/all,12.671643008875794,,DIP_train,97
ALL/all,12.671643008875794,,DIP_train,97
AMASS/train,12.665315518598199,,DIP_train,1105
AMASS/all,12.665315518598199,,DIP_train,1105
ALL/all,12.665315518598199,,DIP_train,1105
AMASS/train,12.664784060047229,,DIP_train,333
AMASS/all,12.664784060047229,,DIP_train,333
ALL/all,12.664784060047229,,DIP_train,333
AMASS/train,12.663525048360148,,DIP_train,41
AMASS/all,12.663525048360148,,DIP_train,41
ALL/all,12.663525048360148,,DIP_train,41
AMASS/train,12.648149709118748,,DIP_train,1265
AMASS/all,12.648149709118748,,DIP_train,1265
ALL/all,12.648149709118748,,DIP_train,1265
AMASS/train,12.645201835391779,,DIP_train,501
AMASS/all,12.645201835391779,,DIP_train,501
ALL/all,12.645201835391779,,DIP_train,501
AMASS/train,12.62275246646079,,DIP_train,781
AMASS/all,12.62275246646079,,DIP_train,781
ALL/all,12.62275246646079,,DIP_train,781
AMASS/train,12.59397721469719,,DIP_train,489
AMASS/all,12.59397721469719,,DIP_train,489
ALL/all,12.59397721469719,,DIP_train,489
AMASS/train,12.58597475130517,,DIP_train,1233
AMASS/all,12.58597475130517,,DIP_train,1233
ALL/all,12.58597475130517,,DIP_train,1233
AMASS/train,12.569076123342178,,DIP_train,1135
AMASS/all,12.569076123342178,,DIP_train,1135
ALL/all,12.569076123342178,,DIP_train,1135
AMASS/train,12.567477496720496,,DIP_train,767
AMASS/all,12.567477496720496,,DIP_train,767
ALL/all,12.567477496720496,,DIP_train,767
AMASS/train,12.53152791659883,,DIP_train,547
AMASS/all,12.53152791659883,,DIP_train,547
ALL/all,12.53152791659883,,DIP_train,547
AMASS/train,12.506438955796225,,DIP_train,961
AMASS/all,12.506438955796225,,DIP_train,961
ALL/all,12.506438955796225,,DIP_train,961
AMASS/train,12.502895987228973,,DIP_train,969
AMASS/all,12.502895987228973,,DIP_train,969
ALL/all,12.502895987228973,,DIP_train,969
AMASS/train,12.470946608405594,,DIP_train,815
AMASS/all,12.470946608405594,,DIP_train,815
ALL/all,12.470946608405594,,DIP_train,815
AMASS/train,12.450777023918683,,DIP_train,1197
AMASS/all,12.450777023918683,,DIP_train,1197
ALL/all,12.450777023918683,,DIP_train,1197
AMASS/train,12.44937226400135,,DIP_train,315
AMASS/all,12.44937226400135,,DIP_train,315
ALL/all,12.44937226400135,,DIP_train,315
AMASS/train,12.442381909779929,,DIP_train,349
AMASS/all,12.442381909779929,,DIP_train,349
ALL/all,12.442381909779929,,DIP_train,349
ALL/all,12.420330844946625,,DIP_train,1373
TotalCapture/train,12.420330844946625,,DIP_train,14
TotalCapture/all,12.420330844946625,,DIP_train,14
AMASS/train,12.412861527846292,,DIP_train,535
AMASS/all,12.412861527846292,,DIP_train,535
ALL/all,12.412861527846292,,DIP_train,535
AMASS/train,12.394256152532833,,DIP_train,1203
AMASS/all,12.394256152532833,,DIP_train,1203
ALL/all,12.394256152532833,,DIP_train,1203
AMASS/train,12.381941030306235,,DIP_train,161
AMASS/all,12.381941030306235,,DIP_train,161
ALL/all,12.381941030306235,,DIP_train,161
AMASS/train,12.380328288727117,,DIP_train,689
AMASS/all,12.380328288727117,,DIP_train,689
ALL/all,12.380328288727117,,DIP_train,689
AMASS/train,12.364876100325237,,DIP_train,191
AMASS/all,12.364876100325237,,DIP_train,191
ALL/all,12.364876100325237,,DIP_train,191
AMASS/train,12.364078608080202,,DIP_train,1039
AMASS/all,12.364078608080202,,DIP_train,1039
ALL/all,12.364078608080202,,DIP_train,1039
AMASS/train,12.35813309805507,,DIP_train,453
AMASS/all,12.35813309805507,,DIP_train,453
ALL/all,12.35813309805507,,DIP_train,453
AMASS/train,12.356581029794974,,DIP_train,1031
AMASS/all,12.356581029794974,,DIP_train,1031
ALL/all,12.356581029794974,,DIP_train,1031
AMASS/train,12.344946243543443,,DIP_train,1097
AMASS/all,12.344946243543443,,DIP_train,1097
ALL/all,12.344946243543443,,DIP_train,1097
AMASS/train,12.334434717810229,,DIP_train,853
AMASS/all,12.334434717810229,,DIP_train,853
ALL/all,12.334434717810229,,DIP_train,853
AMASS/train,12.302090582934333,,DIP_train,785
AMASS/all,12.302090582934333,,DIP_train,785
ALL/all,12.302090582934333,,DIP_train,785
AMASS/train,12.29799213375624,,DIP_train,907
AMASS/all,12.29799213375624,,DIP_train,907
ALL/all,12.29799213375624,,DIP_train,907
AMASS/train,12.291523207273404,,DIP_train,81
AMASS/all,12.291523207273404,,DIP_train,81
ALL/all,12.291523207273404,,DIP_train,81
AMASS/train,12.28901879283649,,DIP_train,1085
AMASS/all,12.28901879283649,,DIP_train,1085
ALL/all,12.28901879283649,,DIP_train,1085
ALL/all,12.286893030667208,,DIP_train,1374
TotalCapture/train,12.286893030667208,,DIP_train,15
TotalCapture/all,12.286893030667208,,DIP_train,15
AMASS/train,12.274307795953877,,DIP_train,849
AMASS/all,12.274307795953877,,DIP_train,849
ALL/all,12.274307795953877,,DIP_train,849
AMASS/train,12.249744603033008,,DIP_train,1117
AMASS/all,12.249744603033008,,DIP_train,1117
ALL/all,12.249744603033008,,DIP_train,1117
AMASS/train,12.22086749924222,,DIP_train,475
AMASS/all,12.22086749924222,,DIP_train,475
ALL/all,12.22086749924222,,DIP_train,475
AMASS/train,12.213761822880741,,DIP_train,1123
AMASS/all,12.213761822880741,,DIP_train,1123
ALL/all,12.213761822880741,,DIP_train,1123
AMASS/train,12.213561477893279,,DIP_train,123
AMASS/all,12.213561477893279,,DIP_train,123
ALL/all,12.213561477893279,,DIP_train,123
AMASS/train,12.20048210466276,,DIP_train,945
AMASS/all,12.20048210466276,,DIP_train,945
ALL/all,12.20048210466276,,DIP_train,945
ALL/all,12.181310422123946,,TotalCapture_train,1304
DIP/train,12.181310422123946,,TotalCapture_train,6
DIP/all,12.181310422123946,,TotalCapture_train,6
AMASS/train,12.18041223902841,,DIP_train,495
AMASS/all,12.18041223902841,,DIP_train,495
ALL/all,12.18041223902841,,DIP_train,495
AMASS/train,12.170580101206118,,DIP_train,493
AMASS/all,12.170580101206118,,DIP_train,493
ALL/all,12.170580101206118,,DIP_train,493
AMASS/train,12.16563861267083,,DIP_train,323
AMASS/all,12.16563861267083,,DIP_train,323
ALL/all,12.16563861267083,,DIP_train,323
AMASS/train,12.164476853620876,,DIP_train,1125
AMASS/all,12.164476853620876,,DIP_train,1125
ALL/all,12.164476853620876,,DIP_train,1125
AMASS/train,12.16174678714051,,DIP_train,241
AMASS/all,12.16174678714051,,DIP_train,241
ALL/all,12.16174678714051,,DIP_train,241
AMASS/train,12.16087928231172,,DIP_train,1017
AMASS/all,12.16087928231172,,DIP_train,1017
ALL/all,12.16087928231172,,DIP_train,1017
AMASS/train,12.15092253042018,,DIP_train,121
AMASS/all,12.15092253042018,,DIP_train,121
ALL/all,12.15092253042018,,DIP_train,121
AMASS/train,12.148478408810474,,DIP_train,1035
AMASS/all,12.148478408810474,,DIP_train,1035
ALL/all,12.148478408810474,,DIP_train,1035
AMASS/train,12.147828732557743,,DIP_train,1239
AMASS/all,12.147828732557743,,DIP_train,1239
ALL/all,12.147828732557743,,DIP_train,1239
AMASS/train,12.141110489907904,,DIP_train,745
AMASS/all,12.141110489907904,,DIP_train,745
ALL/all,12.141110489907904,,DIP_train,745
AMASS/train,12.130767584988861,,DIP_train,9
AMASS/all,12.130767584988861,,DIP_train,9
ALL/all,12.130767584988861,,DIP_train,9
AMASS/train,12.09216084991082,,DIP_train,925
AMASS/all,12.09216084991082,,DIP_train,925
ALL/all,12.09216084991082,,DIP_train,925
AMASS/train,12.087769552888663,,DIP_train,503
AMASS/all,12.087769552888663,,DIP_train,503
ALL/all,12.087769552888663,,DIP_train,503
AMASS/train,12.082638109453779,,DIP_train,813
AMASS/all,12.082638109453779,,DIP_train,813
ALL/all,12.082638109453779,,DIP_train,813
AMASS/train,12.058808636457833,,DIP_train,935
AMASS/all,12.058808636457833,,DIP_train,935
ALL/all,12.058808636457833,,DIP_train,935
AMASS/train,12.040617236552622,,DIP_train,795
AMASS/all,12.040617236552622,,DIP_train,795
ALL/all,12.040617236552622,,DIP_train,795
AMASS/train,12.038101064057702,,DIP_train,847
AMASS/all,12.038101064057702,,DIP_train,847
ALL/all,12.038101064057702,,DIP_train,847
AMASS/train,12.034107993797116,,DIP_train,159
AMASS/all,12.034107993797116,,DIP_train,159
ALL/all,12.034107993797116,,DIP_train,159
AMASS/train,12.030826816781838,,DIP_train,11
AMASS/all,12.030826816781838,,DIP_train,11
ALL/all,12.030826816781838,,DIP_train,11
AMASS/train,11.956760305244469,,DIP_train,885
AMASS/all,11.956760305244469,,DIP_train,885
ALL/all,11.956760305244469,,DIP_train,885
AMASS/train,11.941964405974279,,DIP_train,71
AMASS/all,11.941964405974279,,DIP_train,71
ALL/all,11.941964405974279,,DIP_train,71
AMASS/train,11.931911941737217,,DIP_train,1137
AMASS/all,11.931911941737217,,DIP_train,1137
ALL/all,11.931911941737217,,DIP_train,1137
ALL/all,11.9042691529776,,TotalCapture_train,1399
TotalCapture/all,11.9042691529776,,TotalCapture_train,40
TotalCapture/val,11.9042691529776,,TotalCapture_train,4
AMASS/train,11.895754420227604,,DIP_train,51
AMASS/all,11.895754420227604,,DIP_train,51
ALL/all,11.895754420227604,,DIP_train,51
AMASS/train,11.858515197885806,,DIP_train,725
AMASS/all,11.858515197885806,,DIP_train,725
ALL/all,11.858515197885806,,DIP_train,725
AMASS/train,11.85569248048021,,DIP_train,1189
AMASS/all,11.85569248048021,,DIP_train,1189
ALL/all,11.85569248048021,,DIP_train,1189
AMASS/train,11.849217325997655,,DIP_train,361
AMASS/all,11.849217325997655,,DIP_train,361
ALL/all,11.849217325997655,,DIP_train,361
AMASS/train,11.843458632227065,,DIP_train,61
AMASS/all,11.843458632227065,,DIP_train,61
ALL/all,11.843458632227065,,DIP_train,61
AMASS/train,11.835203972662677,,DIP_train,385
AMASS/all,11.835203972662677,,DIP_train,385
ALL/all,11.835203972662677,,DIP_train,385
AMASS/train,11.833664908372468,,DIP_train,841
AMASS/all,11.833664908372468,,DIP_train,841
ALL/all,11.833664908372468,,DIP_train,841
AMASS/train,11.828789055439051,,DIP_train,1055
AMASS/all,11.828789055439051,,DIP_train,1055
ALL/all,11.828789055439051,,DIP_train,1055
AMASS/train,11.810459579707869,,DIP_train,469
AMASS/all,11.810459579707869,,DIP_train,469
ALL/all,11.810459579707869,,DIP_train,469
AMASS/train,11.800957178453407,,DIP_train,533
AMASS/all,11.800957178453407,,DIP_train,533
ALL/all,11.800957178453407,,DIP_train,533
AMASS/train,11.800582971000237,,DIP_train,1007
AMASS/all,11.800582971000237,,DIP_train,1007
ALL/all,11.800582971000237,,DIP_train,1007
ALL/all,11.793545695455052,,DIP_train,1355
DIP/all,11.793545695455052,,DIP_train,57
DIP/test,11.793545695455052,,DIP_train,15
AMASS/train,11.775336113948267,,DIP_train,1147
AMASS/all,11.775336113948267,,DIP_train,1147
ALL/all,11.775336113948267,,DIP_train,1147
AMASS/train,11.75782094568808,,DIP_train,585
AMASS/all,11.75782094568808,,DIP_train,585
ALL/all,11.75782094568808,,DIP_train,585
AMASS/train,11.75103146152277,,DIP_train,331
AMASS/all,11.75103146152277,,DIP_train,331
ALL/all,11.75103146152277,,DIP_train,331
AMASS/train,11.74829554995229,,DIP_train,589
AMASS/all,11.74829554995229,,DIP_train,589
ALL/all,11.74829554995229,,DIP_train,589
AMASS/train,11.741311851105934,,DIP_train,729
AMASS/all,11.741311851105934,,DIP_train,729
ALL/all,11.741311851105934,,DIP_train,729
AMASS/train,11.724560389410556,,DIP_train,355
AMASS/all,11.724560389410556,,DIP_train,355
ALL/all,11.724560389410556,,DIP_train,355
AMASS/train,11.698302625766413,,DIP_train,681
AMASS/all,11.698302625766413,,DIP_train,681
ALL/all,11.698302625766413,,DIP_train,681
AMASS/train,11.684049239491607,,DIP_train,1271
AMASS/all,11.684049239491607,,DIP_train,1271
ALL/all,11.684049239491607,,DIP_train,1271
AMASS/train,11.683671119347531,,DIP_train,641
AMASS/all,11.683671119347531,,DIP_train,641
ALL/all,11.683671119347531,,DIP_train,641
AMASS/train,11.680233004399588,,DIP_train,577
AMASS/all,11.680233004399588,,DIP_train,577
ALL/all,11.680233004399588,,DIP_train,577
AMASS/train,11.647479264230615,,DIP_train,773
AMASS/all,11.647479264230615,,DIP_train,773
ALL/all,11.647479264230615,,DIP_train,773
AMASS/train,11.646515322022719,,DIP_train,1103
AMASS/all,11.646515322022719,,DIP_train,1103
ALL/all,11.646515322022719,,DIP_train,1103
AMASS/train,11.637392909979765,,DIP_train,1151
AMASS/all,11.637392909979765,,DIP_train,1151
ALL/all,11.637392909979765,,DIP_train,1151
AMASS/train,11.633709623366673,,DIP_train,531
AMASS/all,11.633709623366673,,DIP_train,531
ALL/all,11.633709623366673,,DIP_train,531
AMASS/train,11.62156178031896,,DIP_train,643
AMASS/all,11.62156178031896,,DIP_train,643
ALL/all,11.62156178031896,,DIP_train,643
AMASS/train,11.61782566357237,,DIP_train,393
AMASS/all,11.61782566357237,,DIP_train,393
ALL/all,11.61782566357237,,DIP_train,393
AMASS/train,11.615734539328198,,DIP_train,15
AMASS/all,11.615734539328198,,DIP_train,15
ALL/all,11.615734539328198,,DIP_train,15
AMASS/train,11.574555907130424,,DIP_train,1027
AMASS/all,11.574555907130424,,DIP_train,1027
ALL/all,11.574555907130424,,DIP_train,1027
AMASS/train,11.568631996199978,,DIP_train,749
AMASS/all,11.568631996199978,,DIP_train,749
ALL/all,11.568631996199978,,DIP_train,749
AMASS/train,11.552860174622735,,DIP_train,213
AMASS/all,11.552860174622735,,DIP_train,213
ALL/all,11.552860174622735,,DIP_train,213
AMASS/train,11.549616394261921,,DIP_train,921
AMASS/all,11.549616394261921,,DIP_train,921
ALL/all,11.549616394261921,,DIP_train,921
AMASS/train,11.54803782794973,,DIP_train,637
AMASS/all,11.54803782794973,,DIP_train,637
ALL/all,11.54803782794973,,DIP_train,637
AMASS/train,11.541816308264911,,DIP_train,139
AMASS/all,11.541816308264911,,DIP_train,139
ALL/all,11.541816308264911,,DIP_train,139
AMASS/train,11.534611977826959,,DIP_train,463
AMASS/all,11.534611977826959,,DIP_train,463
ALL/all,11.534611977826959,,DIP_train,463
AMASS/train,11.522784703855146,,DIP_train,513
AMASS/all,11.522784703855146,,DIP_train,513
ALL/all,11.522784703855146,,DIP_train,513
AMASS/train,11.503305673627702,,DIP_train,979
AMASS/all,11.503305673627702,,DIP_train,979
ALL/all,11.503305673627702,,DIP_train,979
AMASS/train,11.486082166860134,,DIP_train,357
AMASS/all,11.486082166860134,,DIP_train,357
ALL/all,11.486082166860134,,DIP_train,357
AMASS/train,11.47102489471929,,DIP_train,87
AMASS/all,11.47102489471929,,DIP_train,87
ALL/all,11.47102489471929,,DIP_train,87
AMASS/train,11.469336569489702,,DIP_train,443
AMASS/all,11.469336569489702,,DIP_train,443
ALL/all,11.469336569489702,,DIP_train,443
AMASS/train,11.463503514128321,,DIP_train,555
AMASS/all,11.463503514128321,,DIP_train,555
ALL/all,11.463503514128321,,DIP_train,555
AMASS/train,11.43681256428638,,DIP_train,141
AMASS/all,11.43681256428638,,DIP_train,141
ALL/all,11.43681256428638,,DIP_train,141
AMASS/train,11.422978840931682,,DIP_train,163
AMASS/all,11.422978840931682,,DIP_train,163
ALL/all,11.422978840931682,,DIP_train,163
AMASS/train,11.414733017657749,,DIP_train,1029
AMASS/all,11.414733017657749,,DIP_train,1029
ALL/all,11.414733017657749,,DIP_train,1029
AMASS/train,11.403670492088914,,DIP_train,343
AMASS/all,11.403670492088914,,DIP_train,343
ALL/all,11.403670492088914,,DIP_train,343
AMASS/train,11.371173281172613,,DIP_train,33
AMASS/all,11.371173281172613,,DIP_train,33
ALL/all,11.371173281172613,,DIP_train,33
AMASS/train,11.355707596098357,,DIP_train,365
AMASS/all,11.355707596098357,,DIP_train,365
ALL/all,11.355707596098357,,DIP_train,365
AMASS/train,11.351794001227539,,DIP_train,769
AMASS/all,11.351794001227539,,DIP_train,769
ALL/all,11.351794001227539,,DIP_train,769
AMASS/train,11.33822883836313,,DIP_train,517
AMASS/all,11.33822883836313,,DIP_train,517
ALL/all,11.33822883836313,,DIP_train,517
ALL/all,11.335755884985891,,DIP_train,1372
TotalCapture/train,11.335755884985891,,DIP_train,13
TotalCapture/all,11.335755884985891,,DIP_train,13
AMASS/train,11.331927765172429,,DIP_train,499
AMASS/all,11.331927765172429,,DIP_train,499
ALL/all,11.331927765172429,,DIP_train,499
ALL/all,11.326342505723417,,DIP_train,1347
DIP/all,11.326342505723417,,DIP_train,49
DIP/test,11.326342505723417,,DIP_train,7
AMASS/train,11.325098065049737,,DIP_train,85
AMASS/all,11.325098065049737,,DIP_train,85
ALL/all,11.325098065049737,,DIP_train,85
AMASS/train,11.297292113115518,,DIP_train,131
AMASS/all,11.297292113115518,,DIP_train,131
ALL/all,11.297292113115518,,DIP_train,131
AMASS/train,11.289231006399925,,DIP_train,569
AMASS/all,11.289231006399925,,DIP_train,569
ALL/all,11.289231006399925,,DIP_train,569
AMASS/train,11.267322334695068,,DIP_train,951
AMASS/all,11.267322334695068,,DIP_train,951
ALL/all,11.267322334695068,,DIP_train,951
AMASS/train,11.258228497381522,,DIP_train,319
AMASS/all,11.258228497381522,,DIP_train,319
ALL/all,11.258228497381522,,DIP_train,319
ALL/all,11.254405524456892,,DIP_train,1400
TotalCapture/all,11.254405524456892,,DIP_train,41
TotalCapture/test,11.254405524456892,,DIP_train,0
AMASS/train,11.228813225986729,,DIP_train,1173
AMASS/all,11.228813225986729,,DIP_train,1173
ALL/all,11.228813225986729,,DIP_train,1173
ALL/all,11.21627769515202,,DIP_train,1380
TotalCapture/train,11.21627769515202,,DIP_train,21
TotalCapture/all,11.21627769515202,,DIP_train,21
AMASS/train,11.204444784709487,,DIP_train,301
AMASS/all,11.204444784709487,,DIP_train,301
ALL/all,11.204444784709487,,DIP_train,301
AMASS/train,11.199472440436313,,DIP_train,119
AMASS/all,11.199472440436313,,DIP_train,119
ALL/all,11.199472440436313,,DIP_train,119
AMASS/train,11.193075349630451,,DIP_train,829
AMASS/all,11.193075349630451,,DIP_train,829
ALL/all,11.193075349630451,,DIP_train,829
AMASS/train,11.190587679089958,,DIP_train,707
AMASS/all,11.190587679089958,,DIP_train,707
ALL/all,11.190587679089958,,DIP_train,707
AMASS/train,11.176829574273743,,DIP_train,277
AMASS/all,11.176829574273743,,DIP_train,277
ALL/all,11.176829574273743,,DIP_train,277
AMASS/train,11.172854699247356,,DIP_train,933
AMASS/all,11.172854699247356,,DIP_train,933
ALL/all,11.172854699247356,,DIP_train,933
AMASS/train,11.166724389230868,,DIP_train,253
AMASS/all,11.166724389230868,,DIP_train,253
ALL/all,11.166724389230868,,DIP_train,253
AMASS/train,11.159858344984404,,DIP_train,549
AMASS/all,11.159858344984404,,DIP_train,549
ALL/all,11.159858344984404,,DIP_train,549
AMASS/train,11.150825390404108,,DIP_train,1185
AMASS/all,11.150825390404108,,DIP_train,1185
ALL/all,11.150825390404108,,DIP_train,1185
AMASS/train,11.121816001389913,,DIP_train,407
AMASS/all,11.121816001389913,,DIP_train,407
ALL/all,11.121816001389913,,DIP_train,407
AMASS/train,11.117073295521395,,DIP_train,459
AMASS/all,11.117073295521395,,DIP_train,459
ALL/all,11.117073295521395,,DIP_train,459
AMASS/train,11.100465303020737,,DIP_train,151
AMASS/all,11.100465303020737,,DIP_train,151
ALL/all,11.100465303020737,,DIP_train,151
AMASS/train,11.091557502828316,,DIP_train,1019
AMASS/all,11.091557502828316,,DIP_train,1019
ALL/all,11.091557502828316,,DIP_train,1019
AMASS/train,11.084152940253535,,DIP_train,803
AMASS/all,11.084152940253535,,DIP_train,803
ALL/all,11.084152940253535,,DIP_train,803
AMASS/train,11.074971789832016,,DIP_train,1165
AMASS/all,11.074971789832016,,DIP_train,1165
ALL/all,11.074971789832016,,DIP_train,1165
AMASS/train,11.070353273425695,,DIP_train,231
AMASS/all,11.070353273425695,,DIP_train,231
ALL/all,11.070353273425695,,DIP_train,231
AMASS/train,11.065394505236336,,DIP_train,567
AMASS/all,11.065394505236336,,DIP_train,567
ALL/all,11.065394505236336,,DIP_train,567
AMASS/train,11.063757635357469,,DIP_train,713
AMASS/all,11.063757635357469,,DIP_train,713
ALL/all,11.063757635357469,,DIP_train,713
AMASS/train,11.050695304857465,,DIP_train,1083
AMASS/all,11.050695304857465,,DIP_train,1083
ALL/all,11.050695304857465,,DIP_train,1083
AMASS/train,11.036664109982624,,DIP_train,69
AMASS/all,11.036664109982624,,DIP_train,69
ALL/all,11.036664109982624,,DIP_train,69
AMASS/train,11.033184770529127,,DIP_train,441
AMASS/all,11.033184770529127,,DIP_train,441
ALL/all,11.033184770529127,,DIP_train,441
AMASS/train,11.027244586539108,,DIP_train,423
AMASS/all,11.027244586539108,,DIP_train,423
ALL/all,11.027244586539108,,DIP_train,423
AMASS/train,11.024244340452226,,DIP_train,471
AMASS/all,11.024244340452226,,DIP_train,471
ALL/all,11.024244340452226,,DIP_train,471
AMASS/train,10.997766804357003,,DIP_train,1177
AMASS/all,10.997766804357003,,DIP_train,1177
ALL/all,10.997766804357003,,DIP_train,1177
AMASS/train,10.988963482433638,,DIP_train,379
AMASS/all,10.988963482433638,,DIP_train,379
ALL/all,10.988963482433638,,DIP_train,379
AMASS/train,10.985146859476348,,DIP_train,949
AMASS/all,10.985146859476348,,DIP_train,949
ALL/all,10.985146859476348,,DIP_train,949
AMASS/train,10.973247649408034,,DIP_train,37
AMASS/all,10.973247649408034,,DIP_train,37
ALL/all,10.973247649408034,,DIP_train,37
AMASS/train,10.950625303250943,,DIP_train,397
AMASS/all,10.950625303250943,,DIP_train,397
ALL/all,10.950625303250943,,DIP_train,397
AMASS/train,10.937675313668878,,DIP_train,1127
AMASS/all,10.937675313668878,,DIP_train,1127
ALL/all,10.937675313668878,,DIP_train,1127
ALL/all,10.934836303133844,,DIP_train,1375
TotalCapture/train,10.934836303133844,,DIP_train,16
TotalCapture/all,10.934836303133844,,DIP_train,16
AMASS/train,10.92688517176226,,DIP_train,341
AMASS/all,10.92688517176226,,DIP_train,341
ALL/all,10.92688517176226,,DIP_train,341
AMASS/train,10.925208020352711,,DIP_train,561
AMASS/all,10.925208020352711,,DIP_train,561
ALL/all,10.925208020352711,,DIP_train,561
AMASS/train,10.912246336036382,,DIP_train,313
AMASS/all,10.912246336036382,,DIP_train,313
ALL/all,10.912246336036382,,DIP_train,313
AMASS/train,10.88603400794975,,DIP_train,937
AMASS/all,10.88603400794975,,DIP_train,937
ALL/all,10.88603400794975,,DIP_train,937
AMASS/train,10.8777131493953,,DIP_train,857
AMASS/all,10.8777131493953,,DIP_train,857
ALL/all,10.8777131493953,,DIP_train,857
AMASS/train,10.872625436113406,,DIP_train,1089
AMASS/all,10.872625436113406,,DIP_train,1089
ALL/all,10.872625436113406,,DIP_train,1089
AMASS/train,10.860685911376528,,DIP_train,787
AMASS/all,10.860685911376528,,DIP_train,787
ALL/all,10.860685911376528,,DIP_train,787
AMASS/train,10.852201118146363,,DIP_train,571
AMASS/all,10.852201118146363,,DIP_train,571
ALL/all,10.852201118146363,,DIP_train,571
AMASS/train,10.84876361218047,,DIP_train,927
AMASS/all,10.84876361218047,,DIP_train,927
ALL/all,10.84876361218047,,DIP_train,927
AMASS/train,10.844721844957764,,DIP_train,95
AMASS/all,10.844721844957764,,DIP_train,95
ALL/all,10.844721844957764,,DIP_train,95
AMASS/train,10.843437561617689,,DIP_train,657
AMASS/all,10.843437561617689,,DIP_train,657
ALL/all,10.843437561617689,,DIP_train,657
AMASS/train,10.830119672372968,,DIP_train,677
AMASS/all,10.830119672372968,,DIP_train,677
ALL/all,10.830119672372968,,DIP_train,677
AMASS/train,10.821806491385107,,DIP_train,771
AMASS/all,10.821806491385107,,DIP_train,771
ALL/all,10.821806491385107,,DIP_train,771
AMASS/train,10.820239668372157,,DIP_train,287
AMASS/all,10.820239668372157,,DIP_train,287
ALL/all,10.820239668372157,,DIP_train,287
ALL/all,10.817801449949728,,DIP_train,1382
TotalCapture/train,10.817801449949728,,DIP_train,23
TotalCapture/all,10.817801449949728,,DIP_train,23
AMASS/train,10.802998184353507,,DIP_train,537
AMASS/all,10.802998184353507,,DIP_train,537
ALL/all,10.802998184353507,,DIP_train,537
AMASS/train,10.795631540535869,,DIP_train,1005
AMASS/all,10.795631540535869,,DIP_train,1005
ALL/all,10.795631540535869,,DIP_train,1005
AMASS/train,10.76617779207397,,DIP_train,761
AMASS/all,10.76617779207397,,DIP_train,761
ALL/all,10.76617779207397,,DIP_train,761
AMASS/train,10.761467263584358,,DIP_train,367
AMASS/all,10.761467263584358,,DIP_train,367
ALL/all,10.761467263584358,,DIP_train,367
AMASS/train,10.758504663643158,,DIP_train,659
AMASS/all,10.758504663643158,,DIP_train,659
ALL/all,10.758504663643158,,DIP_train,659
AMASS/train,10.753115382791016,,DIP_train,1247
AMASS/all,10.753115382791016,,DIP_train,1247
ALL/all,10.753115382791016,,DIP_train,1247
ALL/all,10.738026759964555,,DIP_train,1377
TotalCapture/train,10.738026759964555,,DIP_train,18
TotalCapture/all,10.738026759964555,,DIP_train,18
AMASS/train,10.71046385652651,,DIP_train,1009
AMASS/all,10.71046385652651,,DIP_train,1009
ALL/all,10.71046385652651,,DIP_train,1009
AMASS/train,10.70999026974302,,DIP_train,427
AMASS/all,10.70999026974302,,DIP_train,427
ALL/all,10.70999026974302,,DIP_train,427
AMASS/train,10.699832182709066,,DIP_train,663
AMASS/all,10.699832182709066,,DIP_train,663
ALL/all,10.699832182709066,,DIP_train,663
ALL/all,10.691179294732411,,DIP_train,1379
TotalCapture/train,10.691179294732411,,DIP_train,20
TotalCapture/all,10.691179294732411,,DIP_train,20
AMASS/train,10.683254773253575,,DIP_train,265
AMASS/all,10.683254773253575,,DIP_train,265
ALL/all,10.683254773253575,,DIP_train,265
AMASS/train,10.636947974684997,,DIP_train,369
AMASS/all,10.636947974684997,,DIP_train,369
ALL/all,10.636947974684997,,DIP_train,369
AMASS/train,10.606969775813964,,DIP_train,1251
AMASS/all,10.606969775813964,,DIP_train,1251
ALL/all,10.606969775813964,,DIP_train,1251
AMASS/train,10.603495414962039,,DIP_train,733
AMASS/all,10.603495414962039,,DIP_train,733
ALL/all,10.603495414962039,,DIP_train,733
AMASS/train,10.553061343105798,,DIP_train,1069
AMASS/all,10.553061343105798,,DIP_train,1069
ALL/all,10.553061343105798,,DIP_train,1069
AMASS/train,10.55235184089463,,DIP_train,565
AMASS/all,10.55235184089463,,DIP_train,565
ALL/all,10.55235184089463,,DIP_train,565
AMASS/train,10.537504436318773,,DIP_train,1163
AMASS/all,10.537504436318773,,DIP_train,1163
ALL/all,10.537504436318773,,DIP_train,1163
AMASS/train,10.520077988963052,,DIP_train,1155
AMASS/all,10.520077988963052,,DIP_train,1155
ALL/all,10.520077988963052,,DIP_train,1155
ALL/all,10.50895557897318,,DIP_train,1381
TotalCapture/train,10.50895557897318,,DIP_train,22
TotalCapture/all,10.50895557897318,,DIP_train,22
AMASS/train,10.501027234825228,,DIP_train,621
AMASS/all,10.501027234825228,,DIP_train,621
ALL/all,10.501027234825228,,DIP_train,621
ALL/all,10.497928675667223,,DIP_train,1403
TotalCapture/all,10.497928675667223,,DIP_train,44
TotalCapture/test,10.497928675667223,,DIP_train,3
AMASS/train,10.497212493421424,,DIP_train,1093
AMASS/all,10.497212493421424,,DIP_train,1093
ALL/all,10.497212493421424,,DIP_train,1093
AMASS/train,10.467513188864185,,DIP_train,75
AMASS/all,10.467513188864185,,DIP_train,75
ALL/all,10.467513188864185,,DIP_train,75
AMASS/train,10.434061380307828,,DIP_train,789
AMASS/all,10.434061380307828,,DIP_train,789
ALL/all,10.434061380307828,,DIP_train,789
AMASS/train,10.40106879382441,,DIP_train,185
AMASS/all,10.40106879382441,,DIP_train,185
ALL/all,10.40106879382441,,DIP_train,185
AMASS/train,10.363772225271688,,DIP_train,307
AMASS/all,10.363772225271688,,DIP_train,307
ALL/all,10.363772225271688,,DIP_train,307
AMASS/train,10.359151022331913,,DIP_train,759
AMASS/all,10.359151022331913,,DIP_train,759
ALL/all,10.359151022331913,,DIP_train,759
AMASS/train,10.351614254065666,,DIP_train,1245
AMASS/all,10.351614254065666,,DIP_train,1245
ALL/all,10.351614254065666,,DIP_train,1245
AMASS/train,10.345672034868986,,DIP_train,193
AMASS/all,10.345672034868986,,DIP_train,193
ALL/all,10.345672034868986,,DIP_train,193
AMASS/train,10.344103635264403,,DIP_train,1205
AMASS/all,10.344103635264403,,DIP_train,1205
ALL/all,10.344103635264403,,DIP_train,1205
AMASS/train,10.323844496070523,,DIP_train,1145
AMASS/all,10.323844496070523,,DIP_train,1145
ALL/all,10.323844496070523,,DIP_train,1145
AMASS/train,10.320507123628538,,DIP_train,19
AMASS/all,10.320507123628538,,DIP_train,19
ALL/all,10.320507123628538,,DIP_train,19
AMASS/train,10.309509311311297,,DIP_train,125
AMASS/all,10.309509311311297,,DIP_train,125
ALL/all,10.309509311311297,,DIP_train,125
AMASS/train,10.292395226736286,,DIP_train,515
AMASS/all,10.292395226736286,,DIP_train,515
ALL/all,10.292395226736286,,DIP_train,515
AMASS/train,10.283509875380348,,DIP_train,181
AMASS/all,10.283509875380348,,DIP_train,181
ALL/all,10.283509875380348,,DIP_train,181
AMASS/train,10.270770088583612,,DIP_train,715
AMASS/all,10.270770088583612,,DIP_train,715
ALL/all,10.270770088583612,,DIP_train,715
AMASS/train,10.248852796550597,,DIP_train,509
AMASS/all,10.248852796550597,,DIP_train,509
ALL/all,10.248852796550597,,DIP_train,509
ALL/all,10.234054037280549,,TotalCapture_train,1398
TotalCapture/all,10.234054037280549,,TotalCapture_train,39
TotalCapture/val,10.234054037280549,,TotalCapture_train,3
AMASS/train,10.2142076623444,,DIP_train,1243
AMASS/all,10.2142076623444,,DIP_train,1243
ALL/all,10.2142076623444,,DIP_train,1243
AMASS/train,10.21338534211867,,DIP_train,1221
AMASS/all,10.21338534211867,,DIP_train,1221
ALL/all,10.21338534211867,,DIP_train,1221
AMASS/train,10.20825099979106,,DIP_train,473
AMASS/all,10.20825099979106,,DIP_train,473
ALL/all,10.20825099979106,,DIP_train,473
AMASS/train,10.195484127184946,,DIP_train,807
AMASS/all,10.195484127184946,,DIP_train,807
ALL/all,10.195484127184946,,DIP_train,807
AMASS/train,10.172489602341221,,DIP_train,871
AMASS/all,10.172489602341221,,DIP_train,871
ALL/all,10.172489602341221,,DIP_train,871
AMASS/train,10.149894936653478,,DIP_train,417
AMASS/all,10.149894936653478,,DIP_train,417
ALL/all,10.149894936653478,,DIP_train,417
AMASS/train,10.146422512722799,,DIP_train,1073
AMASS/all,10.146422512722799,,DIP_train,1073
ALL/all,10.146422512722799,,DIP_train,1073
AMASS/train,10.138812740502066,,DIP_train,327
AMASS/all,10.138812740502066,,DIP_train,327
ALL/all,10.138812740502066,,DIP_train,327
AMASS/train,10.13769738517589,,DIP_train,1041
AMASS/all,10.13769738517589,,DIP_train,1041
ALL/all,10.13769738517589,,DIP_train,1041
AMASS/train,10.115416645816117,,DIP_train,27
AMASS/all,10.115416645816117,,DIP_train,27
ALL/all,10.115416645816117,,DIP_train,27
AMASS/train,10.099468586796696,,DIP_train,111
AMASS/all,10.099468586796696,,DIP_train,111
ALL/all,10.099468586796696,,DIP_train,111
AMASS/train,10.09348728417136,,DIP_train,437
AMASS/all,10.09348728417136,,DIP_train,437
ALL/all,10.09348728417136,,DIP_train,437
ALL/all,10.069848361424095,,DIP_train,1401
TotalCapture/all,10.069848361424095,,DIP_train,42
TotalCapture/test,10.069848361424095,,DIP_train,1
AMASS/train,10.067319159708559,,DIP_train,631
AMASS/all,10.067319159708559,,DIP_train,631
ALL/all,10.067319159708559,,DIP_train,631
AMASS/train,10.052208935363293,,DIP_train,751
AMASS/all,10.052208935363293,,DIP_train,751
ALL/all,10.052208935363293,,DIP_train,751
AMASS/train,10.050157277657183,,DIP_train,645
AMASS/all,10.050157277657183,,DIP_train,645
ALL/all,10.050157277657183,,DIP_train,645
ALL/all,10.036190192438566,,DIP_train,1361
TotalCapture/train,10.036190192438566,,DIP_train,2
TotalCapture/all,10.036190192438566,,DIP_train,2
AMASS/train,10.032812740307662,,DIP_train,3
AMASS/all,10.032812740307662,,DIP_train,3
ALL/all,10.032812740307662,,DIP_train,3
AMASS/train,10.02331023290843,,DIP_train,21
AMASS/all,10.02331023290843,,DIP_train,21
ALL/all,10.02331023290843,,DIP_train,21
ALL/all,10.022815630663526,,TotalCapture_train,1312
DIP/train,10.022815630663526,,TotalCapture_train,14
DIP/all,10.022815630663526,,TotalCapture_train,14
AMASS/train,10.011946588754254,,DIP_train,541
AMASS/all,10.011946588754254,,DIP_train,541
ALL/all,10.011946588754254,,DIP_train,541
AMASS/train,10.008804266988495,,DIP_train,845
AMASS/all,10.008804266988495,,DIP_train,845
ALL/all,10.008804266988495,,DIP_train,845
AMASS/train,10.002476428793832,,DIP_train,879
AMASS/all,10.002476428793832,,DIP_train,879
ALL/all,10.002476428793832,,DIP_train,879
AMASS/train,9.992888008939369,,DIP_train,363
AMASS/all,9.992888008939369,,DIP_train,363
ALL/all,9.992888008939369,,DIP_train,363
AMASS/train,9.986981385263002,,DIP_train,963
AMASS/all,9.986981385263002,,DIP_train,963
ALL/all,9.986981385263002,,DIP_train,963
AMASS/train,9.949879871617563,,DIP_train,831
AMASS/all,9.949879871617563,,DIP_train,831
ALL/all,9.949879871617563,,DIP_train,831
AMASS/train,9.934450142898894,,DIP_train,389
AMASS/all,9.934450142898894,,DIP_train,389
ALL/all,9.934450142898894,,DIP_train,389
AMASS/train,9.926327442157133,,DIP_train,321
AMASS/all,9.926327442157133,,DIP_train,321
ALL/all,9.926327442157133,,DIP_train,321
AMASS/train,9.918364816414085,,DIP_train,263
AMASS/all,9.918364816414085,,DIP_train,263
ALL/all,9.918364816414085,,DIP_train,263
AMASS/train,9.91758055967116,,DIP_train,791
AMASS/all,9.91758055967116,,DIP_train,791
ALL/all,9.91758055967116,,DIP_train,791
AMASS/train,9.907633504376058,,DIP_train,293
AMASS/all,9.907633504376058,,DIP_train,293
ALL/all,9.907633504376058,,DIP_train,293
ALL/all,9.904023803346334,,DIP_train,1387
TotalCapture/train,9.904023803346334,,DIP_train,28
TotalCapture/all,9.904023803346334,,DIP_train,28
AMASS/train,9.898701706972126,,DIP_train,261
AMASS/all,9.898701706972126,,DIP_train,261
ALL/all,9.898701706972126,,DIP_train,261
AMASS/train,9.877708878152728,,DIP_train,1183
AMASS/all,9.877708878152728,,DIP_train,1183
ALL/all,9.877708878152728,,DIP_train,1183
AMASS/train,9.861666515142714,,DIP_train,415
AMASS/all,9.861666515142714,,DIP_train,415
ALL/all,9.861666515142714,,DIP_train,415
ALL/all,9.856111441738587,,DIP_train,1396
TotalCapture/all,9.856111441738587,,DIP_train,37
TotalCapture/val,9.856111441738587,,DIP_train,1
AMASS/train,9.8080979940241,,DIP_train,721
AMASS/all,9.8080979940241,,DIP_train,721
ALL/all,9.8080979940241,,DIP_train,721
AMASS/train,9.797728081073432,,DIP_train,267
AMASS/all,9.797728081073432,,DIP_train,267
ALL/all,9.797728081073432,,DIP_train,267
ALL/all,9.791035968378445,,TotalCapture_train,1330
DIP/train,9.791035968378445,,TotalCapture_train,32
DIP/all,9.791035968378445,,TotalCapture_train,32
AMASS/train,9.790245863114825,,DIP_train,105
AMASS/all,9.790245863114825,,DIP_train,105
ALL/all,9.790245863114825,,DIP_train,105
AMASS/train,9.778800202694638,,DIP_train,77
AMASS/all,9.778800202694638,,DIP_train,77
ALL/all,9.778800202694638,,DIP_train,77
AMASS/train,9.773941854732291,,DIP_train,25
AMASS/all,9.773941854732291,,DIP_train,25
ALL/all,9.773941854732291,,DIP_train,25
AMASS/train,9.739536530299116,,DIP_train,359
AMASS/all,9.739536530299116,,DIP_train,359
ALL/all,9.739536530299116,,DIP_train,359
AMASS/train,9.737659677620252,,DIP_train,1175
AMASS/all,9.737659677620252,,DIP_train,1175
ALL/all,9.737659677620252,,DIP_train,1175
AMASS/train,9.727080473470968,,DIP_train,883
AMASS/all,9.727080473470968,,DIP_train,883
ALL/all,9.727080473470968,,DIP_train,883
AMASS/train,9.70749796257273,,DIP_train,899
AMASS/all,9.70749796257273,,DIP_train,899
ALL/all,9.70749796257273,,DIP_train,899
AMASS/train,9.697601487383578,,DIP_train,401
AMASS/all,9.697601487383578,,DIP_train,401
ALL/all,9.697601487383578,,DIP_train,401
AMASS/train,9.670413222300311,,DIP_train,609
AMASS/all,9.670413222300311,,DIP_train,609
ALL/all,9.670413222300311,,DIP_train,609
ALL/all,9.663159036955518,,DIP_train,1398
TotalCapture/all,9.663159036955518,,DIP_train,39
TotalCapture/val,9.663159036955518,,DIP_train,3
AMASS/train,9.652595278985121,,DIP_train,893
AMASS/all,9.652595278985121,,DIP_train,893
ALL/all,9.652595278985121,,DIP_train,893
AMASS/train,9.65248213633096,,DIP_train,1201
AMASS/all,9.65248213633096,,DIP_train,1201
ALL/all,9.65248213633096,,DIP_train,1201
ALL/all,9.608996952179082,,DIP_train,1388
TotalCapture/train,9.608996952179082,,DIP_train,29
TotalCapture/all,9.608996952179082,,DIP_train,29
ALL/all,9.606029107542513,,DIP_train,1364
TotalCapture/train,9.606029107542513,,DIP_train,5
TotalCapture/all,9.606029107542513,,DIP_train,5
AMASS/train,9.584821697193192,,DIP_train,465
AMASS/all,9.584821697193192,,DIP_train,465
ALL/all,9.584821697193192,,DIP_train,465
AMASS/train,9.583104432201775,,DIP_train,1191
AMASS/all,9.583104432201775,,DIP_train,1191
ALL/all,9.583104432201775,,DIP_train,1191
AMASS/train,9.576957922076016,,DIP_train,743
AMASS/all,9.576957922076016,,DIP_train,743
ALL/all,9.576957922076016,,DIP_train,743
AMASS/train,9.571594012580857,,DIP_train,687
AMASS/all,9.571594012580857,,DIP_train,687
ALL/all,9.571594012580857,,DIP_train,687
AMASS/train,9.56768598042902,,DIP_train,665
AMASS/all,9.56768598042902,,DIP_train,665
ALL/all,9.56768598042902,,DIP_train,665
ALL/all,9.566084645753472,,DIP_train,1376
TotalCapture/train,9.566084645753472,,DIP_train,17
TotalCapture/all,9.566084645753472,,DIP_train,17
AMASS/train,9.516275814076309,,DIP_train,137
AMASS/all,9.516275814076309,,DIP_train,137
ALL/all,9.516275814076309,,DIP_train,137
AMASS/train,9.507764629090898,,DIP_train,1159
AMASS/all,9.507764629090898,,DIP_train,1159
ALL/all,9.507764629090898,,DIP_train,1159
AMASS/train,9.495494944890392,,DIP_train,1067
AMASS/all,9.495494944890392,,DIP_train,1067
ALL/all,9.495494944890392,,DIP_train,1067
AMASS/train,9.49367064422884,,DIP_train,1033
AMASS/all,9.49367064422884,,DIP_train,1033
ALL/all,9.49367064422884,,DIP_train,1033
AMASS/train,9.473894999217833,,DIP_train,991
AMASS/all,9.473894999217833,,DIP_train,991
ALL/all,9.473894999217833,,DIP_train,991
AMASS/train,9.42863627895488,,DIP_train,317
AMASS/all,9.42863627895488,,DIP_train,317
ALL/all,9.42863627895488,,DIP_train,317
ALL/all,9.416070706285149,,DIP_train,1384
TotalCapture/train,9.416070706285149,,DIP_train,25
TotalCapture/all,9.416070706285149,,DIP_train,25
AMASS/train,9.409007702107887,,DIP_train,296
AMASS/all,9.409007702107887,,DIP_train,296
ALL/all,9.409007702107887,,DIP_train,296
AMASS/train,9.399426826246922,,DIP_train,309
AMASS/all,9.399426826246922,,DIP_train,309
ALL/all,9.399426826246922,,DIP_train,309
AMASS/train,9.394978957505035,,DIP_train,477
AMASS/all,9.394978957505035,,DIP_train,477
ALL/all,9.394978957505035,,DIP_train,477
AMASS/train,9.375847316977167,,DIP_train,579
AMASS/all,9.375847316977167,,DIP_train,579
ALL/all,9.375847316977167,,DIP_train,579
AMASS/train,9.359619551012116,,DIP_train,947
AMASS/all,9.359619551012116,,DIP_train,947
ALL/all,9.359619551012116,,DIP_train,947
AMASS/train,9.358263216673983,,DIP_train,1297
AMASS/all,9.358263216673983,,DIP_train,1297
ALL/all,9.358263216673983,,DIP_train,1297
ALL/all,9.353038761841445,,DIP_train,1390
TotalCapture/train,9.353038761841445,,DIP_train,31
TotalCapture/all,9.353038761841445,,DIP_train,31
AMASS/train,9.350563402530028,,DIP_train,481
AMASS/all,9.350563402530028,,DIP_train,481
ALL/all,9.350563402530028,,DIP_train,481
AMASS/train,9.32843939178623,,DIP_train,18
AMASS/all,9.32843939178623,,DIP_train,18
ALL/all,9.32843939178623,,DIP_train,18
AMASS/train,9.303066380351662,,DIP_train,723
AMASS/all,9.303066380351662,,DIP_train,723
ALL/all,9.303066380351662,,DIP_train,723
AMASS/train,9.301039055121597,,DIP_train,865
AMASS/all,9.301039055121597,,DIP_train,865
ALL/all,9.301039055121597,,DIP_train,865
AMASS/train,9.289124901923191,,DIP_train,1263
AMASS/all,9.289124901923191,,DIP_train,1263
ALL/all,9.289124901923191,,DIP_train,1263
AMASS/train,9.27777932740918,,DIP_train,543
AMASS/all,9.27777932740918,,DIP_train,543
ALL/all,9.27777932740918,,DIP_train,543
ALL/all,9.276160723690408,,TotalCapture_train,1309
DIP/train,9.276160723690408,,TotalCapture_train,11
DIP/all,9.276160723690408,,TotalCapture_train,11
AMASS/train,9.275237320956974,,DIP_train,20
AMASS/all,9.275237320956974,,DIP_train,20
ALL/all,9.275237320956974,,DIP_train,20
AMASS/train,9.261542869081364,,DIP_train,429
AMASS/all,9.261542869081364,,DIP_train,429
ALL/all,9.261542869081364,,DIP_train,429
AMASS/train,9.260336208360995,,DIP_train,347
AMASS/all,9.260336208360995,,DIP_train,347
ALL/all,9.260336208360995,,DIP_train,347
AMASS/train,9.258484824309765,,DIP_train,1030
AMASS/all,9.258484824309765,,DIP_train,1030
ALL/all,9.258484824309765,,DIP_train,1030
AMASS/train,9.25748208564005,,DIP_train,1062
AMASS/all,9.25748208564005,,DIP_train,1062
ALL/all,9.25748208564005,,DIP_train,1062
AMASS/train,9.257141374526737,,DIP_train,1049
AMASS/all,9.257141374526737,,DIP_train,1049
ALL/all,9.257141374526737,,DIP_train,1049
AMASS/train,9.239199248495009,,DIP_train,351
AMASS/all,9.239199248495009,,DIP_train,351
ALL/all,9.239199248495009,,DIP_train,351
AMASS/train,9.21176325567093,,DIP_train,507
AMASS/all,9.21176325567093,,DIP_train,507
ALL/all,9.21176325567093,,DIP_train,507
AMASS/train,9.209102044640373,,DIP_train,1172
AMASS/all,9.209102044640373,,DIP_train,1172
ALL/all,9.209102044640373,,DIP_train,1172
AMASS/train,9.207595465979459,,DIP_train,292
AMASS/all,9.207595465979459,,DIP_train,292
ALL/all,9.207595465979459,,DIP_train,292
ALL/all,9.1917016275508,,DIP_train,1393
TotalCapture/train,9.1917016275508,,DIP_train,34
TotalCapture/all,9.1917016275508,,DIP_train,34
AMASS/train,9.189692736816692,,DIP_train,1156
AMASS/all,9.189692736816692,,DIP_train,1156
ALL/all,9.189692736816692,,DIP_train,1156
AMASS/train,9.170486010985725,,DIP_train,44
AMASS/all,9.170486010985725,,DIP_train,44
ALL/all,9.170486010985725,,DIP_train,44
AMASS/train,9.16910311402923,,DIP_train,179
AMASS/all,9.16910311402923,,DIP_train,179
ALL/all,9.16910311402923,,DIP_train,179
AMASS/train,9.167126997282942,,DIP_train,145
AMASS/all,9.167126997282942,,DIP_train,145
ALL/all,9.167126997282942,,DIP_train,145
AMASS/train,9.165387307443606,,DIP_train,1075
AMASS/all,9.165387307443606,,DIP_train,1075
ALL/all,9.165387307443606,,DIP_train,1075
AMASS/train,9.162184809350453,,DIP_train,1028
AMASS/all,9.162184809350453,,DIP_train,1028
ALL/all,9.162184809350453,,DIP_train,1028
AMASS/train,9.157750669923079,,DIP_train,985
AMASS/all,9.157750669923079,,DIP_train,985
ALL/all,9.157750669923079,,DIP_train,985
AMASS/train,9.155312249811614,,DIP_train,46
AMASS/all,9.155312249811614,,DIP_train,46
ALL/all,9.155312249811614,,DIP_train,46
AMASS/train,9.1433261787941,,DIP_train,294
AMASS/all,9.1433261787941,,DIP_train,294
ALL/all,9.1433261787941,,DIP_train,294
AMASS/train,9.141225725586345,,DIP_train,130
AMASS/all,9.141225725586345,,DIP_train,130
ALL/all,9.141225725586345,,DIP_train,130
AMASS/train,9.13871900840279,,DIP_train,329
AMASS/all,9.13871900840279,,DIP_train,329
ALL/all,9.13871900840279,,DIP_train,329
AMASS/train,9.131946369314758,,DIP_train,1078
AMASS/all,9.131946369314758,,DIP_train,1078
ALL/all,9.131946369314758,,DIP_train,1078
AMASS/train,9.12044576912846,,DIP_train,28
AMASS/all,9.12044576912846,,DIP_train,28
ALL/all,9.12044576912846,,DIP_train,28
AMASS/train,9.113690822426765,,DIP_train,110
AMASS/all,9.113690822426765,,DIP_train,110
ALL/all,9.113690822426765,,DIP_train,110
AMASS/train,9.113431443800534,,DIP_train,322
AMASS/all,9.113431443800534,,DIP_train,322
ALL/all,9.113431443800534,,DIP_train,322
AMASS/train,9.111861569294632,,DIP_train,1286
AMASS/all,9.111861569294632,,DIP_train,1286
ALL/all,9.111861569294632,,DIP_train,1286
AMASS/train,9.111628419396334,,DIP_train,80
AMASS/all,9.111628419396334,,DIP_train,80
ALL/all,9.111628419396334,,DIP_train,80
AMASS/train,9.11043794505888,,DIP_train,1038
AMASS/all,9.11043794505888,,DIP_train,1038
ALL/all,9.11043794505888,,DIP_train,1038
AMASS/train,9.110428896102288,,DIP_train,132
AMASS/all,9.110428896102288,,DIP_train,132
ALL/all,9.110428896102288,,DIP_train,132
AMASS/train,9.108748776534068,,DIP_train,691
AMASS/all,9.108748776534068,,DIP_train,691
ALL/all,9.108748776534068,,DIP_train,691
AMASS/train,9.107702705635143,,DIP_train,89
AMASS/all,9.107702705635143,,DIP_train,89
ALL/all,9.107702705635143,,DIP_train,89
AMASS/train,9.106628688756837,,DIP_train,150
AMASS/all,9.106628688756837,,DIP_train,150
ALL/all,9.106628688756837,,DIP_train,150
AMASS/train,9.1025929658226,,DIP_train,320
AMASS/all,9.1025929658226,,DIP_train,320
ALL/all,9.1025929658226,,DIP_train,320
AMASS/train,9.102308043560823,,DIP_train,843
AMASS/all,9.102308043560823,,DIP_train,843
ALL/all,9.102308043560823,,DIP_train,843
AMASS/train,9.101291992712829,,DIP_train,148
AMASS/all,9.101291992712829,,DIP_train,148
ALL/all,9.101291992712829,,DIP_train,148
AMASS/train,9.100061803931043,,DIP_train,146
AMASS/all,9.100061803931043,,DIP_train,146
ALL/all,9.100061803931043,,DIP_train,146
AMASS/train,9.098474018144943,,DIP_train,324
AMASS/all,9.098474018144943,,DIP_train,324
ALL/all,9.098474018144943,,DIP_train,324
AMASS/train,9.096104627852657,,DIP_train,164
AMASS/all,9.096104627852657,,DIP_train,164
ALL/all,9.096104627852657,,DIP_train,164
AMASS/train,9.091972021010402,,DIP_train,76
AMASS/all,9.091972021010402,,DIP_train,76
ALL/all,9.091972021010402,,DIP_train,76
AMASS/train,9.091404168342594,,DIP_train,66
AMASS/all,9.091404168342594,,DIP_train,66
ALL/all,9.091404168342594,,DIP_train,66
AMASS/train,9.087820470351245,,DIP_train,108
AMASS/all,9.087820470351245,,DIP_train,108
ALL/all,9.087820470351245,,DIP_train,108
AMASS/train,9.083810149405135,,DIP_train,74
AMASS/all,9.083810149405135,,DIP_train,74
ALL/all,9.083810149405135,,DIP_train,74
AMASS/train,9.08367501728415,,DIP_train,1042
AMASS/all,9.08367501728415,,DIP_train,1042
ALL/all,9.08367501728415,,DIP_train,1042
AMASS/train,9.081303184341998,,DIP_train,326
AMASS/all,9.081303184341998,,DIP_train,326
ALL/all,9.081303184341998,,DIP_train,326
AMASS/train,9.07894512495263,,DIP_train,1106
AMASS/all,9.07894512495263,,DIP_train,1106
ALL/all,9.07894512495263,,DIP_train,1106
AMASS/train,9.078840936853144,,DIP_train,68
AMASS/all,9.078840936853144,,DIP_train,68
ALL/all,9.078840936853144,,DIP_train,68
AMASS/train,9.077188189444229,,DIP_train,52
AMASS/all,9.077188189444229,,DIP_train,52
ALL/all,9.077188189444229,,DIP_train,52
AMASS/train,9.076381261300034,,DIP_train,60
AMASS/all,9.076381261300034,,DIP_train,60
ALL/all,9.076381261300034,,DIP_train,60
AMASS/train,9.075227087744619,,DIP_train,56
AMASS/all,9.075227087744619,,DIP_train,56
ALL/all,9.075227087744619,,DIP_train,56
AMASS/train,9.074123901574982,,DIP_train,72
AMASS/all,9.074123901574982,,DIP_train,72
ALL/all,9.074123901574982,,DIP_train,72
AMASS/train,9.071270068365665,,DIP_train,1020
AMASS/all,9.071270068365665,,DIP_train,1020
ALL/all,9.071270068365665,,DIP_train,1020
AMASS/train,9.071157036178978,,DIP_train,64
AMASS/all,9.071157036178978,,DIP_train,64
ALL/all,9.071157036178978,,DIP_train,64
AMASS/train,9.07110631532004,,DIP_train,250
AMASS/all,9.07110631532004,,DIP_train,250
ALL/all,9.07110631532004,,DIP_train,250
AMASS/train,9.070951498064733,,DIP_train,1166
AMASS/all,9.070951498064733,,DIP_train,1166
ALL/all,9.070951498064733,,DIP_train,1166
AMASS/train,9.067690534150762,,DIP_train,90
AMASS/all,9.067690534150762,,DIP_train,90
ALL/all,9.067690534150762,,DIP_train,90
AMASS/train,9.067450276749682,,DIP_train,1026
AMASS/all,9.067450276749682,,DIP_train,1026
ALL/all,9.067450276749682,,DIP_train,1026
AMASS/train,9.066212749554685,,DIP_train,328
AMASS/all,9.066212749554685,,DIP_train,328
ALL/all,9.066212749554685,,DIP_train,328
AMASS/train,9.065035414132913,,DIP_train,58
AMASS/all,9.065035414132913,,DIP_train,58
ALL/all,9.065035414132913,,DIP_train,58
AMASS/train,9.063450702966133,,DIP_train,162
AMASS/all,9.063450702966133,,DIP_train,162
ALL/all,9.063450702966133,,DIP_train,162
AMASS/train,9.063219800522512,,DIP_train,70
AMASS/all,9.063219800522512,,DIP_train,70
ALL/all,9.063219800522512,,DIP_train,70
AMASS/train,9.06267952982607,,DIP_train,92
AMASS/all,9.06267952982607,,DIP_train,92
ALL/all,9.06267952982607,,DIP_train,92
AMASS/train,9.060430584288058,,DIP_train,268
AMASS/all,9.060430584288058,,DIP_train,268
ALL/all,9.060430584288058,,DIP_train,268
AMASS/train,9.060212243053757,,DIP_train,94
AMASS/all,9.060212243053757,,DIP_train,94
ALL/all,9.060212243053757,,DIP_train,94
AMASS/train,9.059194874093958,,DIP_train,1064
AMASS/all,9.059194874093958,,DIP_train,1064
ALL/all,9.059194874093958,,DIP_train,1064
AMASS/train,9.058250376186717,,DIP_train,78
AMASS/all,9.058250376186717,,DIP_train,78
ALL/all,9.058250376186717,,DIP_train,78
AMASS/train,9.057862434084532,,DIP_train,334
AMASS/all,9.057862434084532,,DIP_train,334
ALL/all,9.057862434084532,,DIP_train,334
AMASS/train,9.056998679322326,,DIP_train,26
AMASS/all,9.056998679322326,,DIP_train,26
ALL/all,9.056998679322326,,DIP_train,26
AMASS/train,9.054196331942473,,DIP_train,160
AMASS/all,9.054196331942473,,DIP_train,160
ALL/all,9.054196331942473,,DIP_train,160
AMASS/train,9.052835110758037,,DIP_train,112
AMASS/all,9.052835110758037,,DIP_train,112
ALL/all,9.052835110758037,,DIP_train,112
AMASS/train,9.051112717458418,,DIP_train,1180
AMASS/all,9.051112717458418,,DIP_train,1180
ALL/all,9.051112717458418,,DIP_train,1180
AMASS/train,9.050157240338194,,DIP_train,106
AMASS/all,9.050157240338194,,DIP_train,106
ALL/all,9.050157240338194,,DIP_train,106
AMASS/train,9.048904501480765,,DIP_train,124
AMASS/all,9.048904501480765,,DIP_train,124
ALL/all,9.048904501480765,,DIP_train,124
AMASS/train,9.044232703876753,,DIP_train,86
AMASS/all,9.044232703876753,,DIP_train,86
ALL/all,9.044232703876753,,DIP_train,86
AMASS/train,9.040184620080604,,DIP_train,1060
AMASS/all,9.040184620080604,,DIP_train,1060
ALL/all,9.040184620080604,,DIP_train,1060
AMASS/train,9.039503289649723,,DIP_train,84
AMASS/all,9.039503289649723,,DIP_train,84
ALL/all,9.039503289649723,,DIP_train,84
AMASS/train,9.035077855272043,,DIP_train,82
AMASS/all,9.035077855272043,,DIP_train,82
ALL/all,9.035077855272043,,DIP_train,82
AMASS/train,9.034606057414086,,DIP_train,88
AMASS/all,9.034606057414086,,DIP_train,88
ALL/all,9.034606057414086,,DIP_train,88
AMASS/train,9.031575505248034,,DIP_train,62
AMASS/all,9.031575505248034,,DIP_train,62
ALL/all,9.031575505248034,,DIP_train,62
AMASS/train,9.029783790625787,,DIP_train,104
AMASS/all,9.029783790625787,,DIP_train,104
ALL/all,9.029783790625787,,DIP_train,104
AMASS/train,9.027143837507543,,DIP_train,1086
AMASS/all,9.027143837507543,,DIP_train,1086
ALL/all,9.027143837507543,,DIP_train,1086
AMASS/train,9.025681314055657,,DIP_train,24
AMASS/all,9.025681314055657,,DIP_train,24
ALL/all,9.025681314055657,,DIP_train,24
AMASS/train,9.023731435753238,,DIP_train,318
AMASS/all,9.023731435753238,,DIP_train,318
ALL/all,9.023731435753238,,DIP_train,318
AMASS/train,9.021288719253397,,DIP_train,1008
AMASS/all,9.021288719253397,,DIP_train,1008
ALL/all,9.021288719253397,,DIP_train,1008
AMASS/train,9.020869413040655,,DIP_train,1034
AMASS/all,9.020869413040655,,DIP_train,1034
ALL/all,9.020869413040655,,DIP_train,1034
AMASS/train,9.020304398926246,,DIP_train,1277
AMASS/all,9.020304398926246,,DIP_train,1277
ALL/all,9.020304398926246,,DIP_train,1277
AMASS/train,9.019150727045073,,DIP_train,1126
AMASS/all,9.019150727045073,,DIP_train,1126
ALL/all,9.019150727045073,,DIP_train,1126
AMASS/train,9.01613957190792,,DIP_train,1046
AMASS/all,9.01613957190792,,DIP_train,1046
ALL/all,9.01613957190792,,DIP_train,1046
AMASS/train,9.015291802088552,,DIP_train,126
AMASS/all,9.015291802088552,,DIP_train,126
ALL/all,9.015291802088552,,DIP_train,126
AMASS/train,9.012678121862393,,DIP_train,556
AMASS/all,9.012678121862393,,DIP_train,556
ALL/all,9.012678121862393,,DIP_train,556
AMASS/train,9.010500706430287,,DIP_train,22
AMASS/all,9.010500706430287,,DIP_train,22
ALL/all,9.010500706430287,,DIP_train,22
AMASS/train,9.008024670470972,,DIP_train,286
AMASS/all,9.008024670470972,,DIP_train,286
ALL/all,9.008024670470972,,DIP_train,286
AMASS/train,9.007319560010588,,DIP_train,122
AMASS/all,9.007319560010588,,DIP_train,122
ALL/all,9.007319560010588,,DIP_train,122
AMASS/train,9.006383836268663,,DIP_train,128
AMASS/all,9.006383836268663,,DIP_train,128
ALL/all,9.006383836268663,,DIP_train,128
AMASS/train,9.005865431779348,,DIP_train,40
AMASS/all,9.005865431779348,,DIP_train,40
ALL/all,9.005865431779348,,DIP_train,40
AMASS/train,9.005456824116298,,DIP_train,36
AMASS/all,9.005456824116298,,DIP_train,36
ALL/all,9.005456824116298,,DIP_train,36
AMASS/train,9.00297795671237,,DIP_train,1002
AMASS/all,9.00297795671237,,DIP_train,1002
ALL/all,9.00297795671237,,DIP_train,1002
AMASS/train,9.001953693000107,,DIP_train,977
AMASS/all,9.001953693000107,,DIP_train,977
ALL/all,9.001953693000107,,DIP_train,977
AMASS/train,9.001529462225504,,DIP_train,794
AMASS/all,9.001529462225504,,DIP_train,794
ALL/all,9.001529462225504,,DIP_train,794
AMASS/train,9.00148123781357,,DIP_train,959
AMASS/all,9.00148123781357,,DIP_train,959
ALL/all,9.00148123781357,,DIP_train,959
AMASS/train,9.001179922420171,,DIP_train,298
AMASS/all,9.001179922420171,,DIP_train,298
ALL/all,9.001179922420171,,DIP_train,298
AMASS/train,8.997815758963254,,DIP_train,1036
AMASS/all,8.997815758963254,,DIP_train,1036
ALL/all,8.997815758963254,,DIP_train,1036
AMASS/train,8.997029137150337,,DIP_train,1132
AMASS/all,8.997029137150337,,DIP_train,1132
ALL/all,8.997029137150337,,DIP_train,1132
AMASS/train,8.994646148358148,,DIP_train,534
AMASS/all,8.994646148358148,,DIP_train,534
ALL/all,8.994646148358148,,DIP_train,534
AMASS/train,8.994130435670774,,DIP_train,1048
AMASS/all,8.994130435670774,,DIP_train,1048
ALL/all,8.994130435670774,,DIP_train,1048
AMASS/train,8.992644447123654,,DIP_train,497
AMASS/all,8.992644447123654,,DIP_train,497
ALL/all,8.992644447123654,,DIP_train,497
AMASS/train,8.992636868008324,,DIP_train,564
AMASS/all,8.992636868008324,,DIP_train,564
ALL/all,8.992636868008324,,DIP_train,564
AMASS/train,8.990644302711134,,DIP_train,994
AMASS/all,8.990644302711134,,DIP_train,994
ALL/all,8.990644302711134,,DIP_train,994
AMASS/train,8.988891322300635,,DIP_train,246
AMASS/all,8.988891322300635,,DIP_train,246
ALL/all,8.988891322300635,,DIP_train,246
AMASS/train,8.9884303897668,,DIP_train,300
AMASS/all,8.9884303897668,,DIP_train,300
ALL/all,8.9884303897668,,DIP_train,300
AMASS/train,8.988238984363537,,DIP_train,1018
AMASS/all,8.988238984363537,,DIP_train,1018
ALL/all,8.988238984363537,,DIP_train,1018
AMASS/train,8.987586329674523,,DIP_train,120
AMASS/all,8.987586329674523,,DIP_train,120
ALL/all,8.987586329674523,,DIP_train,120
AMASS/train,8.98688945855875,,DIP_train,38
AMASS/all,8.98688945855875,,DIP_train,38
ALL/all,8.98688945855875,,DIP_train,38
AMASS/train,8.984878196391836,,DIP_train,346
AMASS/all,8.984878196391836,,DIP_train,346
ALL/all,8.984878196391836,,DIP_train,346
AMASS/train,8.984352012433929,,DIP_train,403
AMASS/all,8.984352012433929,,DIP_train,403
ALL/all,8.984352012433929,,DIP_train,403
AMASS/train,8.981787022855888,,DIP_train,356
AMASS/all,8.981787022855888,,DIP_train,356
ALL/all,8.981787022855888,,DIP_train,356
AMASS/train,8.981606045869174,,DIP_train,1162
AMASS/all,8.981606045869174,,DIP_train,1162
ALL/all,8.981606045869174,,DIP_train,1162
AMASS/train,8.979747975423908,,DIP_train,1012
AMASS/all,8.979747975423908,,DIP_train,1012
ALL/all,8.979747975423908,,DIP_train,1012
AMASS/train,8.978305799755852,,DIP_train,1006
AMASS/all,8.978305799755852,,DIP_train,1006
ALL/all,8.978305799755852,,DIP_train,1006
AMASS/train,8.978168953629426,,DIP_train,10
AMASS/all,8.978168953629426,,DIP_train,10
ALL/all,8.978168953629426,,DIP_train,10
AMASS/train,8.977970860405835,,DIP_train,6
AMASS/all,8.977970860405835,,DIP_train,6
ALL/all,8.977970860405835,,DIP_train,6
AMASS/train,8.977947432794254,,DIP_train,172
AMASS/all,8.977947432794254,,DIP_train,172
ALL/all,8.977947432794254,,DIP_train,172
AMASS/train,8.977552039612803,,DIP_train,348
AMASS/all,8.977552039612803,,DIP_train,348
ALL/all,8.977552039612803,,DIP_train,348
AMASS/train,8.976911634160306,,DIP_train,562
AMASS/all,8.976911634160306,,DIP_train,562
ALL/all,8.976911634160306,,DIP_train,562
AMASS/train,8.974964201732499,,DIP_train,1154
AMASS/all,8.974964201732499,,DIP_train,1154
ALL/all,8.974964201732499,,DIP_train,1154
AMASS/train,8.974455860800418,,DIP_train,332
AMASS/all,8.974455860800418,,DIP_train,332
ALL/all,8.974455860800418,,DIP_train,332
AMASS/train,8.974254342063755,,DIP_train,753
AMASS/all,8.974254342063755,,DIP_train,753
ALL/all,8.974254342063755,,DIP_train,753
AMASS/train,8.974196674035069,,DIP_train,248
AMASS/all,8.974196674035069,,DIP_train,248
ALL/all,8.974196674035069,,DIP_train,248
AMASS/train,8.97305678032826,,DIP_train,1144
AMASS/all,8.97305678032826,,DIP_train,1144
ALL/all,8.97305678032826,,DIP_train,1144
AMASS/train,8.973055178268632,,DIP_train,288
AMASS/all,8.973055178268632,,DIP_train,288
ALL/all,8.973055178268632,,DIP_train,288
AMASS/train,8.972529609476796,,DIP_train,350
AMASS/all,8.972529609476796,,DIP_train,350
ALL/all,8.972529609476796,,DIP_train,350
AMASS/train,8.972415922318154,,DIP_train,1054
AMASS/all,8.972415922318154,,DIP_train,1054
ALL/all,8.972415922318154,,DIP_train,1054
AMASS/train,8.971958293999336,,DIP_train,1092
AMASS/all,8.971958293999336,,DIP_train,1092
ALL/all,8.971958293999336,,DIP_train,1092
AMASS/train,8.970847902979541,,DIP_train,344
AMASS/all,8.970847902979541,,DIP_train,344
ALL/all,8.970847902979541,,DIP_train,344
AMASS/train,8.969601425881466,,DIP_train,696
AMASS/all,8.969601425881466,,DIP_train,696
ALL/all,8.969601425881466,,DIP_train,696
AMASS/train,8.968140289497123,,DIP_train,50
AMASS/all,8.968140289497123,,DIP_train,50
ALL/all,8.968140289497123,,DIP_train,50
AMASS/train,8.96596935162711,,DIP_train,118
AMASS/all,8.96596935162711,,DIP_train,118
ALL/all,8.96596935162711,,DIP_train,118
AMASS/train,8.965295574690023,,DIP_train,810
AMASS/all,8.965295574690023,,DIP_train,810
ALL/all,8.965295574690023,,DIP_train,810
AMASS/train,8.964996188028401,,DIP_train,1010
AMASS/all,8.964996188028401,,DIP_train,1010
ALL/all,8.964996188028401,,DIP_train,1010
AMASS/train,8.964977479232331,,DIP_train,710
AMASS/all,8.964977479232331,,DIP_train,710
ALL/all,8.964977479232331,,DIP_train,710
AMASS/train,8.96459683065157,,DIP_train,282
AMASS/all,8.96459683065157,,DIP_train,282
ALL/all,8.96459683065157,,DIP_train,282
AMASS/train,8.964131656312054,,DIP_train,100
AMASS/all,8.964131656312054,,DIP_train,100
ALL/all,8.964131656312054,,DIP_train,100
AMASS/train,8.962454940655707,,DIP_train,1098
AMASS/all,8.962454940655707,,DIP_train,1098
ALL/all,8.962454940655707,,DIP_train,1098
AMASS/train,8.962073928996494,,DIP_train,174
AMASS/all,8.962073928996494,,DIP_train,174
ALL/all,8.962073928996494,,DIP_train,174
AMASS/train,8.962035248161442,,DIP_train,230
AMASS/all,8.962035248161442,,DIP_train,230
ALL/all,8.962035248161442,,DIP_train,230
AMASS/train,8.96158512325414,,DIP_train,176
AMASS/all,8.96158512325414,,DIP_train,176
ALL/all,8.96158512325414,,DIP_train,176
AMASS/train,8.961552045142358,,DIP_train,316
AMASS/all,8.961552045142358,,DIP_train,316
ALL/all,8.961552045142358,,DIP_train,316
AMASS/train,8.959160501355026,,DIP_train,1044
AMASS/all,8.959160501355026,,DIP_train,1044
ALL/all,8.959160501355026,,DIP_train,1044
AMASS/train,8.958155603478033,,DIP_train,692
AMASS/all,8.958155603478033,,DIP_train,692
ALL/all,8.958155603478033,,DIP_train,692
AMASS/train,8.957702316386982,,DIP_train,1088
AMASS/all,8.957702316386982,,DIP_train,1088
ALL/all,8.957702316386982,,DIP_train,1088
AMASS/train,8.956843453435823,,DIP_train,54
AMASS/all,8.956843453435823,,DIP_train,54
ALL/all,8.956843453435823,,DIP_train,54
AMASS/train,8.956798230315036,,DIP_train,310
AMASS/all,8.956798230315036,,DIP_train,310
ALL/all,8.956798230315036,,DIP_train,310
AMASS/train,8.956052814180278,,DIP_train,786
AMASS/all,8.956052814180278,,DIP_train,786
ALL/all,8.956052814180278,,DIP_train,786
AMASS/train,8.954419251096684,,DIP_train,1128
AMASS/all,8.954419251096684,,DIP_train,1128
ALL/all,8.954419251096684,,DIP_train,1128
AMASS/train,8.954202557785132,,DIP_train,340
AMASS/all,8.954202557785132,,DIP_train,340
ALL/all,8.954202557785132,,DIP_train,340
AMASS/train,8.953591392436428,,DIP_train,1072
AMASS/all,8.953591392436428,,DIP_train,1072
ALL/all,8.953591392436428,,DIP_train,1072
AMASS/train,8.953003472829657,,DIP_train,1070
AMASS/all,8.953003472829657,,DIP_train,1070
ALL/all,8.953003472829657,,DIP_train,1070
AMASS/train,8.952692735077154,,DIP_train,152
AMASS/all,8.952692735077154,,DIP_train,152
ALL/all,8.952692735077154,,DIP_train,152
AMASS/train,8.952247364590491,,DIP_train,1068
AMASS/all,8.952247364590491,,DIP_train,1068
ALL/all,8.952247364590491,,DIP_train,1068
AMASS/train,8.951322410792711,,DIP_train,158
AMASS/all,8.951322410792711,,DIP_train,158
ALL/all,8.951322410792711,,DIP_train,158
AMASS/train,8.951068935251385,,DIP_train,136
AMASS/all,8.951068935251385,,DIP_train,136
ALL/all,8.951068935251385,,DIP_train,136
AMASS/train,8.9508599280525,,DIP_train,42
AMASS/all,8.9508599280525,,DIP_train,42
ALL/all,8.9508599280525,,DIP_train,42
AMASS/train,8.95012857438237,,DIP_train,560
AMASS/all,8.95012857438237,,DIP_train,560
ALL/all,8.95012857438237,,DIP_train,560
AMASS/train,8.948194837581932,,DIP_train,102
AMASS/all,8.948194837581932,,DIP_train,102
ALL/all,8.948194837581932,,DIP_train,102
AMASS/train,8.946281085567193,,DIP_train,284
AMASS/all,8.946281085567193,,DIP_train,284
ALL/all,8.946281085567193,,DIP_train,284
AMASS/train,8.945967373710372,,DIP_train,98
AMASS/all,8.945967373710372,,DIP_train,98
ALL/all,8.945967373710372,,DIP_train,98
AMASS/train,8.945941209078443,,DIP_train,1160
AMASS/all,8.945941209078443,,DIP_train,1160
ALL/all,8.945941209078443,,DIP_train,1160
AMASS/train,8.94482575762948,,DIP_train,998
AMASS/all,8.94482575762948,,DIP_train,998
ALL/all,8.94482575762948,,DIP_train,998
AMASS/train,8.943262382939414,,DIP_train,276
AMASS/all,8.943262382939414,,DIP_train,276
ALL/all,8.943262382939414,,DIP_train,276
AMASS/train,8.942233303432323,,DIP_train,168
AMASS/all,8.942233303432323,,DIP_train,168
ALL/all,8.942233303432323,,DIP_train,168
AMASS/train,8.942144686859118,,DIP_train,140
AMASS/all,8.942144686859118,,DIP_train,140
ALL/all,8.942144686859118,,DIP_train,140
AMASS/train,8.940704342704928,,DIP_train,274
AMASS/all,8.940704342704928,,DIP_train,274
ALL/all,8.940704342704928,,DIP_train,274
AMASS/train,8.940627551922447,,DIP_train,690
AMASS/all,8.940627551922447,,DIP_train,690
ALL/all,8.940627551922447,,DIP_train,690
AMASS/train,8.94003710503701,,DIP_train,330
AMASS/all,8.94003710503701,,DIP_train,330
ALL/all,8.94003710503701,,DIP_train,330
AMASS/train,8.939713472954995,,DIP_train,314
AMASS/all,8.939713472954995,,DIP_train,314
ALL/all,8.939713472954995,,DIP_train,314
AMASS/train,8.939626189052833,,DIP_train,304
AMASS/all,8.939626189052833,,DIP_train,304
ALL/all,8.939626189052833,,DIP_train,304
AMASS/train,8.939517909207632,,DIP_train,144
AMASS/all,8.939517909207632,,DIP_train,144
ALL/all,8.939517909207632,,DIP_train,144
AMASS/train,8.939166793419876,,DIP_train,156
AMASS/all,8.939166793419876,,DIP_train,156
ALL/all,8.939166793419876,,DIP_train,156
AMASS/train,8.938958674651225,,DIP_train,312
AMASS/all,8.938958674651225,,DIP_train,312
ALL/all,8.938958674651225,,DIP_train,312
AMASS/train,8.938915908626326,,DIP_train,166
AMASS/all,8.938915908626326,,DIP_train,166
ALL/all,8.938915908626326,,DIP_train,166
AMASS/train,8.938732869470373,,DIP_train,808
AMASS/all,8.938732869470373,,DIP_train,808
ALL/all,8.938732869470373,,DIP_train,808
AMASS/train,8.938030660204479,,DIP_train,796
AMASS/all,8.938030660204479,,DIP_train,796
ALL/all,8.938030660204479,,DIP_train,796
AMASS/train,8.938016060317766,,DIP_train,232
AMASS/all,8.938016060317766,,DIP_train,232
ALL/all,8.938016060317766,,DIP_train,232
AMASS/train,8.937970081448277,,DIP_train,354
AMASS/all,8.937970081448277,,DIP_train,354
ALL/all,8.937970081448277,,DIP_train,354
AMASS/train,8.937666696407284,,DIP_train,138
AMASS/all,8.937666696407284,,DIP_train,138
ALL/all,8.937666696407284,,DIP_train,138
AMASS/train,8.936182781928423,,DIP_train,352
AMASS/all,8.936182781928423,,DIP_train,352
ALL/all,8.936182781928423,,DIP_train,352
AMASS/train,8.93615924687093,,DIP_train,142
AMASS/all,8.93615924687093,,DIP_train,142
ALL/all,8.93615924687093,,DIP_train,142
AMASS/train,8.935578017691588,,DIP_train,178
AMASS/all,8.935578017691588,,DIP_train,178
ALL/all,8.935578017691588,,DIP_train,178
AMASS/train,8.932035484282041,,DIP_train,258
AMASS/all,8.932035484282041,,DIP_train,258
ALL/all,8.932035484282041,,DIP_train,258
AMASS/train,8.931830899056257,,DIP_train,252
AMASS/all,8.931830899056257,,DIP_train,252
ALL/all,8.931830899056257,,DIP_train,252
AMASS/train,8.93169092472949,,DIP_train,194
AMASS/all,8.93169092472949,,DIP_train,194
ALL/all,8.93169092472949,,DIP_train,194
AMASS/train,8.931657253360756,,DIP_train,180
AMASS/all,8.931657253360756,,DIP_train,180
ALL/all,8.931657253360756,,DIP_train,180
AMASS/train,8.931091444406913,,DIP_train,154
AMASS/all,8.931091444406913,,DIP_train,154
ALL/all,8.931091444406913,,DIP_train,154
AMASS/train,8.930708151970629,,DIP_train,202
AMASS/all,8.930708151970629,,DIP_train,202
ALL/all,8.930708151970629,,DIP_train,202
AMASS/train,8.930076242086828,,DIP_train,1040
AMASS/all,8.930076242086828,,DIP_train,1040
ALL/all,8.930076242086828,,DIP_train,1040
AMASS/train,8.929837849466772,,DIP_train,694
AMASS/all,8.929837849466772,,DIP_train,694
ALL/all,8.929837849466772,,DIP_train,694
AMASS/train,8.928091505639618,,DIP_train,708
AMASS/all,8.928091505639618,,DIP_train,708
ALL/all,8.928091505639618,,DIP_train,708
AMASS/train,8.927928821446482,,DIP_train,584
AMASS/all,8.927928821446482,,DIP_train,584
ALL/all,8.927928821446482,,DIP_train,584
AMASS/train,8.924435499978301,,DIP_train,48
AMASS/all,8.924435499978301,,DIP_train,48
ALL/all,8.924435499978301,,DIP_train,48
AMASS/train,8.924339255382955,,DIP_train,1004
AMASS/all,8.924339255382955,,DIP_train,1004
ALL/all,8.924339255382955,,DIP_train,1004
AMASS/train,8.923798967573429,,DIP_train,222
AMASS/all,8.923798967573429,,DIP_train,222
ALL/all,8.923798967573429,,DIP_train,222
AMASS/train,8.923669292046633,,DIP_train,260
AMASS/all,8.923669292046633,,DIP_train,260
ALL/all,8.923669292046633,,DIP_train,260
AMASS/train,8.923455373971564,,DIP_train,984
AMASS/all,8.923455373971564,,DIP_train,984
ALL/all,8.923455373971564,,DIP_train,984
AMASS/train,8.923256369778139,,DIP_train,558
AMASS/all,8.923256369778139,,DIP_train,558
ALL/all,8.923256369778139,,DIP_train,558
AMASS/train,8.922794220180977,,DIP_train,32
AMASS/all,8.922794220180977,,DIP_train,32
ALL/all,8.922794220180977,,DIP_train,32
AMASS/train,8.922314337690011,,DIP_train,8
AMASS/all,8.922314337690011,,DIP_train,8
ALL/all,8.922314337690011,,DIP_train,8
AMASS/train,8.922009892000574,,DIP_train,96
AMASS/all,8.922009892000574,,DIP_train,96
ALL/all,8.922009892000574,,DIP_train,96
AMASS/train,8.921315022067402,,DIP_train,170
AMASS/all,8.921315022067402,,DIP_train,170
ALL/all,8.921315022067402,,DIP_train,170
AMASS/train,8.920035411430232,,DIP_train,1170
AMASS/all,8.920035411430232,,DIP_train,1170
ALL/all,8.920035411430232,,DIP_train,1170
AMASS/train,8.919816217421504,,DIP_train,200
AMASS/all,8.919816217421504,,DIP_train,200
ALL/all,8.919816217421504,,DIP_train,200
AMASS/train,8.918985191093778,,DIP_train,188
AMASS/all,8.918985191093778,,DIP_train,188
ALL/all,8.918985191093778,,DIP_train,188
AMASS/train,8.918667810787257,,DIP_train,688
AMASS/all,8.918667810787257,,DIP_train,688
ALL/all,8.918667810787257,,DIP_train,688
AMASS/train,8.918604250769384,,DIP_train,16
AMASS/all,8.918604250769384,,DIP_train,16
ALL/all,8.918604250769384,,DIP_train,16
AMASS/train,8.91829980194581,,DIP_train,228
AMASS/all,8.91829980194581,,DIP_train,228
ALL/all,8.91829980194581,,DIP_train,228
AMASS/train,8.918005988965321,,DIP_train,702
AMASS/all,8.918005988965321,,DIP_train,702
ALL/all,8.918005988965321,,DIP_train,702
AMASS/train,8.917726890755327,,DIP_train,114
AMASS/all,8.917726890755327,,DIP_train,114
ALL/all,8.917726890755327,,DIP_train,114
AMASS/train,8.91707656129053,,DIP_train,34
AMASS/all,8.91707656129053,,DIP_train,34
ALL/all,8.91707656129053,,DIP_train,34
AMASS/train,8.917017261811214,,DIP_train,382
AMASS/all,8.917017261811214,,DIP_train,382
ALL/all,8.917017261811214,,DIP_train,382
AMASS/train,8.916646012624545,,DIP_train,342
AMASS/all,8.916646012624545,,DIP_train,342
ALL/all,8.916646012624545,,DIP_train,342
AMASS/train,8.915869856535263,,DIP_train,580
AMASS/all,8.915869856535263,,DIP_train,580
ALL/all,8.915869856535263,,DIP_train,580
AMASS/train,8.915211419666175,,DIP_train,244
AMASS/all,8.915211419666175,,DIP_train,244
ALL/all,8.915211419666175,,DIP_train,244
AMASS/train,8.9147182628125,,DIP_train,1284
AMASS/all,8.9147182628125,,DIP_train,1284
ALL/all,8.9147182628125,,DIP_train,1284
AMASS/train,8.912871409706941,,DIP_train,0
AMASS/all,8.912871409706941,,DIP_train,0
ALL/all,8.912871409706941,,DIP_train,0
AMASS/train,8.912370087629101,,DIP_train,1000
AMASS/all,8.912370087629101,,DIP_train,1000
ALL/all,8.912370087629101,,DIP_train,1000
AMASS/train,8.91182234014118,,DIP_train,1066
AMASS/all,8.91182234014118,,DIP_train,1066
ALL/all,8.91182234014118,,DIP_train,1066
AMASS/train,8.90926752739341,,DIP_train,206
AMASS/all,8.90926752739341,,DIP_train,206
ALL/all,8.90926752739341,,DIP_train,206
AMASS/train,8.908830715934704,,DIP_train,792
AMASS/all,8.908830715934704,,DIP_train,792
ALL/all,8.908830715934704,,DIP_train,792
AMASS/train,8.908466202942845,,DIP_train,1084
AMASS/all,8.908466202942845,,DIP_train,1084
ALL/all,8.908466202942845,,DIP_train,1084
AMASS/train,8.907059105764507,,DIP_train,204
AMASS/all,8.907059105764507,,DIP_train,204
ALL/all,8.907059105764507,,DIP_train,204
AMASS/train,8.906937842938937,,DIP_train,30
AMASS/all,8.906937842938937,,DIP_train,30
ALL/all,8.906937842938937,,DIP_train,30
AMASS/train,8.906356183125808,,DIP_train,272
AMASS/all,8.906356183125808,,DIP_train,272
ALL/all,8.906356183125808,,DIP_train,272
AMASS/train,8.905199981184802,,DIP_train,528
AMASS/all,8.905199981184802,,DIP_train,528
ALL/all,8.905199981184802,,DIP_train,528
AMASS/train,8.904965843872867,,DIP_train,338
AMASS/all,8.904965843872867,,DIP_train,338
ALL/all,8.904965843872867,,DIP_train,338
AMASS/train,8.904799413936408,,DIP_train,1056
AMASS/all,8.904799413936408,,DIP_train,1056
ALL/all,8.904799413936408,,DIP_train,1056
AMASS/train,8.90420356779229,,DIP_train,532
AMASS/all,8.90420356779229,,DIP_train,532
ALL/all,8.90420356779229,,DIP_train,532
AMASS/train,8.904003078425268,,DIP_train,198
AMASS/all,8.904003078425268,,DIP_train,198
ALL/all,8.904003078425268,,DIP_train,198
AMASS/train,8.903670418682367,,DIP_train,238
AMASS/all,8.903670418682367,,DIP_train,238
ALL/all,8.903670418682367,,DIP_train,238
AMASS/train,8.902786112018935,,DIP_train,854
AMASS/all,8.902786112018935,,DIP_train,854
ALL/all,8.902786112018935,,DIP_train,854
AMASS/train,8.901874294858535,,DIP_train,380
AMASS/all,8.901874294858535,,DIP_train,380
ALL/all,8.901874294858535,,DIP_train,380
AMASS/train,8.90167196593424,,DIP_train,790
AMASS/all,8.90167196593424,,DIP_train,790
ALL/all,8.90167196593424,,DIP_train,790
AMASS/train,8.901514976232585,,DIP_train,336
AMASS/all,8.901514976232585,,DIP_train,336
ALL/all,8.901514976232585,,DIP_train,336
AMASS/train,8.90081904372343,,DIP_train,14
AMASS/all,8.90081904372343,,DIP_train,14
ALL/all,8.90081904372343,,DIP_train,14
AMASS/train,8.900637597682612,,DIP_train,266
AMASS/all,8.900637597682612,,DIP_train,266
ALL/all,8.900637597682612,,DIP_train,266
AMASS/train,8.899951260966674,,DIP_train,698
AMASS/all,8.899951260966674,,DIP_train,698
ALL/all,8.899951260966674,,DIP_train,698
AMASS/train,8.899402413038109,,DIP_train,714
AMASS/all,8.899402413038109,,DIP_train,714
ALL/all,8.899402413038109,,DIP_train,714
AMASS/train,8.89918349655844,,DIP_train,806
AMASS/all,8.89918349655844,,DIP_train,806
ALL/all,8.89918349655844,,DIP_train,806
AMASS/train,8.898818154507905,,DIP_train,706
AMASS/all,8.898818154507905,,DIP_train,706
ALL/all,8.898818154507905,,DIP_train,706
AMASS/train,8.897883773684695,,DIP_train,901
AMASS/all,8.897883773684695,,DIP_train,901
ALL/all,8.897883773684695,,DIP_train,901
AMASS/train,8.897821941325413,,DIP_train,384
AMASS/all,8.897821941325413,,DIP_train,384
ALL/all,8.897821941325413,,DIP_train,384
AMASS/train,8.897414136768353,,DIP_train,270
AMASS/all,8.897414136768353,,DIP_train,270
ALL/all,8.897414136768353,,DIP_train,270
AMASS/train,8.896909012010513,,DIP_train,192
AMASS/all,8.896909012010513,,DIP_train,192
ALL/all,8.896909012010513,,DIP_train,192
AMASS/train,8.895880679847245,,DIP_train,306
AMASS/all,8.895880679847245,,DIP_train,306
ALL/all,8.895880679847245,,DIP_train,306
AMASS/train,8.89587775395558,,DIP_train,186
AMASS/all,8.89587775395558,,DIP_train,186
ALL/all,8.89587775395558,,DIP_train,186
AMASS/train,8.895824922011762,,DIP_train,712
AMASS/all,8.895824922011762,,DIP_train,712
ALL/all,8.895824922011762,,DIP_train,712
AMASS/train,8.89299758156689,,DIP_train,240
AMASS/all,8.89299758156689,,DIP_train,240
ALL/all,8.89299758156689,,DIP_train,240
AMASS/train,8.891823035652523,,DIP_train,704
AMASS/all,8.891823035652523,,DIP_train,704
ALL/all,8.891823035652523,,DIP_train,704
AMASS/train,8.891673783366207,,DIP_train,1256
AMASS/all,8.891673783366207,,DIP_train,1256
ALL/all,8.891673783366207,,DIP_train,1256
AMASS/train,8.891121101247535,,DIP_train,264
AMASS/all,8.891121101247535,,DIP_train,264
ALL/all,8.891121101247535,,DIP_train,264
AMASS/train,8.8890112684793,,DIP_train,530
AMASS/all,8.8890112684793,,DIP_train,530
ALL/all,8.8890112684793,,DIP_train,530
AMASS/train,8.886843549351097,,DIP_train,278
AMASS/all,8.886843549351097,,DIP_train,278
ALL/all,8.886843549351097,,DIP_train,278
AMASS/train,8.886831378003853,,DIP_train,816
AMASS/all,8.886831378003853,,DIP_train,816
ALL/all,8.886831378003853,,DIP_train,816
AMASS/train,8.885935442420609,,DIP_train,182
AMASS/all,8.885935442420609,,DIP_train,182
ALL/all,8.885935442420609,,DIP_train,182
AMASS/train,8.885531632669435,,DIP_train,184
AMASS/all,8.885531632669435,,DIP_train,184
ALL/all,8.885531632669435,,DIP_train,184
AMASS/train,8.885421898045546,,DIP_train,804
AMASS/all,8.885421898045546,,DIP_train,804
ALL/all,8.885421898045546,,DIP_train,804
AMASS/train,8.884994250822047,,DIP_train,226
AMASS/all,8.884994250822047,,DIP_train,226
ALL/all,8.884994250822047,,DIP_train,226
AMASS/train,8.884728843450569,,DIP_train,116
AMASS/all,8.884728843450569,,DIP_train,116
ALL/all,8.884728843450569,,DIP_train,116
AMASS/train,8.881894425908362,,DIP_train,860
AMASS/all,8.881894425908362,,DIP_train,860
ALL/all,8.881894425908362,,DIP_train,860
AMASS/train,8.881490450220246,,DIP_train,1104
AMASS/all,8.881490450220246,,DIP_train,1104
ALL/all,8.881490450220246,,DIP_train,1104
ALL/all,8.879983266123352,,DIP_train,1353
DIP/all,8.879983266123352,,DIP_train,55
DIP/test,8.879983266123352,,DIP_train,13
AMASS/train,8.879861232557287,,DIP_train,1164
AMASS/all,8.879861232557287,,DIP_train,1164
ALL/all,8.879861232557287,,DIP_train,1164
AMASS/train,8.879557624675416,,DIP_train,242
AMASS/all,8.879557624675416,,DIP_train,242
ALL/all,8.879557624675416,,DIP_train,242
AMASS/train,8.879109936632416,,DIP_train,1080
AMASS/all,8.879109936632416,,DIP_train,1080
ALL/all,8.879109936632416,,DIP_train,1080
AMASS/train,8.878688058880847,,DIP_train,766
AMASS/all,8.878688058880847,,DIP_train,766
ALL/all,8.878688058880847,,DIP_train,766
AMASS/train,8.878417739547142,,DIP_train,890
AMASS/all,8.878417739547142,,DIP_train,890
ALL/all,8.878417739547142,,DIP_train,890
AMASS/train,8.877891876812273,,DIP_train,1122
AMASS/all,8.877891876812273,,DIP_train,1122
ALL/all,8.877891876812273,,DIP_train,1122
AMASS/train,8.877112658203796,,DIP_train,234
AMASS/all,8.877112658203796,,DIP_train,234
ALL/all,8.877112658203796,,DIP_train,234
AMASS/train,8.876896342346887,,DIP_train,254
AMASS/all,8.876896342346887,,DIP_train,254
ALL/all,8.876896342346887,,DIP_train,254
AMASS/train,8.876736340432753,,DIP_train,760
AMASS/all,8.876736340432753,,DIP_train,760
ALL/all,8.876736340432753,,DIP_train,760
AMASS/train,8.876528109257258,,DIP_train,852
AMASS/all,8.876528109257258,,DIP_train,852
ALL/all,8.876528109257258,,DIP_train,852
AMASS/train,8.876263209128485,,DIP_train,439
AMASS/all,8.876263209128485,,DIP_train,439
ALL/all,8.876263209128485,,DIP_train,439
AMASS/train,8.875390631726656,,DIP_train,2
AMASS/all,8.875390631726656,,DIP_train,2
ALL/all,8.875390631726656,,DIP_train,2
AMASS/train,8.875073054734777,,DIP_train,1016
AMASS/all,8.875073054734777,,DIP_train,1016
ALL/all,8.875073054734777,,DIP_train,1016
AMASS/train,8.874797810116547,,DIP_train,856
AMASS/all,8.874797810116547,,DIP_train,856
ALL/all,8.874797810116547,,DIP_train,856
AMASS/train,8.874310956712616,,DIP_train,858
AMASS/all,8.874310956712616,,DIP_train,858
ALL/all,8.874310956712616,,DIP_train,858
AMASS/train,8.874196487514647,,DIP_train,224
AMASS/all,8.874196487514647,,DIP_train,224
ALL/all,8.874196487514647,,DIP_train,224
AMASS/train,8.871801287391358,,DIP_train,700
AMASS/all,8.871801287391358,,DIP_train,700
ALL/all,8.871801287391358,,DIP_train,700
AMASS/train,8.871773053588752,,DIP_train,850
AMASS/all,8.871773053588752,,DIP_train,850
ALL/all,8.871773053588752,,DIP_train,850
AMASS/train,8.871652327697799,,DIP_train,1014
AMASS/all,8.871652327697799,,DIP_train,1014
ALL/all,8.871652327697799,,DIP_train,1014
AMASS/train,8.870842475923508,,DIP_train,190
AMASS/all,8.870842475923508,,DIP_train,190
ALL/all,8.870842475923508,,DIP_train,190
AMASS/train,8.8706460369271,,DIP_train,892
AMASS/all,8.8706460369271,,DIP_train,892
ALL/all,8.8706460369271,,DIP_train,892
AMASS/train,8.870166738937558,,DIP_train,280
AMASS/all,8.870166738937558,,DIP_train,280
ALL/all,8.870166738937558,,DIP_train,280
AMASS/train,8.869668576519166,,DIP_train,902
AMASS/all,8.869668576519166,,DIP_train,902
ALL/all,8.869668576519166,,DIP_train,902
AMASS/train,8.869288571903114,,DIP_train,1130
AMASS/all,8.869288571903114,,DIP_train,1130
ALL/all,8.869288571903114,,DIP_train,1130
AMASS/train,8.869195947210667,,DIP_train,1022
AMASS/all,8.869195947210667,,DIP_train,1022
ALL/all,8.869195947210667,,DIP_train,1022
AMASS/train,8.869154240777382,,DIP_train,1292
AMASS/all,8.869154240777382,,DIP_train,1292
ALL/all,8.869154240777382,,DIP_train,1292
AMASS/train,8.868783633913255,,DIP_train,898
AMASS/all,8.868783633913255,,DIP_train,898
ALL/all,8.868783633913255,,DIP_train,898
AMASS/train,8.868685279880355,,DIP_train,606
AMASS/all,8.868685279880355,,DIP_train,606
ALL/all,8.868685279880355,,DIP_train,606
AMASS/train,8.867879538133378,,DIP_train,1118
AMASS/all,8.867879538133378,,DIP_train,1118
ALL/all,8.867879538133378,,DIP_train,1118
AMASS/train,8.867606965718565,,DIP_train,900
AMASS/all,8.867606965718565,,DIP_train,900
ALL/all,8.867606965718565,,DIP_train,900
AMASS/train,8.86710263104397,,DIP_train,212
AMASS/all,8.86710263104397,,DIP_train,212
ALL/all,8.86710263104397,,DIP_train,212
AMASS/train,8.866188367332166,,DIP_train,661
AMASS/all,8.866188367332166,,DIP_train,661
ALL/all,8.866188367332166,,DIP_train,661
AMASS/train,8.865578681054917,,DIP_train,822
AMASS/all,8.865578681054917,,DIP_train,822
ALL/all,8.865578681054917,,DIP_train,822
AMASS/train,8.86481779292305,,DIP_train,896
AMASS/all,8.86481779292305,,DIP_train,896
ALL/all,8.86481779292305,,DIP_train,896
AMASS/train,8.864777084052873,,DIP_train,1152
AMASS/all,8.864777084052873,,DIP_train,1152
ALL/all,8.864777084052873,,DIP_train,1152
AMASS/train,8.86472738621637,,DIP_train,1288
AMASS/all,8.86472738621637,,DIP_train,1288
ALL/all,8.86472738621637,,DIP_train,1288
AMASS/train,8.86469532862921,,DIP_train,360
AMASS/all,8.86469532862921,,DIP_train,360
ALL/all,8.86469532862921,,DIP_train,360
AMASS/train,8.863932791948574,,DIP_train,134
AMASS/all,8.863932791948574,,DIP_train,134
ALL/all,8.863932791948574,,DIP_train,134
AMASS/train,8.86362849986299,,DIP_train,236
AMASS/all,8.86362849986299,,DIP_train,236
ALL/all,8.86362849986299,,DIP_train,236
AMASS/train,8.863536459757361,,DIP_train,800
AMASS/all,8.863536459757361,,DIP_train,800
ALL/all,8.863536459757361,,DIP_train,800
AMASS/train,8.86351277367142,,DIP_train,894
AMASS/all,8.86351277367142,,DIP_train,894
ALL/all,8.86351277367142,,DIP_train,894
AMASS/train,8.863462151791634,,DIP_train,1174
AMASS/all,8.863462151791634,,DIP_train,1174
ALL/all,8.863462151791634,,DIP_train,1174
AMASS/train,8.86289633407106,,DIP_train,832
AMASS/all,8.86289633407106,,DIP_train,832
ALL/all,8.86289633407106,,DIP_train,832
AMASS/train,8.862820387869142,,DIP_train,982
AMASS/all,8.862820387869142,,DIP_train,982
ALL/all,8.862820387869142,,DIP_train,982
AMASS/train,8.862617327311112,,DIP_train,1136
AMASS/all,8.862617327311112,,DIP_train,1136
ALL/all,8.862617327311112,,DIP_train,1136
AMASS/train,8.862554347698195,,DIP_train,1150
AMASS/all,8.862554347698195,,DIP_train,1150
ALL/all,8.862554347698195,,DIP_train,1150
AMASS/train,8.862416368143785,,DIP_train,1211
AMASS/all,8.862416368143785,,DIP_train,1211
ALL/all,8.862416368143785,,DIP_train,1211
AMASS/train,8.862204006236894,,DIP_train,290
AMASS/all,8.862204006236894,,DIP_train,290
ALL/all,8.862204006236894,,DIP_train,290
AMASS/train,8.86212889138909,,DIP_train,1074
AMASS/all,8.86212889138909,,DIP_train,1074
ALL/all,8.86212889138909,,DIP_train,1074
AMASS/train,8.861658743706995,,DIP_train,358
AMASS/all,8.861658743706995,,DIP_train,358
ALL/all,8.861658743706995,,DIP_train,358
AMASS/train,8.860878733461487,,DIP_train,378
AMASS/all,8.860878733461487,,DIP_train,378
ALL/all,8.860878733461487,,DIP_train,378
AMASS/train,8.860828717778539,,DIP_train,1124
AMASS/all,8.860828717778539,,DIP_train,1124
ALL/all,8.860828717778539,,DIP_train,1124
AMASS/train,8.860671234084808,,DIP_train,1290
AMASS/all,8.860671234084808,,DIP_train,1290
ALL/all,8.860671234084808,,DIP_train,1290
AMASS/train,8.860450589920013,,DIP_train,788
AMASS/all,8.860450589920013,,DIP_train,788
ALL/all,8.860450589920013,,DIP_train,788
AMASS/train,8.860216071049296,,DIP_train,838
AMASS/all,8.860216071049296,,DIP_train,838
ALL/all,8.860216071049296,,DIP_train,838
AMASS/train,8.859135229425233,,DIP_train,196
AMASS/all,8.859135229425233,,DIP_train,196
ALL/all,8.859135229425233,,DIP_train,196
AMASS/train,8.857804534015157,,DIP_train,888
AMASS/all,8.857804534015157,,DIP_train,888
ALL/all,8.857804534015157,,DIP_train,888
AMASS/train,8.857024172773386,,DIP_train,836
AMASS/all,8.857024172773386,,DIP_train,836
ALL/all,8.857024172773386,,DIP_train,836
AMASS/train,8.85558933654991,,DIP_train,886
AMASS/all,8.85558933654991,,DIP_train,886
ALL/all,8.85558933654991,,DIP_train,886
AMASS/train,8.85534450274981,,DIP_train,302
AMASS/all,8.85534450274981,,DIP_train,302
ALL/all,8.85534450274981,,DIP_train,302
AMASS/train,8.853937726894843,,DIP_train,932
AMASS/all,8.853937726894843,,DIP_train,932
ALL/all,8.853937726894843,,DIP_train,932
AMASS/train,8.853384275975463,,DIP_train,1112
AMASS/all,8.853384275975463,,DIP_train,1112
ALL/all,8.853384275975463,,DIP_train,1112
AMASS/train,8.853310607772418,,DIP_train,992
AMASS/all,8.853310607772418,,DIP_train,992
ALL/all,8.853310607772418,,DIP_train,992
AMASS/train,8.853197852405705,,DIP_train,818
AMASS/all,8.853197852405705,,DIP_train,818
ALL/all,8.853197852405705,,DIP_train,818
AMASS/train,8.853135575765565,,DIP_train,848
AMASS/all,8.853135575765565,,DIP_train,848
ALL/all,8.853135575765565,,DIP_train,848
AMASS/train,8.852947605030426,,DIP_train,602
AMASS/all,8.852947605030426,,DIP_train,602
ALL/all,8.852947605030426,,DIP_train,602
AMASS/train,8.852749113010944,,DIP_train,846
AMASS/all,8.852749113010944,,DIP_train,846
ALL/all,8.852749113010944,,DIP_train,846
AMASS/train,8.852660892175352,,DIP_train,884
AMASS/all,8.852660892175352,,DIP_train,884
ALL/all,8.852660892175352,,DIP_train,884
AMASS/train,8.852385546125491,,DIP_train,820
AMASS/all,8.852385546125491,,DIP_train,820
ALL/all,8.852385546125491,,DIP_train,820
AMASS/train,8.852319795793978,,DIP_train,834
AMASS/all,8.852319795793978,,DIP_train,834
ALL/all,8.852319795793978,,DIP_train,834
AMASS/train,8.851440065803125,,DIP_train,840
AMASS/all,8.851440065803125,,DIP_train,840
ALL/all,8.851440065803125,,DIP_train,840
AMASS/train,8.851336245863882,,DIP_train,918
AMASS/all,8.851336245863882,,DIP_train,918
ALL/all,8.851336245863882,,DIP_train,918
AMASS/train,8.851310260918757,,DIP_train,262
AMASS/all,8.851310260918757,,DIP_train,262
ALL/all,8.851310260918757,,DIP_train,262
AMASS/train,8.850574268091172,,DIP_train,1076
AMASS/all,8.850574268091172,,DIP_train,1076
ALL/all,8.850574268091172,,DIP_train,1076
AMASS/train,8.850558041378436,,DIP_train,966
AMASS/all,8.850558041378436,,DIP_train,966
ALL/all,8.850558041378436,,DIP_train,966
AMASS/train,8.850554058604354,,DIP_train,814
AMASS/all,8.850554058604354,,DIP_train,814
ALL/all,8.850554058604354,,DIP_train,814
AMASS/train,8.850186490153135,,DIP_train,964
AMASS/all,8.850186490153135,,DIP_train,964
ALL/all,8.850186490153135,,DIP_train,964
ALL/all,8.849852537653973,,DIP_train,1391
TotalCapture/train,8.849852537653973,,DIP_train,32
TotalCapture/all,8.849852537653973,,DIP_train,32
AMASS/train,8.849815938365191,,DIP_train,1182
AMASS/all,8.849815938365191,,DIP_train,1182
ALL/all,8.849815938365191,,DIP_train,1182
AMASS/train,8.847555811623137,,DIP_train,828
AMASS/all,8.847555811623137,,DIP_train,828
ALL/all,8.847555811623137,,DIP_train,828
AMASS/train,8.847205320398501,,DIP_train,976
AMASS/all,8.847205320398501,,DIP_train,976
ALL/all,8.847205320398501,,DIP_train,976
AMASS/train,8.84692003510401,,DIP_train,208
AMASS/all,8.84692003510401,,DIP_train,208
ALL/all,8.84692003510401,,DIP_train,208
AMASS/train,8.84679413865379,,DIP_train,374
AMASS/all,8.84679413865379,,DIP_train,374
ALL/all,8.84679413865379,,DIP_train,374
AMASS/train,8.84670801291897,,DIP_train,1146
AMASS/all,8.84670801291897,,DIP_train,1146
ALL/all,8.84670801291897,,DIP_train,1146
AMASS/train,8.846474677823766,,DIP_train,608
AMASS/all,8.846474677823766,,DIP_train,608
ALL/all,8.846474677823766,,DIP_train,608
AMASS/train,8.846220297216242,,DIP_train,4
AMASS/all,8.846220297216242,,DIP_train,4
ALL/all,8.846220297216242,,DIP_train,4
AMASS/train,8.84610122849452,,DIP_train,970
AMASS/all,8.84610122849452,,DIP_train,970
ALL/all,8.84610122849452,,DIP_train,970
AMASS/train,8.84568660695683,,DIP_train,844
AMASS/all,8.84568660695683,,DIP_train,844
ALL/all,8.84568660695683,,DIP_train,844
AMASS/train,8.84384512744851,,DIP_train,218
AMASS/all,8.84384512744851,,DIP_train,218
ALL/all,8.84384512744851,,DIP_train,218
AMASS/train,8.843740262097402,,DIP_train,830
AMASS/all,8.843740262097402,,DIP_train,830
ALL/all,8.843740262097402,,DIP_train,830
AMASS/train,8.843503864601509,,DIP_train,878
AMASS/all,8.843503864601509,,DIP_train,878
ALL/all,8.843503864601509,,DIP_train,878
AMASS/train,8.843456103456658,,DIP_train,930
AMASS/all,8.843456103456658,,DIP_train,930
ALL/all,8.843456103456658,,DIP_train,930
AMASS/train,8.842155764790341,,DIP_train,826
AMASS/all,8.842155764790341,,DIP_train,826
ALL/all,8.842155764790341,,DIP_train,826
AMASS/train,8.842005410828381,,DIP_train,604
AMASS/all,8.842005410828381,,DIP_train,604
ALL/all,8.842005410828381,,DIP_train,604
ALL/all,8.84172008283329,,DIP_train,1385
TotalCapture/train,8.84172008283329,,DIP_train,26
TotalCapture/all,8.84172008283329,,DIP_train,26
AMASS/train,8.841180293341537,,DIP_train,764
AMASS/all,8.841180293341537,,DIP_train,764
ALL/all,8.841180293341537,,DIP_train,764
AMASS/train,8.841113203555413,,DIP_train,870
AMASS/all,8.841113203555413,,DIP_train,870
ALL/all,8.841113203555413,,DIP_train,870
AMASS/train,8.839920943414834,,DIP_train,842
AMASS/all,8.839920943414834,,DIP_train,842
ALL/all,8.839920943414834,,DIP_train,842
AMASS/train,8.839178319864612,,DIP_train,400
AMASS/all,8.839178319864612,,DIP_train,400
ALL/all,8.839178319864612,,DIP_train,400
AMASS/train,8.838968546383693,,DIP_train,582
AMASS/all,8.838968546383693,,DIP_train,582
ALL/all,8.838968546383693,,DIP_train,582
AMASS/train,8.838879548012732,,DIP_train,756
AMASS/all,8.838879548012732,,DIP_train,756
ALL/all,8.838879548012732,,DIP_train,756
AMASS/train,8.838808268397097,,DIP_train,697
AMASS/all,8.838808268397097,,DIP_train,697
ALL/all,8.838808268397097,,DIP_train,697
AMASS/train,8.838492680517593,,DIP_train,872
AMASS/all,8.838492680517593,,DIP_train,872
ALL/all,8.838492680517593,,DIP_train,872
AMASS/train,8.838288585348014,,DIP_train,904
AMASS/all,8.838288585348014,,DIP_train,904
ALL/all,8.838288585348014,,DIP_train,904
AMASS/train,8.838035938775961,,DIP_train,600
AMASS/all,8.838035938775961,,DIP_train,600
ALL/all,8.838035938775961,,DIP_train,600
AMASS/train,8.838005946260722,,DIP_train,422
AMASS/all,8.838005946260722,,DIP_train,422
ALL/all,8.838005946260722,,DIP_train,422
AMASS/train,8.837849570377049,,DIP_train,214
AMASS/all,8.837849570377049,,DIP_train,214
ALL/all,8.837849570377049,,DIP_train,214
AMASS/train,8.837811951502216,,DIP_train,1024
AMASS/all,8.837811951502216,,DIP_train,1024
ALL/all,8.837811951502216,,DIP_train,1024
AMASS/train,8.83746911804074,,DIP_train,1148
AMASS/all,8.83746911804074,,DIP_train,1148
ALL/all,8.83746911804074,,DIP_train,1148
AMASS/train,8.836831831775193,,DIP_train,601
AMASS/all,8.836831831775193,,DIP_train,601
ALL/all,8.836831831775193,,DIP_train,601
AMASS/train,8.83622494247011,,DIP_train,1050
AMASS/all,8.83622494247011,,DIP_train,1050
ALL/all,8.83622494247011,,DIP_train,1050
AMASS/train,8.836019014422158,,DIP_train,256
AMASS/all,8.836019014422158,,DIP_train,256
ALL/all,8.836019014422158,,DIP_train,256
AMASS/train,8.835246815364258,,DIP_train,398
AMASS/all,8.835246815364258,,DIP_train,398
ALL/all,8.835246815364258,,DIP_train,398
AMASS/train,8.834995692395514,,DIP_train,1287
AMASS/all,8.834995692395514,,DIP_train,1287
ALL/all,8.834995692395514,,DIP_train,1287
AMASS/train,8.834888857736225,,DIP_train,862
AMASS/all,8.834888857736225,,DIP_train,862
ALL/all,8.834888857736225,,DIP_train,862
AMASS/train,8.834697143843151,,DIP_train,914
AMASS/all,8.834697143843151,,DIP_train,914
ALL/all,8.834697143843151,,DIP_train,914
AMASS/train,8.834299837171583,,DIP_train,940
AMASS/all,8.834299837171583,,DIP_train,940
ALL/all,8.834299837171583,,DIP_train,940
AMASS/train,8.834178054422791,,DIP_train,1296
AMASS/all,8.834178054422791,,DIP_train,1296
ALL/all,8.834178054422791,,DIP_train,1296
AMASS/train,8.83414453660426,,DIP_train,526
AMASS/all,8.83414453660426,,DIP_train,526
ALL/all,8.83414453660426,,DIP_train,526
AMASS/train,8.833928689340453,,DIP_train,868
AMASS/all,8.833928689340453,,DIP_train,868
ALL/all,8.833928689340453,,DIP_train,868
AMASS/train,8.833782183551184,,DIP_train,996
AMASS/all,8.833782183551184,,DIP_train,996
ALL/all,8.833782183551184,,DIP_train,996
AMASS/train,8.833762022966006,,DIP_train,372
AMASS/all,8.833762022966006,,DIP_train,372
ALL/all,8.833762022966006,,DIP_train,372
AMASS/train,8.83375238130356,,DIP_train,1052
AMASS/all,8.83375238130356,,DIP_train,1052
ALL/all,8.83375238130356,,DIP_train,1052
AMASS/train,8.8336831233276,,DIP_train,220
AMASS/all,8.8336831233276,,DIP_train,220
ALL/all,8.8336831233276,,DIP_train,220
AMASS/train,8.833508612040001,,DIP_train,824
AMASS/all,8.833508612040001,,DIP_train,824
ALL/all,8.833508612040001,,DIP_train,824
AMASS/train,8.832950729442643,,DIP_train,376
AMASS/all,8.832950729442643,,DIP_train,376
ALL/all,8.832950729442643,,DIP_train,376
AMASS/train,8.832735548157578,,DIP_train,762
AMASS/all,8.832735548157578,,DIP_train,762
ALL/all,8.832735548157578,,DIP_train,762
AMASS/train,8.832316369629241,,DIP_train,1176
AMASS/all,8.832316369629241,,DIP_train,1176
ALL/all,8.832316369629241,,DIP_train,1176
AMASS/train,8.832122549942968,,DIP_train,1168
AMASS/all,8.832122549942968,,DIP_train,1168
ALL/all,8.832122549942968,,DIP_train,1168
AMASS/train,8.832020811964059,,DIP_train,912
AMASS/all,8.832020811964059,,DIP_train,912
ALL/all,8.832020811964059,,DIP_train,912
AMASS/train,8.831641509927065,,DIP_train,370
AMASS/all,8.831641509927065,,DIP_train,370
ALL/all,8.831641509927065,,DIP_train,370
AMASS/train,8.831618505940384,,DIP_train,938
AMASS/all,8.831618505940384,,DIP_train,938
ALL/all,8.831618505940384,,DIP_train,938
AMASS/train,8.831343420663767,,DIP_train,916
AMASS/all,8.831343420663767,,DIP_train,916
ALL/all,8.831343420663767,,DIP_train,916
AMASS/train,8.830162923388423,,DIP_train,876
AMASS/all,8.830162923388423,,DIP_train,876
ALL/all,8.830162923388423,,DIP_train,876
AMASS/train,8.830069754189465,,DIP_train,920
AMASS/all,8.830069754189465,,DIP_train,920
ALL/all,8.830069754189465,,DIP_train,920
AMASS/train,8.828612624131987,,DIP_train,928
AMASS/all,8.828612624131987,,DIP_train,928
ALL/all,8.828612624131987,,DIP_train,928
AMASS/train,8.8282245449419,,DIP_train,874
AMASS/all,8.8282245449419,,DIP_train,874
ALL/all,8.8282245449419,,DIP_train,874
AMASS/train,8.828144433548221,,DIP_train,634
AMASS/all,8.828144433548221,,DIP_train,634
ALL/all,8.828144433548221,,DIP_train,634
AMASS/train,8.827271714115106,,DIP_train,758
AMASS/all,8.827271714115106,,DIP_train,758
ALL/all,8.827271714115106,,DIP_train,758
AMASS/train,8.82639929604273,,DIP_train,638
AMASS/all,8.82639929604273,,DIP_train,638
ALL/all,8.82639929604273,,DIP_train,638
AMASS/train,8.825795128895816,,DIP_train,592
AMASS/all,8.825795128895816,,DIP_train,592
ALL/all,8.825795128895816,,DIP_train,592
AMASS/train,8.825653855052405,,DIP_train,590
AMASS/all,8.825653855052405,,DIP_train,590
ALL/all,8.825653855052405,,DIP_train,590
AMASS/train,8.825368182978016,,DIP_train,908
AMASS/all,8.825368182978016,,DIP_train,908
ALL/all,8.825368182978016,,DIP_train,908
AMASS/train,8.825145605535484,,DIP_train,210
AMASS/all,8.825145605535484,,DIP_train,210
ALL/all,8.825145605535484,,DIP_train,210
AMASS/train,8.824368283033984,,DIP_train,882
AMASS/all,8.824368283033984,,DIP_train,882
ALL/all,8.824368283033984,,DIP_train,882
AMASS/train,8.82382009377985,,DIP_train,596
AMASS/all,8.82382009377985,,DIP_train,596
ALL/all,8.82382009377985,,DIP_train,596
AMASS/train,8.823715734062388,,DIP_train,906
AMASS/all,8.823715734062388,,DIP_train,906
ALL/all,8.823715734062388,,DIP_train,906
AMASS/train,8.823263776961921,,DIP_train,364
AMASS/all,8.823263776961921,,DIP_train,364
ALL/all,8.823263776961921,,DIP_train,364
AMASS/train,8.822633076021065,,DIP_train,12
AMASS/all,8.822633076021065,,DIP_train,12
ALL/all,8.822633076021065,,DIP_train,12
AMASS/train,8.820852727511873,,DIP_train,924
AMASS/all,8.820852727511873,,DIP_train,924
ALL/all,8.820852727511873,,DIP_train,924
AMASS/train,8.82053776253184,,DIP_train,990
AMASS/all,8.82053776253184,,DIP_train,990
ALL/all,8.82053776253184,,DIP_train,990
AMASS/train,8.820095987527916,,DIP_train,910
AMASS/all,8.820095987527916,,DIP_train,910
ALL/all,8.820095987527916,,DIP_train,910
AMASS/train,8.819927111854392,,DIP_train,950
AMASS/all,8.819927111854392,,DIP_train,950
ALL/all,8.819927111854392,,DIP_train,950
AMASS/train,8.819909451040983,,DIP_train,396
AMASS/all,8.819909451040983,,DIP_train,396
ALL/all,8.819909451040983,,DIP_train,396
AMASS/train,8.819628374352643,,DIP_train,612
AMASS/all,8.819628374352643,,DIP_train,612
ALL/all,8.819628374352643,,DIP_train,612
AMASS/train,8.817977713411851,,DIP_train,798
AMASS/all,8.817977713411851,,DIP_train,798
ALL/all,8.817977713411851,,DIP_train,798
AMASS/train,8.81772584636702,,DIP_train,958
AMASS/all,8.81772584636702,,DIP_train,958
ALL/all,8.81772584636702,,DIP_train,958
AMASS/train,8.817609962484783,,DIP_train,578
AMASS/all,8.817609962484783,,DIP_train,578
ALL/all,8.817609962484783,,DIP_train,578
AMASS/train,8.816507347001258,,DIP_train,599
AMASS/all,8.816507347001258,,DIP_train,599
ALL/all,8.816507347001258,,DIP_train,599
AMASS/train,8.816138452328984,,DIP_train,1096
AMASS/all,8.816138452328984,,DIP_train,1096
ALL/all,8.816138452328984,,DIP_train,1096
AMASS/train,8.81578918689034,,DIP_train,646
AMASS/all,8.81578918689034,,DIP_train,646
ALL/all,8.81578918689034,,DIP_train,646
AMASS/train,8.8145410108728,,DIP_train,426
AMASS/all,8.8145410108728,,DIP_train,426
ALL/all,8.8145410108728,,DIP_train,426
AMASS/train,8.81428172199346,,DIP_train,864
AMASS/all,8.81428172199346,,DIP_train,864
ALL/all,8.81428172199346,,DIP_train,864
AMASS/train,8.812206738843164,,DIP_train,424
AMASS/all,8.812206738843164,,DIP_train,424
ALL/all,8.812206738843164,,DIP_train,424
AMASS/train,8.812107714523014,,DIP_train,936
AMASS/all,8.812107714523014,,DIP_train,936
ALL/all,8.812107714523014,,DIP_train,936
AMASS/train,8.811238896063356,,DIP_train,926
AMASS/all,8.811238896063356,,DIP_train,926
ALL/all,8.811238896063356,,DIP_train,926
AMASS/train,8.811185504203058,,DIP_train,598
AMASS/all,8.811185504203058,,DIP_train,598
ALL/all,8.811185504203058,,DIP_train,598
AMASS/train,8.81115438180909,,DIP_train,802
AMASS/all,8.81115438180909,,DIP_train,802
ALL/all,8.81115438180909,,DIP_train,802
AMASS/train,8.809798613287683,,DIP_train,1142
AMASS/all,8.809798613287683,,DIP_train,1142
ALL/all,8.809798613287683,,DIP_train,1142
AMASS/train,8.809715850385455,,DIP_train,640
AMASS/all,8.809715850385455,,DIP_train,640
ALL/all,8.809715850385455,,DIP_train,640
AMASS/train,8.809044320263364,,DIP_train,922
AMASS/all,8.809044320263364,,DIP_train,922
ALL/all,8.809044320263364,,DIP_train,922
AMASS/train,8.808448992830673,,DIP_train,594
AMASS/all,8.808448992830673,,DIP_train,594
ALL/all,8.808448992830673,,DIP_train,594
AMASS/train,8.807271691332454,,DIP_train,632
AMASS/all,8.807271691332454,,DIP_train,632
ALL/all,8.807271691332454,,DIP_train,632
AMASS/train,8.80694487421888,,DIP_train,1184
AMASS/all,8.80694487421888,,DIP_train,1184
ALL/all,8.80694487421888,,DIP_train,1184
AMASS/train,8.806572081936451,,DIP_train,948
AMASS/all,8.806572081936451,,DIP_train,948
ALL/all,8.806572081936451,,DIP_train,948
AMASS/train,8.806261646153455,,DIP_train,576
AMASS/all,8.806261646153455,,DIP_train,576
ALL/all,8.806261646153455,,DIP_train,576
AMASS/train,8.80572836833149,,DIP_train,880
AMASS/all,8.80572836833149,,DIP_train,880
ALL/all,8.80572836833149,,DIP_train,880
AMASS/train,8.80563470028614,,DIP_train,644
AMASS/all,8.80563470028614,,DIP_train,644
ALL/all,8.80563470028614,,DIP_train,644
AMASS/train,8.804889720870847,,DIP_train,610
AMASS/all,8.804889720870847,,DIP_train,610
ALL/all,8.804889720870847,,DIP_train,610
AMASS/train,8.80488010967786,,DIP_train,648
AMASS/all,8.80488010967786,,DIP_train,648
ALL/all,8.80488010967786,,DIP_train,648
AMASS/train,8.804220493376485,,DIP_train,614
AMASS/all,8.804220493376485,,DIP_train,614
ALL/all,8.804220493376485,,DIP_train,614
AMASS/train,8.804099492124964,,DIP_train,944
AMASS/all,8.804099492124964,,DIP_train,944
ALL/all,8.804099492124964,,DIP_train,944
AMASS/train,8.804028109142463,,DIP_train,29
AMASS/all,8.804028109142463,,DIP_train,29
ALL/all,8.804028109142463,,DIP_train,29
AMASS/train,8.803079593155157,,DIP_train,812
AMASS/all,8.803079593155157,,DIP_train,812
ALL/all,8.803079593155157,,DIP_train,812
AMASS/train,8.802360510036563,,DIP_train,946
AMASS/all,8.802360510036563,,DIP_train,946
ALL/all,8.802360510036563,,DIP_train,946
AMASS/train,8.801817821831836,,DIP_train,960
AMASS/all,8.801817821831836,,DIP_train,960
ALL/all,8.801817821831836,,DIP_train,960
AMASS/train,8.80105339272813,,DIP_train,642
AMASS/all,8.80105339272813,,DIP_train,642
ALL/all,8.80105339272813,,DIP_train,642
AMASS/train,8.800886093407138,,DIP_train,968
AMASS/all,8.800886093407138,,DIP_train,968
ALL/all,8.800886093407138,,DIP_train,968
AMASS/train,8.800843253149338,,DIP_train,974
AMASS/all,8.800843253149338,,DIP_train,974
ALL/all,8.800843253149338,,DIP_train,974
AMASS/train,8.800520059903555,,DIP_train,636
AMASS/all,8.800520059903555,,DIP_train,636
ALL/all,8.800520059903555,,DIP_train,636
AMASS/train,8.8005111796405,,DIP_train,392
AMASS/all,8.8005111796405,,DIP_train,392
ALL/all,8.8005111796405,,DIP_train,392
AMASS/train,8.800071737854346,,DIP_train,956
AMASS/all,8.800071737854346,,DIP_train,956
ALL/all,8.800071737854346,,DIP_train,956
AMASS/train,8.799079583967297,,DIP_train,954
AMASS/all,8.799079583967297,,DIP_train,954
ALL/all,8.799079583967297,,DIP_train,954
AMASS/train,8.79888664060495,,DIP_train,866
AMASS/all,8.79888664060495,,DIP_train,866
ALL/all,8.79888664060495,,DIP_train,866
AMASS/train,8.798581531580115,,DIP_train,630
AMASS/all,8.798581531580115,,DIP_train,630
ALL/all,8.798581531580115,,DIP_train,630
AMASS/train,8.797218584336306,,DIP_train,952
AMASS/all,8.797218584336306,,DIP_train,952
ALL/all,8.797218584336306,,DIP_train,952
AMASS/train,8.79615955587757,,DIP_train,366
AMASS/all,8.79615955587757,,DIP_train,366
ALL/all,8.79615955587757,,DIP_train,366
AMASS/train,8.794342229068276,,DIP_train,1021
AMASS/all,8.794342229068276,,DIP_train,1021
ALL/all,8.794342229068276,,DIP_train,1021
AMASS/train,8.79242451995436,,DIP_train,470
AMASS/all,8.79242451995436,,DIP_train,470
ALL/all,8.79242451995436,,DIP_train,470
AMASS/train,8.790823522129573,,DIP_train,216
AMASS/all,8.790823522129573,,DIP_train,216
ALL/all,8.790823522129573,,DIP_train,216
AMASS/train,8.790693559156992,,DIP_train,1102
AMASS/all,8.790693559156992,,DIP_train,1102
ALL/all,8.790693559156992,,DIP_train,1102
AMASS/train,8.790295657071496,,DIP_train,978
AMASS/all,8.790295657071496,,DIP_train,978
ALL/all,8.790295657071496,,DIP_train,978
AMASS/train,8.790233660557613,,DIP_train,394
AMASS/all,8.790233660557613,,DIP_train,394
ALL/all,8.790233660557613,,DIP_train,394
AMASS/train,8.787065830003183,,DIP_train,962
AMASS/all,8.787065830003183,,DIP_train,962
ALL/all,8.787065830003183,,DIP_train,962
AMASS/train,8.785800020607098,,DIP_train,934
AMASS/all,8.785800020607098,,DIP_train,934
ALL/all,8.785800020607098,,DIP_train,934
AMASS/train,8.783641369689555,,DIP_train,1116
AMASS/all,8.783641369689555,,DIP_train,1116
ALL/all,8.783641369689555,,DIP_train,1116
AMASS/train,8.781927030424413,,DIP_train,462
AMASS/all,8.781927030424413,,DIP_train,462
ALL/all,8.781927030424413,,DIP_train,462
AMASS/train,8.780668196950723,,DIP_train,1120
AMASS/all,8.780668196950723,,DIP_train,1120
ALL/all,8.780668196950723,,DIP_train,1120
AMASS/train,8.780339765437121,,DIP_train,942
AMASS/all,8.780339765437121,,DIP_train,942
ALL/all,8.780339765437121,,DIP_train,942
AMASS/train,8.779101118811738,,DIP_train,1215
AMASS/all,8.779101118811738,,DIP_train,1215
ALL/all,8.779101118811738,,DIP_train,1215
AMASS/train,8.778624845636998,,DIP_train,1032
AMASS/all,8.778624845636998,,DIP_train,1032
ALL/all,8.778624845636998,,DIP_train,1032
AMASS/train,8.778281358995734,,DIP_train,620
AMASS/all,8.778281358995734,,DIP_train,620
ALL/all,8.778281358995734,,DIP_train,620
AMASS/train,8.77768831121313,,DIP_train,1294
AMASS/all,8.77768831121313,,DIP_train,1294
ALL/all,8.77768831121313,,DIP_train,1294
AMASS/train,8.77754489544515,,DIP_train,1218
AMASS/all,8.77754489544515,,DIP_train,1218
ALL/all,8.77754489544515,,DIP_train,1218
AMASS/train,8.775827301592686,,DIP_train,980
AMASS/all,8.775827301592686,,DIP_train,980
ALL/all,8.775827301592686,,DIP_train,980
AMASS/train,8.775651373525648,,DIP_train,972
AMASS/all,8.775651373525648,,DIP_train,972
ALL/all,8.775651373525648,,DIP_train,972
AMASS/train,8.774155439943092,,DIP_train,362
AMASS/all,8.774155439943092,,DIP_train,362
ALL/all,8.774155439943092,,DIP_train,362
AMASS/train,8.771888777031462,,DIP_train,988
AMASS/all,8.771888777031462,,DIP_train,988
ALL/all,8.771888777031462,,DIP_train,988
AMASS/train,8.767254461294991,,DIP_train,483
AMASS/all,8.767254461294991,,DIP_train,483
ALL/all,8.767254461294991,,DIP_train,483
AMASS/train,8.767238640755625,,DIP_train,1268
AMASS/all,8.767238640755625,,DIP_train,1268
ALL/all,8.767238640755625,,DIP_train,1268
AMASS/train,8.76666126098338,,DIP_train,1110
AMASS/all,8.76666126098338,,DIP_train,1110
ALL/all,8.76666126098338,,DIP_train,1110
AMASS/train,8.764709273355685,,DIP_train,1058
AMASS/all,8.764709273355685,,DIP_train,1058
ALL/all,8.764709273355685,,DIP_train,1058
AMASS/train,8.764376120767908,,DIP_train,570
AMASS/all,8.764376120767908,,DIP_train,570
ALL/all,8.764376120767908,,DIP_train,570
AMASS/train,8.762313843550663,,DIP_train,1248
AMASS/all,8.762313843550663,,DIP_train,1248
ALL/all,8.762313843550663,,DIP_train,1248
AMASS/train,8.761967402987104,,DIP_train,568
AMASS/all,8.761967402987104,,DIP_train,568
ALL/all,8.761967402987104,,DIP_train,568
AMASS/train,8.761797209450881,,DIP_train,1264
AMASS/all,8.761797209450881,,DIP_train,1264
ALL/all,8.761797209450881,,DIP_train,1264
AMASS/train,8.761589720550553,,DIP_train,1246
AMASS/all,8.761589720550553,,DIP_train,1246
ALL/all,8.761589720550553,,DIP_train,1246
AMASS/train,8.760022070367562,,DIP_train,1140
AMASS/all,8.760022070367562,,DIP_train,1140
ALL/all,8.760022070367562,,DIP_train,1140
AMASS/train,8.759706488922484,,DIP_train,1090
AMASS/all,8.759706488922484,,DIP_train,1090
ALL/all,8.759706488922484,,DIP_train,1090
AMASS/train,8.759696330167143,,DIP_train,308
AMASS/all,8.759696330167143,,DIP_train,308
ALL/all,8.759696330167143,,DIP_train,308
AMASS/train,8.758716706249102,,DIP_train,574
AMASS/all,8.758716706249102,,DIP_train,574
ALL/all,8.758716706249102,,DIP_train,574
AMASS/train,8.758065600783894,,DIP_train,464
AMASS/all,8.758065600783894,,DIP_train,464
ALL/all,8.758065600783894,,DIP_train,464
AMASS/train,8.757896478147334,,DIP_train,466
AMASS/all,8.757896478147334,,DIP_train,466
ALL/all,8.757896478147334,,DIP_train,466
AMASS/train,8.756238590796046,,DIP_train,1238
AMASS/all,8.756238590796046,,DIP_train,1238
ALL/all,8.756238590796046,,DIP_train,1238
AMASS/train,8.755958391269015,,DIP_train,747
AMASS/all,8.755958391269015,,DIP_train,747
ALL/all,8.755958391269015,,DIP_train,747
AMASS/train,8.755571311148445,,DIP_train,458
AMASS/all,8.755571311148445,,DIP_train,458
ALL/all,8.755571311148445,,DIP_train,458
AMASS/train,8.752726466163491,,DIP_train,754
AMASS/all,8.752726466163491,,DIP_train,754
ALL/all,8.752726466163491,,DIP_train,754
AMASS/train,8.752515616540977,,DIP_train,1212
AMASS/all,8.752515616540977,,DIP_train,1212
ALL/all,8.752515616540977,,DIP_train,1212
AMASS/train,8.75233513369816,,DIP_train,1272
AMASS/all,8.75233513369816,,DIP_train,1272
ALL/all,8.75233513369816,,DIP_train,1272
AMASS/train,8.751538893600205,,DIP_train,418
AMASS/all,8.751538893600205,,DIP_train,418
ALL/all,8.751538893600205,,DIP_train,418
AMASS/train,8.75040135774972,,DIP_train,572
AMASS/all,8.75040135774972,,DIP_train,572
ALL/all,8.75040135774972,,DIP_train,572
AMASS/train,8.746462296904062,,DIP_train,1138
AMASS/all,8.746462296904062,,DIP_train,1138
ALL/all,8.746462296904062,,DIP_train,1138
ALL/all,8.74627813883592,,DIP_train,1366
TotalCapture/train,8.74627813883592,,DIP_train,7
TotalCapture/all,8.74627813883592,,DIP_train,7
AMASS/train,8.745956809137535,,DIP_train,1276
AMASS/all,8.745956809137535,,DIP_train,1276
ALL/all,8.745956809137535,,DIP_train,1276
AMASS/train,8.745322498109548,,DIP_train,428
AMASS/all,8.745322498109548,,DIP_train,428
ALL/all,8.745322498109548,,DIP_train,428
AMASS/train,8.744986944043761,,DIP_train,1266
AMASS/all,8.744986944043761,,DIP_train,1266
ALL/all,8.744986944043761,,DIP_train,1266
AMASS/train,8.744818617155266,,DIP_train,1270
AMASS/all,8.744818617155266,,DIP_train,1270
ALL/all,8.744818617155266,,DIP_train,1270
AMASS/train,8.744616656047304,,DIP_train,1158
AMASS/all,8.744616656047304,,DIP_train,1158
ALL/all,8.744616656047304,,DIP_train,1158
AMASS/train,8.743255579449107,,DIP_train,1250
AMASS/all,8.743255579449107,,DIP_train,1250
ALL/all,8.743255579449107,,DIP_train,1250
AMASS/train,8.74307638370381,,DIP_train,454
AMASS/all,8.74307638370381,,DIP_train,454
ALL/all,8.74307638370381,,DIP_train,454
AMASS/train,8.742111501910454,,DIP_train,460
AMASS/all,8.742111501910454,,DIP_train,460
ALL/all,8.742111501910454,,DIP_train,460
AMASS/train,8.741549351126153,,DIP_train,1260
AMASS/all,8.741549351126153,,DIP_train,1260
ALL/all,8.741549351126153,,DIP_train,1260
AMASS/train,8.740152614813539,,DIP_train,1274
AMASS/all,8.740152614813539,,DIP_train,1274
ALL/all,8.740152614813539,,DIP_train,1274
AMASS/train,8.738517700097221,,DIP_train,468
AMASS/all,8.738517700097221,,DIP_train,468
ALL/all,8.738517700097221,,DIP_train,468
AMASS/train,8.737658849567733,,DIP_train,626
AMASS/all,8.737658849567733,,DIP_train,626
ALL/all,8.737658849567733,,DIP_train,626
AMASS/train,8.731517800980459,,DIP_train,566
AMASS/all,8.731517800980459,,DIP_train,566
ALL/all,8.731517800980459,,DIP_train,566
AMASS/train,8.731513922528306,,DIP_train,456
AMASS/all,8.731513922528306,,DIP_train,456
ALL/all,8.731513922528306,,DIP_train,456
AMASS/train,8.730767974042736,,DIP_train,1254
AMASS/all,8.730767974042736,,DIP_train,1254
ALL/all,8.730767974042736,,DIP_train,1254
AMASS/train,8.728840855517147,,DIP_train,434
AMASS/all,8.728840855517147,,DIP_train,434
ALL/all,8.728840855517147,,DIP_train,434
AMASS/train,8.727464650900625,,DIP_train,1210
AMASS/all,8.727464650900625,,DIP_train,1210
ALL/all,8.727464650900625,,DIP_train,1210
AMASS/train,8.727365198580477,,DIP_train,1282
AMASS/all,8.727365198580477,,DIP_train,1282
ALL/all,8.727365198580477,,DIP_train,1282
AMASS/train,8.726969320540327,,DIP_train,410
AMASS/all,8.726969320540327,,DIP_train,410
ALL/all,8.726969320540327,,DIP_train,410
AMASS/train,8.726700088236642,,DIP_train,430
AMASS/all,8.726700088236642,,DIP_train,430
ALL/all,8.726700088236642,,DIP_train,430
AMASS/train,8.725031646117724,,DIP_train,452
AMASS/all,8.725031646117724,,DIP_train,452
ALL/all,8.725031646117724,,DIP_train,452
AMASS/train,8.723850534170287,,DIP_train,408
AMASS/all,8.723850534170287,,DIP_train,408
ALL/all,8.723850534170287,,DIP_train,408
AMASS/train,8.723124871482058,,DIP_train,624
AMASS/all,8.723124871482058,,DIP_train,624
ALL/all,8.723124871482058,,DIP_train,624
AMASS/train,8.723112338564539,,DIP_train,1220
AMASS/all,8.723112338564539,,DIP_train,1220
ALL/all,8.723112338564539,,DIP_train,1220
AMASS/train,8.72095830503762,,DIP_train,1186
AMASS/all,8.72095830503762,,DIP_train,1186
ALL/all,8.72095830503762,,DIP_train,1186
AMASS/train,8.720917167036552,,DIP_train,618
AMASS/all,8.720917167036552,,DIP_train,618
ALL/all,8.720917167036552,,DIP_train,618
AMASS/train,8.720793444619789,,DIP_train,518
AMASS/all,8.720793444619789,,DIP_train,518
ALL/all,8.720793444619789,,DIP_train,518
ALL/all,8.720045366926307,,DIP_train,1368
TotalCapture/train,8.720045366926307,,DIP_train,9
TotalCapture/all,8.720045366926307,,DIP_train,9
AMASS/train,8.719983062892936,,DIP_train,440
AMASS/all,8.719983062892936,,DIP_train,440
ALL/all,8.719983062892936,,DIP_train,440
AMASS/train,8.718086059990428,,DIP_train,438
AMASS/all,8.718086059990428,,DIP_train,438
ALL/all,8.718086059990428,,DIP_train,438
AMASS/train,8.717898866816062,,DIP_train,404
AMASS/all,8.717898866816062,,DIP_train,404
ALL/all,8.717898866816062,,DIP_train,404
AMASS/train,8.7159478484134,,DIP_train,432
AMASS/all,8.7159478484134,,DIP_train,432
ALL/all,8.7159478484134,,DIP_train,432
AMASS/train,8.714961926108456,,DIP_train,622
AMASS/all,8.714961926108456,,DIP_train,622
ALL/all,8.714961926108456,,DIP_train,622
AMASS/train,8.71375562241404,,DIP_train,1206
AMASS/all,8.71375562241404,,DIP_train,1206
ALL/all,8.71375562241404,,DIP_train,1206
AMASS/train,8.713391344347107,,DIP_train,402
AMASS/all,8.713391344347107,,DIP_train,402
ALL/all,8.713391344347107,,DIP_train,402
AMASS/train,8.712982704013852,,DIP_train,1204
AMASS/all,8.712982704013852,,DIP_train,1204
ALL/all,8.712982704013852,,DIP_train,1204
AMASS/train,8.712951553473502,,DIP_train,406
AMASS/all,8.712951553473502,,DIP_train,406
ALL/all,8.712951553473502,,DIP_train,406
AMASS/train,8.711527550319971,,DIP_train,628
AMASS/all,8.711527550319971,,DIP_train,628
ALL/all,8.711527550319971,,DIP_train,628
AMASS/train,8.711331027566589,,DIP_train,436
AMASS/all,8.711331027566589,,DIP_train,436
ALL/all,8.711331027566589,,DIP_train,436
AMASS/train,8.711327872358996,,DIP_train,1262
AMASS/all,8.711327872358996,,DIP_train,1262
ALL/all,8.711327872358996,,DIP_train,1262
AMASS/train,8.708623638608843,,DIP_train,1214
AMASS/all,8.708623638608843,,DIP_train,1214
ALL/all,8.708623638608843,,DIP_train,1214
AMASS/train,8.707492075257791,,DIP_train,550
AMASS/all,8.707492075257791,,DIP_train,550
ALL/all,8.707492075257791,,DIP_train,550
AMASS/train,8.70518941247071,,DIP_train,548
AMASS/all,8.70518941247071,,DIP_train,548
ALL/all,8.70518941247071,,DIP_train,548
AMASS/train,8.70378756363864,,DIP_train,1252
AMASS/all,8.70378756363864,,DIP_train,1252
ALL/all,8.70378756363864,,DIP_train,1252
AMASS/train,8.702749814841592,,DIP_train,554
AMASS/all,8.702749814841592,,DIP_train,554
ALL/all,8.702749814841592,,DIP_train,554
ALL/all,8.701764028615438,,DIP_train,1378
TotalCapture/train,8.701764028615438,,DIP_train,19
TotalCapture/all,8.701764028615438,,DIP_train,19
AMASS/train,8.700957523703886,,DIP_train,472
AMASS/all,8.700957523703886,,DIP_train,472
ALL/all,8.700957523703886,,DIP_train,472
AMASS/train,8.699880744414314,,DIP_train,1228
AMASS/all,8.699880744414314,,DIP_train,1228
ALL/all,8.699880744414314,,DIP_train,1228
AMASS/train,8.699344675734107,,DIP_train,1234
AMASS/all,8.699344675734107,,DIP_train,1234
ALL/all,8.699344675734107,,DIP_train,1234
AMASS/train,8.697887046734193,,DIP_train,390
AMASS/all,8.697887046734193,,DIP_train,390
ALL/all,8.697887046734193,,DIP_train,390
AMASS/train,8.697731552913542,,DIP_train,1278
AMASS/all,8.697731552913542,,DIP_train,1278
ALL/all,8.697731552913542,,DIP_train,1278
AMASS/train,8.695681915904263,,DIP_train,1242
AMASS/all,8.695681915904263,,DIP_train,1242
ALL/all,8.695681915904263,,DIP_train,1242
AMASS/train,8.695615432809813,,DIP_train,616
AMASS/all,8.695615432809813,,DIP_train,616
ALL/all,8.695615432809813,,DIP_train,616
AMASS/train,8.694327198017135,,DIP_train,1244
AMASS/all,8.694327198017135,,DIP_train,1244
ALL/all,8.694327198017135,,DIP_train,1244
AMASS/train,8.693587124906852,,DIP_train,1216
AMASS/all,8.693587124906852,,DIP_train,1216
ALL/all,8.693587124906852,,DIP_train,1216
AMASS/train,8.692457552706337,,DIP_train,1280
AMASS/all,8.692457552706337,,DIP_train,1280
ALL/all,8.692457552706337,,DIP_train,1280
AMASS/train,8.689180079806565,,DIP_train,1198
AMASS/all,8.689180079806565,,DIP_train,1198
ALL/all,8.689180079806565,,DIP_train,1198
AMASS/train,8.688625189823204,,DIP_train,416
AMASS/all,8.688625189823204,,DIP_train,416
ALL/all,8.688625189823204,,DIP_train,416
AMASS/train,8.68798879052898,,DIP_train,1226
AMASS/all,8.68798879052898,,DIP_train,1226
ALL/all,8.68798879052898,,DIP_train,1226
AMASS/train,8.687571532938222,,DIP_train,448
AMASS/all,8.687571532938222,,DIP_train,448
ALL/all,8.687571532938222,,DIP_train,448
AMASS/train,8.68737094548058,,DIP_train,506
AMASS/all,8.68737094548058,,DIP_train,506
ALL/all,8.68737094548058,,DIP_train,506
AMASS/train,8.687199355370753,,DIP_train,552
AMASS/all,8.687199355370753,,DIP_train,552
ALL/all,8.687199355370753,,DIP_train,552
AMASS/train,8.684949380602742,,DIP_train,446
AMASS/all,8.684949380602742,,DIP_train,446
ALL/all,8.684949380602742,,DIP_train,446
AMASS/train,8.684410468492613,,DIP_train,1196
AMASS/all,8.684410468492613,,DIP_train,1196
ALL/all,8.684410468492613,,DIP_train,1196
AMASS/train,8.682962412840501,,DIP_train,1094
AMASS/all,8.682962412840501,,DIP_train,1094
ALL/all,8.682962412840501,,DIP_train,1094
AMASS/train,8.681374053773245,,DIP_train,368
AMASS/all,8.681374053773245,,DIP_train,368
ALL/all,8.681374053773245,,DIP_train,368
AMASS/train,8.681069435975035,,DIP_train,1188
AMASS/all,8.681069435975035,,DIP_train,1188
ALL/all,8.681069435975035,,DIP_train,1188
AMASS/train,8.679055327627708,,DIP_train,514
AMASS/all,8.679055327627708,,DIP_train,514
ALL/all,8.679055327627708,,DIP_train,514
AMASS/train,8.678309471489762,,DIP_train,1200
AMASS/all,8.678309471489762,,DIP_train,1200
ALL/all,8.678309471489762,,DIP_train,1200
AMASS/train,8.67830858888186,,DIP_train,1192
AMASS/all,8.67830858888186,,DIP_train,1192
ALL/all,8.67830858888186,,DIP_train,1192
AMASS/train,8.678152218615072,,DIP_train,544
AMASS/all,8.678152218615072,,DIP_train,544
ALL/all,8.678152218615072,,DIP_train,544
AMASS/train,8.676723422607665,,DIP_train,1114
AMASS/all,8.676723422607665,,DIP_train,1114
ALL/all,8.676723422607665,,DIP_train,1114
AMASS/train,8.674566014729125,,DIP_train,388
AMASS/all,8.674566014729125,,DIP_train,388
ALL/all,8.674566014729125,,DIP_train,388
AMASS/train,8.673389589688522,,DIP_train,450
AMASS/all,8.673389589688522,,DIP_train,450
ALL/all,8.673389589688522,,DIP_train,450
AMASS/train,8.672518165481332,,DIP_train,1082
AMASS/all,8.672518165481332,,DIP_train,1082
ALL/all,8.672518165481332,,DIP_train,1082
AMASS/train,8.670337621466496,,DIP_train,442
AMASS/all,8.670337621466496,,DIP_train,442
ALL/all,8.670337621466496,,DIP_train,442
AMASS/train,8.669810406246707,,DIP_train,512
AMASS/all,8.669810406246707,,DIP_train,512
ALL/all,8.669810406246707,,DIP_train,512
AMASS/train,8.669522606897019,,DIP_train,536
AMASS/all,8.669522606897019,,DIP_train,536
ALL/all,8.669522606897019,,DIP_train,536
AMASS/train,8.669005619727958,,DIP_train,520
AMASS/all,8.669005619727958,,DIP_train,520
ALL/all,8.669005619727958,,DIP_train,520
AMASS/train,8.667808186779798,,DIP_train,1240
AMASS/all,8.667808186779798,,DIP_train,1240
ALL/all,8.667808186779798,,DIP_train,1240
AMASS/train,8.666582433595941,,DIP_train,1108
AMASS/all,8.666582433595941,,DIP_train,1108
ALL/all,8.666582433595941,,DIP_train,1108
AMASS/train,8.66608001162611,,DIP_train,1178
AMASS/all,8.66608001162611,,DIP_train,1178
ALL/all,8.66608001162611,,DIP_train,1178
AMASS/train,8.666022130384073,,DIP_train,524
AMASS/all,8.666022130384073,,DIP_train,524
ALL/all,8.666022130384073,,DIP_train,524
AMASS/train,8.664391958853356,,DIP_train,1194
AMASS/all,8.664391958853356,,DIP_train,1194
ALL/all,8.664391958853356,,DIP_train,1194
AMASS/train,8.66420147348872,,DIP_train,546
AMASS/all,8.66420147348872,,DIP_train,546
ALL/all,8.66420147348872,,DIP_train,546
AMASS/train,8.663195519346878,,DIP_train,522
AMASS/all,8.663195519346878,,DIP_train,522
ALL/all,8.663195519346878,,DIP_train,522
AMASS/train,8.66229117898289,,DIP_train,1232
AMASS/all,8.66229117898289,,DIP_train,1232
ALL/all,8.66229117898289,,DIP_train,1232
AMASS/train,8.661379388300345,,DIP_train,538
AMASS/all,8.661379388300345,,DIP_train,538
ALL/all,8.661379388300345,,DIP_train,538
AMASS/train,8.660963327903266,,DIP_train,386
AMASS/all,8.660963327903266,,DIP_train,386
ALL/all,8.660963327903266,,DIP_train,386
AMASS/train,8.659210764448593,,DIP_train,542
AMASS/all,8.659210764448593,,DIP_train,542
ALL/all,8.659210764448593,,DIP_train,542
AMASS/train,8.65773496088784,,DIP_train,540
AMASS/all,8.65773496088784,,DIP_train,540
ALL/all,8.65773496088784,,DIP_train,540
AMASS/train,8.656647454022444,,DIP_train,510
AMASS/all,8.656647454022444,,DIP_train,510
ALL/all,8.656647454022444,,DIP_train,510
AMASS/train,8.656564449725126,,DIP_train,420
AMASS/all,8.656564449725126,,DIP_train,420
ALL/all,8.656564449725126,,DIP_train,420
AMASS/train,8.6550873087408,,DIP_train,508
AMASS/all,8.6550873087408,,DIP_train,508
ALL/all,8.6550873087408,,DIP_train,508
AMASS/train,8.65279713347846,,DIP_train,1202
AMASS/all,8.65279713347846,,DIP_train,1202
ALL/all,8.65279713347846,,DIP_train,1202
AMASS/train,8.650329292225601,,DIP_train,516
AMASS/all,8.650329292225601,,DIP_train,516
ALL/all,8.650329292225601,,DIP_train,516
AMASS/train,8.650115832482758,,DIP_train,1208
AMASS/all,8.650115832482758,,DIP_train,1208
ALL/all,8.650115832482758,,DIP_train,1208
AMASS/train,8.645700997788422,,DIP_train,444
AMASS/all,8.645700997788422,,DIP_train,444
ALL/all,8.645700997788422,,DIP_train,444
ALL/all,8.63874182798868,,DIP_train,1356
DIP/all,8.63874182798868,,DIP_train,58
DIP/test,8.63874182798868,,DIP_train,16
AMASS/train,8.636480166502709,,DIP_train,480
AMASS/all,8.636480166502709,,DIP_train,480
ALL/all,8.636480166502709,,DIP_train,480
AMASS/train,8.634769363838249,,DIP_train,1258
AMASS/all,8.634769363838249,,DIP_train,1258
ALL/all,8.634769363838249,,DIP_train,1258
AMASS/train,8.63453591399836,,DIP_train,478
AMASS/all,8.63453591399836,,DIP_train,478
ALL/all,8.63453591399836,,DIP_train,478
AMASS/train,8.633019702633288,,DIP_train,496
AMASS/all,8.633019702633288,,DIP_train,496
ALL/all,8.633019702633288,,DIP_train,496
AMASS/train,8.632710130391393,,DIP_train,1224
AMASS/all,8.632710130391393,,DIP_train,1224
ALL/all,8.632710130391393,,DIP_train,1224
AMASS/train,8.632668302925119,,DIP_train,1230
AMASS/all,8.632668302925119,,DIP_train,1230
ALL/all,8.632668302925119,,DIP_train,1230
AMASS/train,8.63231502552207,,DIP_train,1236
AMASS/all,8.63231502552207,,DIP_train,1236
ALL/all,8.63231502552207,,DIP_train,1236
AMASS/train,8.63071005819542,,DIP_train,669
AMASS/all,8.63071005819542,,DIP_train,669
ALL/all,8.63071005819542,,DIP_train,669
AMASS/train,8.629964819782941,,DIP_train,414
AMASS/all,8.629964819782941,,DIP_train,414
ALL/all,8.629964819782941,,DIP_train,414
AMASS/train,8.628494107770837,,DIP_train,486
AMASS/all,8.628494107770837,,DIP_train,486
ALL/all,8.628494107770837,,DIP_train,486
AMASS/train,8.625339909865678,,DIP_train,1222
AMASS/all,8.625339909865678,,DIP_train,1222
ALL/all,8.625339909865678,,DIP_train,1222
AMASS/train,8.620868277059175,,DIP_train,482
AMASS/all,8.620868277059175,,DIP_train,482
ALL/all,8.620868277059175,,DIP_train,482
AMASS/train,8.61704478040731,,DIP_train,494
AMASS/all,8.61704478040731,,DIP_train,494
ALL/all,8.61704478040731,,DIP_train,494
AMASS/train,8.616087221825394,,DIP_train,488
AMASS/all,8.616087221825394,,DIP_train,488
ALL/all,8.616087221825394,,DIP_train,488
AMASS/train,8.61557269510178,,DIP_train,986
AMASS/all,8.61557269510178,,DIP_train,986
ALL/all,8.61557269510178,,DIP_train,986
AMASS/train,8.612655968425198,,DIP_train,1134
AMASS/all,8.612655968425198,,DIP_train,1134
ALL/all,8.612655968425198,,DIP_train,1134
AMASS/train,8.6125304373016,,DIP_train,490
AMASS/all,8.6125304373016,,DIP_train,490
ALL/all,8.6125304373016,,DIP_train,490
AMASS/train,8.611533249314556,,DIP_train,1190
AMASS/all,8.611533249314556,,DIP_train,1190
ALL/all,8.611533249314556,,DIP_train,1190
AMASS/train,8.610220772807757,,DIP_train,476
AMASS/all,8.610220772807757,,DIP_train,476
ALL/all,8.610220772807757,,DIP_train,476
AMASS/train,8.6068127083903,,DIP_train,1087
AMASS/all,8.6068127083903,,DIP_train,1087
ALL/all,8.6068127083903,,DIP_train,1087
AMASS/train,8.599774040289844,,DIP_train,484
AMASS/all,8.599774040289844,,DIP_train,484
ALL/all,8.599774040289844,,DIP_train,484
AMASS/train,8.594789347708174,,DIP_train,492
AMASS/all,8.594789347708174,,DIP_train,492
ALL/all,8.594789347708174,,DIP_train,492
AMASS/train,8.59141953386979,,DIP_train,412
AMASS/all,8.59141953386979,,DIP_train,412
ALL/all,8.59141953386979,,DIP_train,412
AMASS/train,8.589341461207697,,DIP_train,445
AMASS/all,8.589341461207697,,DIP_train,445
ALL/all,8.589341461207697,,DIP_train,445
AMASS/train,8.589278810964023,,DIP_train,502
AMASS/all,8.589278810964023,,DIP_train,502
ALL/all,8.589278810964023,,DIP_train,502
AMASS/train,8.58030037813262,,DIP_train,504
AMASS/all,8.58030037813262,,DIP_train,504
ALL/all,8.58030037813262,,DIP_train,504
AMASS/train,8.575898197076416,,DIP_train,999
AMASS/all,8.575898197076416,,DIP_train,999
ALL/all,8.575898197076416,,DIP_train,999
AMASS/train,8.573232981249935,,DIP_train,1100
AMASS/all,8.573232981249935,,DIP_train,1100
ALL/all,8.573232981249935,,DIP_train,1100
AMASS/train,8.572564112811994,,DIP_train,474
AMASS/all,8.572564112811994,,DIP_train,474
ALL/all,8.572564112811994,,DIP_train,474
AMASS/train,8.570423921457012,,DIP_train,498
AMASS/all,8.570423921457012,,DIP_train,498
ALL/all,8.570423921457012,,DIP_train,498
AMASS/train,8.560782255361982,,DIP_train,91
AMASS/all,8.560782255361982,,DIP_train,91
ALL/all,8.560782255361982,,DIP_train,91
AMASS/train,8.5559646999403,,DIP_train,500
AMASS/all,8.5559646999403,,DIP_train,500
ALL/all,8.5559646999403,,DIP_train,500
AMASS/train,8.553523098216505,,DIP_train,728
AMASS/all,8.553523098216505,,DIP_train,728
ALL/all,8.553523098216505,,DIP_train,728
AMASS/train,8.543779885497553,,DIP_train,686
AMASS/all,8.543779885497553,,DIP_train,686
ALL/all,8.543779885497553,,DIP_train,686
AMASS/train,8.538439150163583,,DIP_train,247
AMASS/all,8.538439150163583,,DIP_train,247
ALL/all,8.538439150163583,,DIP_train,247
AMASS/train,8.53729557938443,,DIP_train,768
AMASS/all,8.53729557938443,,DIP_train,768
ALL/all,8.53729557938443,,DIP_train,768
AMASS/train,8.535389106015533,,DIP_train,670
AMASS/all,8.535389106015533,,DIP_train,670
ALL/all,8.535389106015533,,DIP_train,670
AMASS/train,8.527793419658964,,DIP_train,682
AMASS/all,8.527793419658964,,DIP_train,682
ALL/all,8.527793419658964,,DIP_train,682
AMASS/train,8.526481734921177,,DIP_train,744
AMASS/all,8.526481734921177,,DIP_train,744
ALL/all,8.526481734921177,,DIP_train,744
AMASS/train,8.523548758714762,,DIP_train,672
AMASS/all,8.523548758714762,,DIP_train,672
ALL/all,8.523548758714762,,DIP_train,672
AMASS/train,8.520697821596727,,DIP_train,588
AMASS/all,8.520697821596727,,DIP_train,588
ALL/all,8.520697821596727,,DIP_train,588
AMASS/train,8.520195265638831,,DIP_train,676
AMASS/all,8.520195265638831,,DIP_train,676
ALL/all,8.520195265638831,,DIP_train,676
AMASS/train,8.51911407166694,,DIP_train,586
AMASS/all,8.51911407166694,,DIP_train,586
ALL/all,8.51911407166694,,DIP_train,586
AMASS/train,8.51841697684823,,DIP_train,680
AMASS/all,8.51841697684823,,DIP_train,680
ALL/all,8.51841697684823,,DIP_train,680
AMASS/train,8.518307343940943,,DIP_train,772
AMASS/all,8.518307343940943,,DIP_train,772
ALL/all,8.518307343940943,,DIP_train,772
AMASS/train,8.517817595738613,,DIP_train,770
AMASS/all,8.517817595738613,,DIP_train,770
ALL/all,8.517817595738613,,DIP_train,770
AMASS/train,8.517286153825522,,DIP_train,911
AMASS/all,8.517286153825522,,DIP_train,911
ALL/all,8.517286153825522,,DIP_train,911
AMASS/train,8.507847807805447,,DIP_train,776
AMASS/all,8.507847807805447,,DIP_train,776
ALL/all,8.507847807805447,,DIP_train,776
AMASS/train,8.506763456023936,,DIP_train,720
AMASS/all,8.506763456023936,,DIP_train,720
ALL/all,8.506763456023936,,DIP_train,720
AMASS/train,8.50675539663692,,DIP_train,652
AMASS/all,8.50675539663692,,DIP_train,652
ALL/all,8.50675539663692,,DIP_train,652
AMASS/train,8.506128754357105,,DIP_train,726
AMASS/all,8.506128754357105,,DIP_train,726
ALL/all,8.506128754357105,,DIP_train,726
AMASS/train,8.504945022958873,,DIP_train,718
AMASS/all,8.504945022958873,,DIP_train,718
ALL/all,8.504945022958873,,DIP_train,718
AMASS/train,8.503837530196588,,DIP_train,678
AMASS/all,8.503837530196588,,DIP_train,678
ALL/all,8.503837530196588,,DIP_train,678
AMASS/train,8.503414058260745,,DIP_train,748
AMASS/all,8.503414058260745,,DIP_train,748
ALL/all,8.503414058260745,,DIP_train,748
AMASS/train,8.50205696557787,,DIP_train,887
AMASS/all,8.50205696557787,,DIP_train,887
ALL/all,8.50205696557787,,DIP_train,887
AMASS/train,8.50050217120812,,DIP_train,716
AMASS/all,8.50050217120812,,DIP_train,716
ALL/all,8.50050217120812,,DIP_train,716
AMASS/train,8.49986855727506,,DIP_train,666
AMASS/all,8.49986855727506,,DIP_train,666
ALL/all,8.49986855727506,,DIP_train,666
AMASS/train,8.49934730867066,,DIP_train,722
AMASS/all,8.49934730867066,,DIP_train,722
ALL/all,8.49934730867066,,DIP_train,722
AMASS/train,8.49917470628375,,DIP_train,736
AMASS/all,8.49917470628375,,DIP_train,736
ALL/all,8.49917470628375,,DIP_train,736
AMASS/train,8.49914730654098,,DIP_train,730
AMASS/all,8.49914730654098,,DIP_train,730
ALL/all,8.49914730654098,,DIP_train,730
AMASS/train,8.49913736699825,,DIP_train,752
AMASS/all,8.49913736699825,,DIP_train,752
ALL/all,8.49913736699825,,DIP_train,752
AMASS/train,8.499096236203176,,DIP_train,778
AMASS/all,8.499096236203176,,DIP_train,778
ALL/all,8.499096236203176,,DIP_train,778
AMASS/train,8.498869724443546,,DIP_train,774
AMASS/all,8.498869724443546,,DIP_train,774
ALL/all,8.498869724443546,,DIP_train,774
AMASS/train,8.497061288917033,,DIP_train,684
AMASS/all,8.497061288917033,,DIP_train,684
ALL/all,8.497061288917033,,DIP_train,684
AMASS/train,8.496969832146728,,DIP_train,750
AMASS/all,8.496969832146728,,DIP_train,750
ALL/all,8.496969832146728,,DIP_train,750
AMASS/train,8.496648019956819,,DIP_train,746
AMASS/all,8.496648019956819,,DIP_train,746
ALL/all,8.496648019956819,,DIP_train,746
AMASS/train,8.495688332256119,,DIP_train,742
AMASS/all,8.495688332256119,,DIP_train,742
ALL/all,8.495688332256119,,DIP_train,742
AMASS/train,8.49425895650443,,DIP_train,780
AMASS/all,8.49425895650443,,DIP_train,780
ALL/all,8.49425895650443,,DIP_train,780
AMASS/train,8.491374927239159,,DIP_train,738
AMASS/all,8.491374927239159,,DIP_train,738
ALL/all,8.491374927239159,,DIP_train,738
AMASS/train,8.491296033134239,,DIP_train,734
AMASS/all,8.491296033134239,,DIP_train,734
ALL/all,8.491296033134239,,DIP_train,734
AMASS/train,8.490505426433296,,DIP_train,782
AMASS/all,8.490505426433296,,DIP_train,782
ALL/all,8.490505426433296,,DIP_train,782
AMASS/train,8.490289105169971,,DIP_train,724
AMASS/all,8.490289105169971,,DIP_train,724
ALL/all,8.490289105169971,,DIP_train,724
AMASS/train,8.490094131521456,,DIP_train,654
AMASS/all,8.490094131521456,,DIP_train,654
ALL/all,8.490094131521456,,DIP_train,654
AMASS/train,8.489521231575297,,DIP_train,784
AMASS/all,8.489521231575297,,DIP_train,784
ALL/all,8.489521231575297,,DIP_train,784
AMASS/train,8.489015392777613,,DIP_train,1107
AMASS/all,8.489015392777613,,DIP_train,1107
ALL/all,8.489015392777613,,DIP_train,1107
AMASS/train,8.488143549111255,,DIP_train,732
AMASS/all,8.488143549111255,,DIP_train,732
ALL/all,8.488143549111255,,DIP_train,732
AMASS/train,8.487246188241569,,DIP_train,674
AMASS/all,8.487246188241569,,DIP_train,674
ALL/all,8.487246188241569,,DIP_train,674
AMASS/train,8.484872817219015,,DIP_train,668
AMASS/all,8.484872817219015,,DIP_train,668
ALL/all,8.484872817219015,,DIP_train,668
AMASS/train,8.483686979131228,,DIP_train,664
AMASS/all,8.483686979131228,,DIP_train,664
ALL/all,8.483686979131228,,DIP_train,664
AMASS/train,8.48304185300473,,DIP_train,740
AMASS/all,8.48304185300473,,DIP_train,740
ALL/all,8.48304185300473,,DIP_train,740
AMASS/train,8.47763805711347,,DIP_train,662
AMASS/all,8.47763805711347,,DIP_train,662
ALL/all,8.47763805711347,,DIP_train,662
AMASS/train,8.47293914949879,,DIP_train,658
AMASS/all,8.47293914949879,,DIP_train,658
ALL/all,8.47293914949879,,DIP_train,658
AMASS/train,8.47188047648353,,DIP_train,650
AMASS/all,8.47188047648353,,DIP_train,650
ALL/all,8.47188047648353,,DIP_train,650
AMASS/train,8.470418310976697,,DIP_train,660
AMASS/all,8.470418310976697,,DIP_train,660
ALL/all,8.470418310976697,,DIP_train,660
AMASS/train,8.46638570554157,,DIP_train,656
AMASS/all,8.46638570554157,,DIP_train,656
ALL/all,8.46638570554157,,DIP_train,656
ALL/all,8.456649335497595,,DIP_train,1394
TotalCapture/train,8.456649335497595,,DIP_train,35
TotalCapture/all,8.456649335497595,,DIP_train,35
AMASS/train,8.401823585156507,,DIP_train,211
AMASS/all,8.401823585156507,,DIP_train,211
ALL/all,8.401823585156507,,DIP_train,211
AMASS/train,8.400657788790797,,DIP_train,1011
AMASS/all,8.400657788790797,,DIP_train,1011
ALL/all,8.400657788790797,,DIP_train,1011
AMASS/train,8.382306025418842,,DIP_train,1169
AMASS/all,8.382306025418842,,DIP_train,1169
ALL/all,8.382306025418842,,DIP_train,1169
AMASS/train,8.374952089690751,,DIP_train,1153
AMASS/all,8.374952089690751,,DIP_train,1153
ALL/all,8.374952089690751,,DIP_train,1153
AMASS/train,8.35258470269298,,DIP_train,667
AMASS/all,8.35258470269298,,DIP_train,667
ALL/all,8.35258470269298,,DIP_train,667
AMASS/train,8.316439827649525,,DIP_train,529
AMASS/all,8.316439827649525,,DIP_train,529
ALL/all,8.316439827649525,,DIP_train,529
AMASS/train,8.308057438800436,,DIP_train,1171
AMASS/all,8.308057438800436,,DIP_train,1171
ALL/all,8.308057438800436,,DIP_train,1171
ALL/all,8.273857947207503,,DIP_train,1383
TotalCapture/train,8.273857947207503,,DIP_train,24
TotalCapture/all,8.273857947207503,,DIP_train,24
AMASS/train,8.21125972365864,,DIP_train,553
AMASS/all,8.21125972365864,,DIP_train,553
ALL/all,8.21125972365864,,DIP_train,553
ALL/all,8.197160820092304,,DIP_train,1365
TotalCapture/train,8.197160820092304,,DIP_train,6
TotalCapture/all,8.197160820092304,,DIP_train,6
AMASS/train,8.194378435738678,,DIP_train,683
AMASS/all,8.194378435738678,,DIP_train,683
ALL/all,8.194378435738678,,DIP_train,683
AMASS/train,8.09369556761452,,DIP_train,219
AMASS/all,8.09369556761452,,DIP_train,219
ALL/all,8.09369556761452,,DIP_train,219
AMASS/train,7.9872452618368985,,DIP_train,827
AMASS/all,7.9872452618368985,,DIP_train,827
ALL/all,7.9872452618368985,,DIP_train,827
AMASS/train,7.9623942062073,,DIP_train,1289
AMASS/all,7.9623942062073,,DIP_train,1289
ALL/all,7.9623942062073,,DIP_train,1289
ALL/all,7.949990547400232,,DIP_train,1359
TotalCapture/train,7.949990547400232,,DIP_train,0
TotalCapture/all,7.949990547400232,,DIP_train,0
ALL/all,7.9496637775086505,,DIP_train,1367
TotalCapture/train,7.9496637775086505,,DIP_train,8
TotalCapture/all,7.9496637775086505,,DIP_train,8
AMASS/train,7.947888619693519,,DIP_train,1095
AMASS/all,7.947888619693519,,DIP_train,1095
ALL/all,7.947888619693519,,DIP_train,1095
ALL/all,7.941090532940286,,DIP_train,1389
TotalCapture/train,7.941090532940286,,DIP_train,30
TotalCapture/all,7.941090532940286,,DIP_train,30
ALL/all,7.924101624224136,,DIP_train,1362
TotalCapture/train,7.924101624224136,,DIP_train,3
TotalCapture/all,7.924101624224136,,DIP_train,3
AMASS/train,7.920204336590034,,DIP_train,809
AMASS/all,7.920204336590034,,DIP_train,809
ALL/all,7.920204336590034,,DIP_train,809
ALL/all,7.888208195051817,,DIP_train,1363
TotalCapture/train,7.888208195051817,,DIP_train,4
TotalCapture/all,7.888208195051817,,DIP_train,4
AMASS/train,7.883657160133367,,DIP_train,559
AMASS/all,7.883657160133367,,DIP_train,559
ALL/all,7.883657160133367,,DIP_train,559
AMASS/train,7.870197253023859,,DIP_train,837
AMASS/all,7.870197253023859,,DIP_train,837
ALL/all,7.870197253023859,,DIP_train,837
ALL/all,7.860186852080667,,DIP_train,1342
DIP/all,7.860186852080667,,DIP_train,44
DIP/test,7.860186852080667,,DIP_train,2
AMASS/train,7.837917079906124,,DIP_train,915
AMASS/all,7.837917079906124,,DIP_train,915
ALL/all,7.837917079906124,,DIP_train,915
ALL/all,7.794374414845137,,DIP_train,1369
TotalCapture/train,7.794374414845137,,DIP_train,10
TotalCapture/all,7.794374414845137,,DIP_train,10
AMASS/train,7.729607020457766,,DIP_train,1257
AMASS/all,7.729607020457766,,DIP_train,1257
ALL/all,7.729607020457766,,DIP_train,1257
AMASS/train,7.7252068673370715,,DIP_train,943
AMASS/all,7.7252068673370715,,DIP_train,943
ALL/all,7.7252068673370715,,DIP_train,943
AMASS/train,7.694370709886665,,DIP_train,203
AMASS/all,7.694370709886665,,DIP_train,203
ALL/all,7.694370709886665,,DIP_train,203
AMASS/train,7.68579025285323,,DIP_train,303
AMASS/all,7.68579025285323,,DIP_train,303
ALL/all,7.68579025285323,,DIP_train,303
AMASS/train,7.675502276888218,,DIP_train,923
AMASS/all,7.675502276888218,,DIP_train,923
ALL/all,7.675502276888218,,DIP_train,923
AMASS/train,7.5553630713480775,,DIP_train,881
AMASS/all,7.5553630713480775,,DIP_train,881
ALL/all,7.5553630713480775,,DIP_train,881
AMASS/train,7.502826484502586,,DIP_train,805
AMASS/all,7.502826484502586,,DIP_train,805
ALL/all,7.502826484502586,,DIP_train,805
AMASS/train,7.463245534880355,,DIP_train,655
AMASS/all,7.463245534880355,,DIP_train,655
ALL/all,7.463245534880355,,DIP_train,655
ALL/all,7.426433519142062,,DIP_train,1343
DIP/all,7.426433519142062,,DIP_train,45
DIP/test,7.426433519142062,,DIP_train,3
AMASS/train,7.409978441652055,,DIP_train,869
AMASS/all,7.409978441652055,,DIP_train,869
ALL/all,7.409978441652055,,DIP_train,869
ALL/all,7.254036540049897,,DIP_train,1354
DIP/all,7.254036540049897,,DIP_train,56
DIP/test,7.254036540049897,,DIP_train,14
AMASS/train,7.2387793745443,,DIP_train,1227
AMASS/all,7.2387793745443,,DIP_train,1227
ALL/all,7.2387793745443,,DIP_train,1227
AMASS/train,7.237864410607011,,DIP_train,817
AMASS/all,7.237864410607011,,DIP_train,817
ALL/all,7.237864410607011,,DIP_train,817
AMASS/train,7.218246364722608,,DIP_train,39
AMASS/all,7.218246364722608,,DIP_train,39
ALL/all,7.218246364722608,,DIP_train,39
AMASS/train,7.176508995464349,,DIP_train,1001
AMASS/all,7.176508995464349,,DIP_train,1001
ALL/all,7.176508995464349,,DIP_train,1001
ALL/all,7.08282699686672,,DIP_train,1357
DIP/all,7.08282699686672,,DIP_train,59
DIP/test,7.08282699686672,,DIP_train,17
AMASS/train,6.988112885491367,,DIP_train,1119
AMASS/all,6.988112885491367,,DIP_train,1119
ALL/all,6.988112885491367,,DIP_train,1119
AMASS/train,6.911204242911736,,DIP_train,243
AMASS/all,6.911204242911736,,DIP_train,243
ALL/all,6.911204242911736,,DIP_train,243
ALL/all,6.897694291422768,,DIP_train,1370
TotalCapture/train,6.897694291422768,,DIP_train,11
TotalCapture/all,6.897694291422768,,DIP_train,11
ALL/all,6.880428821593676,,DIP_train,1351
DIP/all,6.880428821593676,,DIP_train,53
DIP/test,6.880428821593676,,DIP_train,11
AMASS/train,6.844453720202389,,DIP_train,165
AMASS/all,6.844453720202389,,DIP_train,165
ALL/all,6.844453720202389,,DIP_train,165
AMASS/train,6.828991794483736,,DIP_train,171
AMASS/all,6.828991794483736,,DIP_train,171
ALL/all,6.828991794483736,,DIP_train,171
AMASS/train,6.773667262663565,,DIP_train,1181
AMASS/all,6.773667262663565,,DIP_train,1181
ALL/all,6.773667262663565,,DIP_train,1181
AMASS/train,6.696655097893285,,DIP_train,227
AMASS/all,6.696655097893285,,DIP_train,227
ALL/all,6.696655097893285,,DIP_train,227
AMASS/train,6.65534062178789,,DIP_train,93
AMASS/all,6.65534062178789,,DIP_train,93
ALL/all,6.65534062178789,,DIP_train,93
AMASS/train,6.594706954626175,,DIP_train,233
AMASS/all,6.594706954626175,,DIP_train,233
ALL/all,6.594706954626175,,DIP_train,233
AMASS/train,6.5687745491516365,,DIP_train,451
AMASS/all,6.5687745491516365,,DIP_train,451
ALL/all,6.5687745491516365,,DIP_train,451
AMASS/train,6.4990157254967444,,DIP_train,839
AMASS/all,6.4990157254967444,,DIP_train,839
ALL/all,6.4990157254967444,,DIP_train,839
ALL/all,6.4731006556444575,,DIP_train,1402
TotalCapture/all,6.4731006556444575,,DIP_train,43
TotalCapture/test,6.4731006556444575,,DIP_train,2
AMASS/train,6.472339594554382,,DIP_train,257
AMASS/all,6.472339594554382,,DIP_train,257
ALL/all,6.472339594554382,,DIP_train,257
ALL/all,6.310644809956439,,DIP_train,1392
TotalCapture/train,6.310644809956439,,DIP_train,33
TotalCapture/all,6.310644809956439,,DIP_train,33
ALL/all,6.292756682853251,,DIP_train,1334
DIP/all,6.292756682853251,,DIP_train,36
DIP/val,6.292756682853251,,DIP_train,0
AMASS/train,6.263558976933256,,DIP_train,295
AMASS/all,6.263558976933256,,DIP_train,295
ALL/all,6.263558976933256,,DIP_train,295
ALL/all,6.246887733791616,,DIP_train,1386
TotalCapture/train,6.246887733791616,,DIP_train,27
TotalCapture/all,6.246887733791616,,DIP_train,27
ALL/all,6.23301918692427,,DIP_train,1350
DIP/all,6.23301918692427,,DIP_train,52
DIP/test,6.23301918692427,,DIP_train,10
ALL/all,6.022842874857892,,DIP_train,1335
DIP/all,6.022842874857892,,DIP_train,37
DIP/val,6.022842874857892,,DIP_train,1
AMASS/train,5.954730062446826,,DIP_train,613
AMASS/all,5.954730062446826,,DIP_train,613
ALL/all,5.954730062446826,,DIP_train,613
ALL/all,5.913145893176592,,DIP_train,1358
DIP/all,5.913145893176592,,DIP_train,60
DIP/test,5.913145893176592,,DIP_train,18
ALL/all,5.825042307098656,,DIP_train,1352
DIP/all,5.825042307098656,,DIP_train,54
DIP/test,5.825042307098656,,DIP_train,12
ALL/all,5.625220645232616,,DIP_train,1341
DIP/all,5.625220645232616,,DIP_train,43
DIP/test,5.625220645232616,,DIP_train,1
ALL/all,5.611246201689915,,DIP_train,1299
DIP/train,5.611246201689915,,DIP_train,1
DIP/all,5.611246201689915,,DIP_train,1
ALL/all,5.531265439504563,,DIP_train,1344
DIP/all,5.531265439504563,,DIP_train,46
DIP/test,5.531265439504563,,DIP_train,4
ALL/all,5.504272867871602,,DIP_train,1301
DIP/train,5.504272867871602,,DIP_train,3
DIP/all,5.504272867871602,,DIP_train,3
AMASS/train,5.4874444790289,,DIP_train,939
AMASS/all,5.4874444790289,,DIP_train,939
ALL/all,5.4874444790289,,DIP_train,939
ALL/all,5.410323233667567,,TotalCapture_train,1360
TotalCapture/train,5.410323233667567,,TotalCapture_train,1
TotalCapture/all,5.410323233667567,,TotalCapture_train,1
ALL/all,5.3409432213369055,,DIP_train,1327
DIP/train,5.3409432213369055,,DIP_train,29
DIP/all,5.3409432213369055,,DIP_train,29
ALL/all,5.267958542151201,,TotalCapture_train,1377
TotalCapture/train,5.267958542151201,,TotalCapture_train,18
TotalCapture/all,5.267958542151201,,TotalCapture_train,18
ALL/all,5.255332068525481,,DIP_train,1326
DIP/train,5.255332068525481,,DIP_train,28
DIP/all,5.255332068525481,,DIP_train,28
ALL/all,5.2229932794300336,,TotalCapture_train,1374
TotalCapture/train,5.2229932794300336,,TotalCapture_train,15
TotalCapture/all,5.2229932794300336,,TotalCapture_train,15
ALL/all,5.209815643792552,,DIP_train,1348
DIP/all,5.209815643792552,,DIP_train,50
DIP/test,5.209815643792552,,DIP_train,8
ALL/all,5.189346509921227,,DIP_train,1332
DIP/train,5.189346509921227,,DIP_train,34
DIP/all,5.189346509921227,,DIP_train,34
ALL/all,5.187587482091696,,TotalCapture_train,1387
TotalCapture/train,5.187587482091696,,TotalCapture_train,28
TotalCapture/all,5.187587482091696,,TotalCapture_train,28
ALL/all,5.1702371124761966,,DIP_train,1310
DIP/train,5.1702371124761966,,DIP_train,12
DIP/all,5.1702371124761966,,DIP_train,12
ALL/all,5.162605584855315,,DIP_train,1315
DIP/train,5.162605584855315,,DIP_train,17
DIP/all,5.162605584855315,,DIP_train,17
ALL/all,5.138477775319692,,DIP_train,1316
DIP/train,5.138477775319692,,DIP_train,18
DIP/all,5.138477775319692,,DIP_train,18
ALL/all,5.137362888401404,,TotalCapture_train,1386
TotalCapture/train,5.137362888401404,,TotalCapture_train,27
TotalCapture/all,5.137362888401404,,TotalCapture_train,27
ALL/all,5.00215014124575,,TotalCapture_train,1375
TotalCapture/train,5.00215014124575,,TotalCapture_train,16
TotalCapture/all,5.00215014124575,,TotalCapture_train,16
ALL/all,4.9719814523727734,,TotalCapture_train,1378
TotalCapture/train,4.9719814523727734,,TotalCapture_train,19
TotalCapture/all,4.9719814523727734,,TotalCapture_train,19
ALL/all,4.970596396262706,,TotalCapture_train,1364
TotalCapture/train,4.970596396262706,,TotalCapture_train,5
TotalCapture/all,4.970596396262706,,TotalCapture_train,5
ALL/all,4.849818366263796,,DIP_train,1337
DIP/all,4.849818366263796,,DIP_train,39
DIP/val,4.849818366263796,,DIP_train,3
ALL/all,4.845771829012074,,DIP_train,1298
DIP/train,4.845771829012074,,DIP_train,0
DIP/all,4.845771829012074,,DIP_train,0
ALL/all,4.814169157905416,,DIP_train,1333
DIP/train,4.814169157905416,,DIP_train,35
DIP/all,4.814169157905416,,DIP_train,35
ALL/all,4.758625208779598,,TotalCapture_train,1392
TotalCapture/train,4.758625208779598,,TotalCapture_train,33
TotalCapture/all,4.758625208779598,,TotalCapture_train,33
ALL/all,4.751696049523327,,TotalCapture_train,1376
TotalCapture/train,4.751696049523327,,TotalCapture_train,17
TotalCapture/all,4.751696049523327,,TotalCapture_train,17
ALL/all,4.7374533283420215,,TotalCapture_train,1368
TotalCapture/train,4.7374533283420215,,TotalCapture_train,9
TotalCapture/all,4.7374533283420215,,TotalCapture_train,9
ALL/all,4.698276861685109,,DIP_train,1305
DIP/train,4.698276861685109,,DIP_train,7
DIP/all,4.698276861685109,,DIP_train,7
ALL/all,4.630382490569052,,TotalCapture_train,1362
TotalCapture/train,4.630382490569052,,TotalCapture_train,3
TotalCapture/all,4.630382490569052,,TotalCapture_train,3
ALL/all,4.60401692035639,,TotalCapture_train,1359
TotalCapture/train,4.60401692035639,,TotalCapture_train,0
TotalCapture/all,4.60401692035639,,TotalCapture_train,0
ALL/all,4.538454093380504,,TotalCapture_train,1366
TotalCapture/train,4.538454093380504,,TotalCapture_train,7
TotalCapture/all,4.538454093380504,,TotalCapture_train,7
AMASS/train,4.488515693217844,,DIP_train,47
AMASS/all,4.488515693217844,,DIP_train,47
ALL/all,4.488515693217844,,DIP_train,47
ALL/all,4.386534380721704,,TotalCapture_train,1379
TotalCapture/train,4.386534380721704,,TotalCapture_train,20
TotalCapture/all,4.386534380721704,,TotalCapture_train,20
ALL/all,4.341519869956126,,DIP_train,1318
DIP/train,4.341519869956126,,DIP_train,20
DIP/all,4.341519869956126,,DIP_train,20
ALL/all,4.286834949185363,,TotalCapture_train,1370
TotalCapture/train,4.286834949185363,,TotalCapture_train,11
TotalCapture/all,4.286834949185363,,TotalCapture_train,11
ALL/all,4.230443778228088,,DIP_train,1340
DIP/all,4.230443778228088,,DIP_train,42
DIP/test,4.230443778228088,,DIP_train,0
ALL/all,4.152964951026513,,DIP_train,1329
DIP/train,4.152964951026513,,DIP_train,31
DIP/all,4.152964951026513,,DIP_train,31
ALL/all,4.129220926560415,,TotalCapture_train,1391
TotalCapture/train,4.129220926560415,,TotalCapture_train,32
TotalCapture/all,4.129220926560415,,TotalCapture_train,32
ALL/all,4.095355948703378,,DIP_train,1308
DIP/train,4.095355948703378,,DIP_train,10
DIP/all,4.095355948703378,,DIP_train,10
ALL/all,4.076969367947106,,DIP_train,1311
DIP/train,4.076969367947106,,DIP_train,13
DIP/all,4.076969367947106,,DIP_train,13
ALL/all,4.075137344266081,,DIP_train,1349
DIP/all,4.075137344266081,,DIP_train,51
DIP/test,4.075137344266081,,DIP_train,9
ALL/all,4.072807075142914,,TotalCapture_train,1394
TotalCapture/train,4.072807075142914,,TotalCapture_train,35
TotalCapture/all,4.072807075142914,,TotalCapture_train,35
ALL/all,4.034623480354471,,DIP_train,1345
DIP/all,4.034623480354471,,DIP_train,47
DIP/test,4.034623480354471,,DIP_train,5
ALL/all,3.9747576134472378,,DIP_train,1339
DIP/all,3.9747576134472378,,DIP_train,41
DIP/val,3.9747576134472378,,DIP_train,5
ALL/all,3.9662299723602525,,DIP_train,1300
DIP/train,3.9662299723602525,,DIP_train,2
DIP/all,3.9662299723602525,,DIP_train,2
ALL/all,3.9433513742271087,,DIP_train,1306
DIP/train,3.9433513742271087,,DIP_train,8
DIP/all,3.9433513742271087,,DIP_train,8
ALL/all,3.933543794865238,,DIP_train,1320
DIP/train,3.933543794865238,,DIP_train,22
DIP/all,3.933543794865238,,DIP_train,22
ALL/all,3.916239096113964,,DIP_train,1314
DIP/train,3.916239096113964,,DIP_train,16
DIP/all,3.916239096113964,,DIP_train,16
ALL/all,3.9103875148696026,,DIP_train,1313
DIP/train,3.9103875148696026,,DIP_train,15
DIP/all,3.9103875148696026,,DIP_train,15
ALL/all,3.88111704327416,,DIP_train,1307
DIP/train,3.88111704327416,,DIP_train,9
DIP/all,3.88111704327416,,DIP_train,9
ALL/all,3.87369553574929,,DIP_train,1317
DIP/train,3.87369553574929,,DIP_train,19
DIP/all,3.87369553574929,,DIP_train,19
ALL/all,3.85715189744477,,DIP_train,1324
DIP/train,3.85715189744477,,DIP_train,26
DIP/all,3.85715189744477,,DIP_train,26
ALL/all,3.817495797692367,,DIP_train,1303
DIP/train,3.817495797692367,,DIP_train,5
DIP/all,3.817495797692367,,DIP_train,5
ALL/all,3.8161811620244763,,TotalCapture_train,1393
TotalCapture/train,3.8161811620244763,,TotalCapture_train,34
TotalCapture/all,3.8161811620244763,,TotalCapture_train,34
ALL/all,3.7683610221950983,,DIP_train,1346
DIP/all,3.7683610221950983,,DIP_train,48
DIP/test,3.7683610221950983,,DIP_train,6
ALL/all,3.7341818785566097,,DIP_train,1323
DIP/train,3.7341818785566097,,DIP_train,25
DIP/all,3.7341818785566097,,DIP_train,25
ALL/all,3.724521684363956,,TotalCapture_train,1382
TotalCapture/train,3.724521684363956,,TotalCapture_train,23
TotalCapture/all,3.724521684363956,,TotalCapture_train,23
ALL/all,3.724464868258751,,TotalCapture_train,1371
TotalCapture/train,3.724464868258751,,TotalCapture_train,12
TotalCapture/all,3.724464868258751,,TotalCapture_train,12
ALL/all,3.7115497751625326,,DIP_train,1325
DIP/train,3.7115497751625326,,DIP_train,27
DIP/all,3.7115497751625326,,DIP_train,27
ALL/all,3.7053463820780004,,DIP_train,1312
DIP/train,3.7053463820780004,,DIP_train,14
DIP/all,3.7053463820780004,,DIP_train,14
ALL/all,3.686267984126575,,TotalCapture_train,1372
TotalCapture/train,3.686267984126575,,TotalCapture_train,13
TotalCapture/all,3.686267984126575,,TotalCapture_train,13
ALL/all,3.667110352961911,,TotalCapture_train,1385
TotalCapture/train,3.667110352961911,,TotalCapture_train,26
TotalCapture/all,3.667110352961911,,TotalCapture_train,26
ALL/all,,3.524526834487915,global_scalar_z,1327
DIP/all,,3.475567102432251,global_scalar_z,29
ALL/all,3.473249162240554,,TotalCapture_train,1369
TotalCapture/train,3.473249162240554,,TotalCapture_train,10
TotalCapture/all,3.473249162240554,,TotalCapture_train,10
ALL/all,3.469299400690952,,DIP_train,1322
DIP/train,3.469299400690952,,DIP_train,24
DIP/all,3.469299400690952,,DIP_train,24
ALL/all,3.442282520233515,,DIP_train,1302
DIP/train,3.442282520233515,,DIP_train,4
DIP/all,3.442282520233515,,DIP_train,4
ALL/all,3.437726585138364,,TotalCapture_train,1363
TotalCapture/train,3.437726585138364,,TotalCapture_train,4
TotalCapture/all,3.437726585138364,,TotalCapture_train,4
ALL/all,3.428664682777063,,TotalCapture_train,1381
TotalCapture/train,3.428664682777063,,TotalCapture_train,22
TotalCapture/all,3.428664682777063,,TotalCapture_train,22
ALL/all,3.4226555503727454,,TotalCapture_train,1390
TotalCapture/train,3.4226555503727454,,TotalCapture_train,31
TotalCapture/all,3.4226555503727454,,TotalCapture_train,31
DIP/train,,3.412222385406494,global_scalar_z,29
ALL/all,3.406615231019248,,TotalCapture_train,1388
TotalCapture/train,3.406615231019248,,TotalCapture_train,29
TotalCapture/all,3.406615231019248,,TotalCapture_train,29
ALL/all,3.327340063645304,,TotalCapture_train,1384
TotalCapture/train,3.327340063645304,,TotalCapture_train,25
TotalCapture/all,3.327340063645304,,TotalCapture_train,25
ALL/all,3.197485389200559,,TotalCapture_train,1361
TotalCapture/train,3.197485389200559,,TotalCapture_train,2
TotalCapture/all,3.197485389200559,,TotalCapture_train,2
ALL/all,3.1936902577695494,,DIP_train,1321
DIP/train,3.1936902577695494,,DIP_train,23
DIP/all,3.1936902577695494,,DIP_train,23
ALL/all,3.1454278109236595,,TotalCapture_train,1373
TotalCapture/train,3.1454278109236595,,TotalCapture_train,14
TotalCapture/all,3.1454278109236595,,TotalCapture_train,14
ALL/all,3.107451280480432,,DIP_train,1331
DIP/train,3.107451280480432,,DIP_train,33
DIP/all,3.107451280480432,,DIP_train,33
ALL/all,,3.088777780532837,global_scalar_z,1315
ALL/all,3.0739005042862746,,DIP_train,1328
DIP/train,3.0739005042862746,,DIP_train,30
DIP/all,3.0739005042862746,,DIP_train,30
ALL/all,3.071759644560987,,TotalCapture_train,1383
TotalCapture/train,3.071759644560987,,TotalCapture_train,24
TotalCapture/all,3.071759644560987,,TotalCapture_train,24
DIP/all,,3.050455331802368,global_scalar_z,17
ALL/all,3.0402376225285086,,TotalCapture_train,1367
TotalCapture/train,3.0402376225285086,,TotalCapture_train,8
TotalCapture/all,3.0402376225285086,,TotalCapture_train,8
ALL/all,,3.0312349796295166,global_scalar_z,1333
DIP/train,,2.9940133094787598,global_scalar_z,17
ALL/all,2.9376642968520685,,DIP_train,1309
DIP/train,2.9376642968520685,,DIP_train,11
DIP/all,2.9376642968520685,,DIP_train,11
DIP/all,,2.920156240463257,global_scalar_z,35
ALL/all,,2.9160594940185547,global_scalar_z,1299
ALL/all,2.8856620259515404,,DIP_train,1336
DIP/all,2.8856620259515404,,DIP_train,38
DIP/val,2.8856620259515404,,DIP_train,2
DIP/train,,2.879654884338379,global_scalar_z,35
ALL/all,2.858006076684303,,TotalCapture_train,1380
TotalCapture/train,2.858006076684303,,TotalCapture_train,21
TotalCapture/all,2.858006076684303,,TotalCapture_train,21
ALL/all,2.854750969358767,,TotalCapture_train,1365
TotalCapture/train,2.854750969358767,,TotalCapture_train,6
TotalCapture/all,2.854750969358767,,TotalCapture_train,6
ALL/all,2.818988649933517,,TotalCapture_train,1389
TotalCapture/train,2.818988649933517,,TotalCapture_train,30
TotalCapture/all,2.818988649933517,,TotalCapture_train,30
ALL/all,,2.8158624172210693,global_scalar_z,1338
DIP/all,,2.8077921867370605,global_scalar_z,1
ALL/all,,2.803804874420166,global_scalar_z,1301
ALL/all,2.7908170146322018,,DIP_train,1319
DIP/train,2.7908170146322018,,DIP_train,21
DIP/all,2.7908170146322018,,DIP_train,21
DIP/all,,2.7724392414093018,global_scalar_z,3
DIP/train,,2.7691152095794678,global_scalar_z,1
ALL/all,2.749433145967501,,DIP_train,1304
DIP/train,2.749433145967501,,DIP_train,6
DIP/all,2.749433145967501,,DIP_train,6
DIP/all,,2.7298784255981445,global_scalar_z,40
DIP/val,,2.7298526763916016,global_scalar_z,4
DIP/train,,2.7205111980438232,global_scalar_z,3
AMASS/train,,2.6566574573516846,global_scalar_z,169
AMASS/all,,2.6566574573516846,global_scalar_z,169
AMASS/train,,2.6561267375946045,global_scalar_z,349
AMASS/all,,2.6561267375946045,global_scalar_z,349
AMASS/train,,2.654613971710205,global_scalar_z,635
AMASS/all,,2.654613971710205,global_scalar_z,635
AMASS/train,,2.6525514125823975,global_scalar_z,183
AMASS/all,,2.6525514125823975,global_scalar_z,183
ALL/all,,2.649688720703125,global_scalar_z,169
ALL/all,,2.649158477783203,global_scalar_z,349
AMASS/train,,2.649137258529663,global_scalar_z,955
AMASS/all,,2.649137258529663,global_scalar_z,955
ALL/all,,2.6476476192474365,global_scalar_z,635
AMASS/train,,2.6474902629852295,global_scalar_z,673
AMASS/all,,2.6474902629852295,global_scalar_z,673
AMASS/train,,2.6472854614257812,global_scalar_z,875
AMASS/all,,2.6472854614257812,global_scalar_z,875
AMASS/train,,2.646442174911499,global_scalar_z,417
AMASS/all,,2.646442174911499,global_scalar_z,417
ALL/all,,2.64558744430542,global_scalar_z,183
AMASS/train,,2.6446988582611084,global_scalar_z,495
AMASS/all,,2.6446988582611084,global_scalar_z,495
ALL/all,,2.6421773433685303,global_scalar_z,955
AMASS/train,,2.6417837142944336,global_scalar_z,853
AMASS/all,,2.6417837142944336,global_scalar_z,853
AMASS/train,,2.641738176345825,global_scalar_z,1023
AMASS/all,,2.641738176345825,global_scalar_z,1023
ALL/all,,2.6405320167541504,global_scalar_z,673
ALL/all,,2.6403274536132812,global_scalar_z,875
ALL/all,,2.6394851207733154,global_scalar_z,417
ALL/all,,2.6377439498901367,global_scalar_z,495
AMASS/train,,2.634974956512451,global_scalar_z,623
AMASS/all,,2.634974956512451,global_scalar_z,623
ALL/all,,2.6348321437835693,global_scalar_z,853
ALL/all,,2.634786605834961,global_scalar_z,1023
AMASS/train,,2.633793830871582,global_scalar_z,983
AMASS/all,,2.633793830871582,global_scalar_z,983
AMASS/train,,2.629927635192871,global_scalar_z,1289
AMASS/all,,2.629927635192871,global_scalar_z,1289
AMASS/train,,2.628532886505127,global_scalar_z,139
AMASS/all,,2.628532886505127,global_scalar_z,139
AMASS/train,,2.628436326980591,global_scalar_z,1027
AMASS/all,,2.628436326980591,global_scalar_z,1027
AMASS/train,,2.628358840942383,global_scalar_z,383
AMASS/all,,2.628358840942383,global_scalar_z,383
ALL/all,,2.628031015396118,global_scalar_z,623
AMASS/train,,2.627997398376465,global_scalar_z,505
AMASS/all,,2.627997398376465,global_scalar_z,505
ALL/all,,2.6268513202667236,global_scalar_z,983
ALL/all,,2.6257784366607666,global_scalar_z,1065
ALL/all,,2.6251490116119385,global_scalar_z,617
AMASS/train,,2.624894857406616,global_scalar_z,1065
AMASS/all,,2.624894857406616,global_scalar_z,1065
AMASS/train,,2.624664306640625,global_scalar_z,1051
AMASS/all,,2.624664306640625,global_scalar_z,1051
AMASS/train,,2.624264717102051,global_scalar_z,617
AMASS/all,,2.624264717102051,global_scalar_z,617
AMASS/train,,2.6238715648651123,global_scalar_z,303
AMASS/all,,2.6238715648651123,global_scalar_z,303
AMASS/train,,2.6232290267944336,global_scalar_z,1087
AMASS/all,,2.6232290267944336,global_scalar_z,1087
ALL/all,,2.6229896545410156,global_scalar_z,1289
ALL/all,,2.6229870319366455,global_scalar_z,195
AMASS/train,,2.6221001148223877,global_scalar_z,195
AMASS/all,,2.6221001148223877,global_scalar_z,195
ALL/all,,2.621596574783325,global_scalar_z,139
ALL/all,,2.621500015258789,global_scalar_z,1027
ALL/all,,2.621422529220581,global_scalar_z,383
ALL/all,,2.6210615634918213,global_scalar_z,505
ALL/all,,2.620150566101074,global_scalar_z,671
AMASS/train,,2.619260311126709,global_scalar_z,671
AMASS/all,,2.619260311126709,global_scalar_z,671
ALL/all,,2.617732524871826,global_scalar_z,1051
ALL/all,,2.61694073677063,global_scalar_z,303
ALL/all,,2.6162989139556885,global_scalar_z,1087
AMASS/train,,2.6158974170684814,global_scalar_z,811
AMASS/all,,2.6158974170684814,global_scalar_z,811
ALL/all,,2.614767074584961,global_scalar_z,1147
ALL/all,,2.614215850830078,global_scalar_z,43
ALL/all,,2.614030122756958,global_scalar_z,499
AMASS/train,,2.613870620727539,global_scalar_z,1147
AMASS/all,,2.613870620727539,global_scalar_z,1147
AMASS/train,,2.613477945327759,global_scalar_z,907
AMASS/all,,2.613477945327759,global_scalar_z,907
AMASS/train,,2.613318920135498,global_scalar_z,43
AMASS/all,,2.613318920135498,global_scalar_z,43
AMASS/train,,2.613132953643799,global_scalar_z,499
AMASS/all,,2.613132953643799,global_scalar_z,499
AMASS/train,,2.612426280975342,global_scalar_z,835
AMASS/all,,2.612426280975342,global_scalar_z,835
AMASS/train,,2.6118388175964355,global_scalar_z,35
AMASS/all,,2.6118388175964355,global_scalar_z,35
AMASS/train,,2.6098577976226807,global_scalar_z,855
AMASS/all,,2.6098577976226807,global_scalar_z,855
ALL/all,,2.608975648880005,global_scalar_z,811
AMASS/train,,2.6088831424713135,global_scalar_z,989
AMASS/all,,2.6088831424713135,global_scalar_z,989
ALL/all,,2.608855724334717,global_scalar_z,675
ALL/all,,2.608680486679077,global_scalar_z,863
AMASS/train,,2.608372211456299,global_scalar_z,651
AMASS/all,,2.608372211456299,global_scalar_z,651
AMASS/train,,2.60795259475708,global_scalar_z,675
AMASS/all,,2.60795259475708,global_scalar_z,675
AMASS/train,,2.6077771186828613,global_scalar_z,863
AMASS/all,,2.6077771186828613,global_scalar_z,863
ALL/all,,2.607405662536621,global_scalar_z,933
AMASS/train,,2.607229232788086,global_scalar_z,783
AMASS/all,,2.607229232788086,global_scalar_z,783
AMASS/train,,2.606905221939087,global_scalar_z,1039
AMASS/all,,2.606905221939087,global_scalar_z,1039
ALL/all,,2.6065590381622314,global_scalar_z,907
AMASS/train,,2.6065006256103516,global_scalar_z,933
AMASS/all,,2.6065006256103516,global_scalar_z,933
ALL/all,,2.606213092803955,global_scalar_z,1211
ALL/all,,2.6059045791625977,global_scalar_z,529
ALL/all,,2.605508327484131,global_scalar_z,835
AMASS/train,,2.60530686378479,global_scalar_z,1211
AMASS/all,,2.60530686378479,global_scalar_z,1211
AMASS/train,,2.6049978733062744,global_scalar_z,529
AMASS/all,,2.6049978733062744,global_scalar_z,529
ALL/all,,2.604921817779541,global_scalar_z,35
AMASS/train,,2.6045801639556885,global_scalar_z,1047
AMASS/all,,2.6045801639556885,global_scalar_z,1047
ALL/all,,2.6045029163360596,global_scalar_z,975
ALL/all,,2.6039321422576904,global_scalar_z,841
AMASS/train,,2.6038951873779297,global_scalar_z,797
AMASS/all,,2.6038951873779297,global_scalar_z,797
AMASS/train,,2.6038591861724854,global_scalar_z,83
AMASS/all,,2.6038591861724854,global_scalar_z,83
AMASS/train,,2.6035947799682617,global_scalar_z,975
AMASS/all,,2.6035947799682617,global_scalar_z,975
AMASS/train,,2.6030232906341553,global_scalar_z,841
AMASS/all,,2.6030232906341553,global_scalar_z,841
ALL/all,,2.602942943572998,global_scalar_z,855
ALL/all,,2.6026628017425537,global_scalar_z,773
ALL/all,,2.60221004486084,global_scalar_z,127
ALL/all,,2.6019692420959473,global_scalar_z,989
AMASS/train,,2.601938486099243,global_scalar_z,471
AMASS/all,,2.601938486099243,global_scalar_z,471
AMASS/train,,2.601752519607544,global_scalar_z,773
AMASS/all,,2.601752519607544,global_scalar_z,773
ALL/all,,2.601459264755249,global_scalar_z,651
AMASS/train,,2.601299285888672,global_scalar_z,127
AMASS/all,,2.601299285888672,global_scalar_z,127
ALL/all,,2.6003174781799316,global_scalar_z,783
AMASS/train,,2.600245475769043,global_scalar_z,409
AMASS/all,,2.600245475769043,global_scalar_z,409
AMASS/train,,2.6000330448150635,global_scalar_z,523
AMASS/all,,2.6000330448150635,global_scalar_z,523
ALL/all,,2.5999937057495117,global_scalar_z,1039
AMASS/train,,2.599059581756592,global_scalar_z,325
AMASS/all,,2.599059581756592,global_scalar_z,325
ALL/all,,2.5977141857147217,global_scalar_z,1175
ALL/all,,2.5976712703704834,global_scalar_z,1047
AMASS/train,,2.597198486328125,global_scalar_z,275
AMASS/all,,2.597198486328125,global_scalar_z,275
ALL/all,,2.596987009048462,global_scalar_z,797
ALL/all,,2.5969512462615967,global_scalar_z,83
AMASS/train,,2.5967981815338135,global_scalar_z,1175
AMASS/all,,2.5967981815338135,global_scalar_z,1175
AMASS/train,,2.5959043502807617,global_scalar_z,165
AMASS/all,,2.5959043502807617,global_scalar_z,165
AMASS/train,,2.595372438430786,global_scalar_z,67
AMASS/all,,2.595372438430786,global_scalar_z,67
ALL/all,,2.5950326919555664,global_scalar_z,471
AMASS/train,,2.5949840545654297,global_scalar_z,457
AMASS/all,,2.5949840545654297,global_scalar_z,457
AMASS/train,,2.5936439037323,global_scalar_z,873
AMASS/all,,2.5936439037323,global_scalar_z,873
AMASS/train,,2.5936191082000732,global_scalar_z,515
AMASS/all,,2.5936191082000732,global_scalar_z,515
ALL/all,,2.593341588973999,global_scalar_z,409
ALL/all,,2.5931296348571777,global_scalar_z,523
AMASS/train,,2.592379093170166,global_scalar_z,59
AMASS/all,,2.592379093170166,global_scalar_z,59
ALL/all,,2.5921571254730225,global_scalar_z,325
AMASS/train,,2.591815233230591,global_scalar_z,347
AMASS/all,,2.591815233230591,global_scalar_z,347
ALL/all,,2.5902981758117676,global_scalar_z,275
ALL/all,,2.589932918548584,global_scalar_z,469
ALL/all,,2.5899016857147217,global_scalar_z,595
AMASS/train,,2.5898098945617676,global_scalar_z,1099
AMASS/all,,2.5898098945617676,global_scalar_z,1099
ALL/all,,2.5895943641662598,global_scalar_z,979
AMASS/train,,2.58900785446167,global_scalar_z,469
AMASS/all,,2.58900785446167,global_scalar_z,469
ALL/all,,2.589005470275879,global_scalar_z,165
AMASS/train,,2.5889766216278076,global_scalar_z,595
AMASS/all,,2.5889766216278076,global_scalar_z,595
AMASS/train,,2.5887160301208496,global_scalar_z,269
AMASS/all,,2.5887160301208496,global_scalar_z,269
AMASS/train,,2.5886690616607666,global_scalar_z,979
AMASS/all,,2.5886690616607666,global_scalar_z,979
ALL/all,,2.5884742736816406,global_scalar_z,67
ALL/all,,2.5880863666534424,global_scalar_z,457
AMASS/train,,2.587625503540039,global_scalar_z,319
AMASS/all,,2.587625503540039,global_scalar_z,319
ALL/all,,2.587587594985962,global_scalar_z,709
ALL/all,,2.586747884750366,global_scalar_z,873
ALL/all,,2.5867230892181396,global_scalar_z,515
AMASS/train,,2.5866599082946777,global_scalar_z,709
AMASS/all,,2.5866599082946777,global_scalar_z,709
AMASS/train,,2.5862441062927246,global_scalar_z,967
AMASS/all,,2.5862441062927246,global_scalar_z,967
ALL/all,,2.585484504699707,global_scalar_z,59
ALL/all,,2.585367441177368,global_scalar_z,777
ALL/all,,2.58492112159729,global_scalar_z,347
AMASS/train,,2.584437131881714,global_scalar_z,777
AMASS/all,,2.584437131881714,global_scalar_z,777
AMASS/train,,2.583831548690796,global_scalar_z,1255
AMASS/all,,2.583831548690796,global_scalar_z,1255
AMASS/train,,2.5835206508636475,global_scalar_z,41
AMASS/all,,2.5835206508636475,global_scalar_z,41
AMASS/train,,2.5835001468658447,global_scalar_z,1079
AMASS/all,,2.5835001468658447,global_scalar_z,1079
ALL/all,,2.582918167114258,global_scalar_z,1099
AMASS/train,,2.582580089569092,global_scalar_z,485
AMASS/all,,2.582580089569092,global_scalar_z,485
ALL/all,,2.5818254947662354,global_scalar_z,269
ALL/all,,2.5817129611968994,global_scalar_z,941
AMASS/train,,2.5807783603668213,global_scalar_z,941
AMASS/all,,2.5807783603668213,global_scalar_z,941
ALL/all,,2.5807363986968994,global_scalar_z,319
ALL/all,,2.5805773735046387,global_scalar_z,859
AMASS/train,,2.5803189277648926,global_scalar_z,1195
AMASS/all,,2.5803189277648926,global_scalar_z,1195
AMASS/train,,2.580251455307007,global_scalar_z,1281
AMASS/all,,2.580251455307007,global_scalar_z,1281
ALL/all,,2.580099105834961,global_scalar_z,291
ALL/all,,2.5798048973083496,global_scalar_z,141
AMASS/train,,2.579641580581665,global_scalar_z,859
AMASS/all,,2.579641580581665,global_scalar_z,859
ALL/all,,2.5796310901641846,global_scalar_z,501
ALL/all,,2.5793564319610596,global_scalar_z,967
AMASS/train,,2.57916259765625,global_scalar_z,291
AMASS/all,,2.57916259765625,global_scalar_z,291
AMASS/train,,2.5788683891296387,global_scalar_z,141
AMASS/all,,2.5788683891296387,global_scalar_z,141
AMASS/train,,2.5786941051483154,global_scalar_z,501
AMASS/all,,2.5786941051483154,global_scalar_z,501
AMASS/train,,2.578378677368164,global_scalar_z,579
AMASS/all,,2.578378677368164,global_scalar_z,579
AMASS/train,,2.5771291255950928,global_scalar_z,633
AMASS/all,,2.5771291255950928,global_scalar_z,633
ALL/all,,2.576946496963501,global_scalar_z,1255
ALL/all,,2.57663631439209,global_scalar_z,41
ALL/all,,2.576615810394287,global_scalar_z,1079
ALL/all,,2.576533317565918,global_scalar_z,745
ALL/all,,2.5756967067718506,global_scalar_z,485
AMASS/train,,2.5755927562713623,global_scalar_z,745
AMASS/all,,2.5755927562713623,global_scalar_z,745
ALL/all,,2.5734381675720215,global_scalar_z,1195
ALL/all,,2.5733706951141357,global_scalar_z,1281
AMASS/train,,2.5730350017547607,global_scalar_z,433
AMASS/all,,2.5730350017547607,global_scalar_z,433
ALL/all,,2.5716543197631836,global_scalar_z,1043
ALL/all,,2.571500062942505,global_scalar_z,579
ALL/all,,2.571263313293457,global_scalar_z,1209
AMASS/train,,2.5707082748413086,global_scalar_z,1043
AMASS/all,,2.5707082748413086,global_scalar_z,1043
AMASS/train,,2.5705184936523438,global_scalar_z,455
AMASS/all,,2.5705184936523438,global_scalar_z,455
AMASS/train,,2.5703165531158447,global_scalar_z,1209
AMASS/all,,2.5703165531158447,global_scalar_z,1209
ALL/all,,2.570251941680908,global_scalar_z,633
AMASS/train,,2.5701777935028076,global_scalar_z,145
AMASS/all,,2.5701777935028076,global_scalar_z,145
ALL/all,,2.569838523864746,global_scalar_z,649
ALL/all,,2.569817066192627,global_scalar_z,519
AMASS/train,,2.568890333175659,global_scalar_z,649
AMASS/all,,2.568890333175659,global_scalar_z,649
AMASS/train,,2.568868637084961,global_scalar_z,519
AMASS/all,,2.568868637084961,global_scalar_z,519
AMASS/train,,2.568150758743286,global_scalar_z,1231
AMASS/all,,2.568150758743286,global_scalar_z,1231
ALL/all,,2.566162586212158,global_scalar_z,433
AMASS/train,,2.5649678707122803,global_scalar_z,339
AMASS/all,,2.5649678707122803,global_scalar_z,339
ALL/all,,2.5636491775512695,global_scalar_z,455
ALL/all,,2.5633087158203125,global_scalar_z,145
AMASS/train,,2.5631749629974365,global_scalar_z,253
AMASS/all,,2.5631749629974365,global_scalar_z,253
AMASS/train,,2.5623700618743896,global_scalar_z,87
AMASS/all,,2.5623700618743896,global_scalar_z,87
ALL/all,,2.5623629093170166,global_scalar_z,1145
ALL/all,,2.562321662902832,global_scalar_z,909
DIP/test,,2.56203556060791,global_scalar_z,15
AMASS/train,,2.561406135559082,global_scalar_z,1145
AMASS/all,,2.561406135559082,global_scalar_z,1145
AMASS/train,,2.5613646507263184,global_scalar_z,909
AMASS/all,,2.5613646507263184,global_scalar_z,909
ALL/all,,2.561283826828003,global_scalar_z,1231
ALL/all,,2.561171054840088,global_scalar_z,1137
AMASS/train,,2.560516119003296,global_scalar_z,241
AMASS/all,,2.560516119003296,global_scalar_z,241
AMASS/train,,2.5603649616241455,global_scalar_z,827
AMASS/all,,2.5603649616241455,global_scalar_z,827
AMASS/train,,2.5602128505706787,global_scalar_z,1137
AMASS/all,,2.5602128505706787,global_scalar_z,1137
ALL/all,,2.5595338344573975,global_scalar_z,1332
AMASS/train,,2.5593514442443848,global_scalar_z,669
AMASS/all,,2.5593514442443848,global_scalar_z,669
ALL/all,,2.558882236480713,global_scalar_z,241
ALL/all,,2.5581047534942627,global_scalar_z,339
ALL/all,,2.5563137531280518,global_scalar_z,253
ALL/all,,2.5555098056793213,global_scalar_z,87
ALL/all,,2.553507089614868,global_scalar_z,827
AMASS/train,,2.553307294845581,global_scalar_z,1013
AMASS/all,,2.553307294845581,global_scalar_z,1013
ALL/all,,2.552494764328003,global_scalar_z,669
ALL/all,,2.552384853363037,global_scalar_z,847
AMASS/train,,2.5514163970947266,global_scalar_z,847
AMASS/all,,2.5514163970947266,global_scalar_z,847
AMASS/train,,2.5507471561431885,global_scalar_z,1075
AMASS/all,,2.5507471561431885,global_scalar_z,1075
AMASS/train,,2.5496695041656494,global_scalar_z,419
AMASS/all,,2.5496695041656494,global_scalar_z,419
ALL/all,,2.549206018447876,global_scalar_z,341
ALL/all,,2.5483014583587646,global_scalar_z,249
AMASS/train,,2.548233985900879,global_scalar_z,341
AMASS/all,,2.548233985900879,global_scalar_z,341
ALL/all,,2.547847270965576,global_scalar_z,1091
AMASS/train,,2.547328472137451,global_scalar_z,249
AMASS/all,,2.547328472137451,global_scalar_z,249
AMASS/train,,2.5468738079071045,global_scalar_z,1091
AMASS/all,,2.5468738079071045,global_scalar_z,1091
ALL/all,,2.5464577674865723,global_scalar_z,1013
ALL/all,,2.545793056488037,global_scalar_z,187
ALL/all,,2.5457117557525635,global_scalar_z,507
ALL/all,,2.545039653778076,global_scalar_z,861
ALL/all,,2.544940948486328,global_scalar_z,171
AMASS/train,,2.5448172092437744,global_scalar_z,187
AMASS/all,,2.5448172092437744,global_scalar_z,187
AMASS/train,,2.5447356700897217,global_scalar_z,507
AMASS/all,,2.5447356700897217,global_scalar_z,507
ALL/all,,2.544734001159668,global_scalar_z,491
ALL/all,,2.544675827026367,global_scalar_z,991
AMASS/train,,2.544062852859497,global_scalar_z,861
AMASS/all,,2.544062852859497,global_scalar_z,861
AMASS/train,,2.54396390914917,global_scalar_z,171
AMASS/all,,2.54396390914917,global_scalar_z,171
ALL/all,,2.54390025138855,global_scalar_z,1075
AMASS/train,,2.5437569618225098,global_scalar_z,491
AMASS/all,,2.5437569618225098,global_scalar_z,491
AMASS/train,,2.54369854927063,global_scalar_z,991
AMASS/all,,2.54369854927063,global_scalar_z,991
AMASS/train,,2.5429184436798096,global_scalar_z,775
AMASS/all,,2.5429184436798096,global_scalar_z,775
ALL/all,,2.5428731441497803,global_scalar_z,929
ALL/all,,2.5428240299224854,global_scalar_z,419
AMASS/train,,2.541893720626831,global_scalar_z,929
AMASS/all,,2.541893720626831,global_scalar_z,929
AMASS/train,,2.5405805110931396,global_scalar_z,565
AMASS/all,,2.5405805110931396,global_scalar_z,565
ALL/all,,2.539566993713379,global_scalar_z,79
ALL/all,,2.5394673347473145,global_scalar_z,1251
AMASS/train,,2.539243459701538,global_scalar_z,815
AMASS/all,,2.539243459701538,global_scalar_z,815
ALL/all,,2.539172887802124,global_scalar_z,665
AMASS/train,,2.5386598110198975,global_scalar_z,53
AMASS/all,,2.5386598110198975,global_scalar_z,53
AMASS/train,,2.538583755493164,global_scalar_z,79
AMASS/all,,2.538583755493164,global_scalar_z,79
AMASS/train,,2.5384840965270996,global_scalar_z,1251
AMASS/all,,2.5384840965270996,global_scalar_z,1251
AMASS/train,,2.538189172744751,global_scalar_z,665
AMASS/all,,2.538189172744751,global_scalar_z,665
AMASS/train,,2.537827968597412,global_scalar_z,1069
AMASS/all,,2.537827968597412,global_scalar_z,1069
AMASS/train,,2.5374889373779297,global_scalar_z,813
AMASS/all,,2.5374889373779297,global_scalar_z,813
AMASS/train,,2.537388324737549,global_scalar_z,327
AMASS/all,,2.537388324737549,global_scalar_z,327
ALL/all,,2.536080837249756,global_scalar_z,775
ALL/all,,2.53586483001709,global_scalar_z,607
AMASS/train,,2.535170793533325,global_scalar_z,111
AMASS/all,,2.535170793533325,global_scalar_z,111
AMASS/train,,2.5350747108459473,global_scalar_z,69
AMASS/all,,2.5350747108459473,global_scalar_z,69
AMASS/train,,2.534877300262451,global_scalar_z,607
AMASS/all,,2.534877300262451,global_scalar_z,607
ALL/all,,2.5347914695739746,global_scalar_z,717
ALL/all,,2.5342202186584473,global_scalar_z,197
ALL/all,,2.534153461456299,global_scalar_z,375
AMASS/train,,2.5338029861450195,global_scalar_z,717
AMASS/all,,2.5338029861450195,global_scalar_z,717
ALL/all,,2.533745527267456,global_scalar_z,565
AMASS/train,,2.5336883068084717,global_scalar_z,57
AMASS/all,,2.5336883068084717,global_scalar_z,57
AMASS/train,,2.533230781555176,global_scalar_z,197
AMASS/all,,2.533230781555176,global_scalar_z,197
AMASS/train,,2.5331640243530273,global_scalar_z,375
AMASS/all,,2.5331640243530273,global_scalar_z,375
ALL/all,,2.532410144805908,global_scalar_z,815
ALL/all,,2.531826972961426,global_scalar_z,53
ALL/all,,2.530996084213257,global_scalar_z,1069
ALL/all,,2.5306575298309326,global_scalar_z,813
ALL/all,,2.5305569171905518,global_scalar_z,327
AMASS/train,,2.530107021331787,global_scalar_z,685
AMASS/all,,2.530107021331787,global_scalar_z,685
ALL/all,,2.528938055038452,global_scalar_z,725
ALL/all,,2.5283420085906982,global_scalar_z,111
ALL/all,,2.5282461643218994,global_scalar_z,69
AMASS/train,,2.527942657470703,global_scalar_z,725
AMASS/all,,2.527942657470703,global_scalar_z,725
ALL/all,,2.5277388095855713,global_scalar_z,373
ALL/all,,2.527381181716919,global_scalar_z,1269
ALL/all,,2.5268611907958984,global_scalar_z,57
ALL/all,,2.526815414428711,global_scalar_z,411
AMASS/train,,2.5267419815063477,global_scalar_z,373
AMASS/all,,2.5267419815063477,global_scalar_z,373
ALL/all,,2.526616334915161,global_scalar_z,377
AMASS/train,,2.526383876800537,global_scalar_z,1269
AMASS/all,,2.526383876800537,global_scalar_z,1269
AMASS/train,,2.525817394256592,global_scalar_z,411
AMASS/all,,2.525817394256592,global_scalar_z,411
AMASS/train,,2.525618314743042,global_scalar_z,377
AMASS/all,,2.525618314743042,global_scalar_z,377
ALL/all,,2.5238234996795654,global_scalar_z,143
ALL/all,,2.5232841968536377,global_scalar_z,685
AMASS/train,,2.522822141647339,global_scalar_z,143
AMASS/all,,2.522822141647339,global_scalar_z,143
ALL/all,,2.5218942165374756,global_scalar_z,583
ALL/all,,2.521430015563965,global_scalar_z,191
AMASS/train,,2.520890712738037,global_scalar_z,583
AMASS/all,,2.520890712738037,global_scalar_z,583
AMASS/train,,2.520425796508789,global_scalar_z,191
AMASS/all,,2.520425796508789,global_scalar_z,191
AMASS/train,,2.5202553272247314,global_scalar_z,405
AMASS/all,,2.5202553272247314,global_scalar_z,405
AMASS/train,,2.5183398723602295,global_scalar_z,1037
AMASS/all,,2.5183398723602295,global_scalar_z,1037
AMASS/train,,2.5179123878479004,global_scalar_z,1197
AMASS/all,,2.5179123878479004,global_scalar_z,1197
ALL/all,,2.5177361965179443,global_scalar_z,969
AMASS/train,,2.5167276859283447,global_scalar_z,969
AMASS/all,,2.5167276859283447,global_scalar_z,969
ALL/all,,2.5157244205474854,global_scalar_z,361
AMASS/train,,2.5152900218963623,global_scalar_z,479
AMASS/all,,2.5152900218963623,global_scalar_z,479
ALL/all,,2.515228509902954,global_scalar_z,721
AMASS/train,,2.514713764190674,global_scalar_z,361
AMASS/all,,2.514713764190674,global_scalar_z,361
AMASS/train,,2.5142173767089844,global_scalar_z,721
AMASS/all,,2.5142173767089844,global_scalar_z,721
ALL/all,,2.5134437084198,global_scalar_z,405
ALL/all,,2.512882947921753,global_scalar_z,1229
AMASS/train,,2.511869192123413,global_scalar_z,1229
AMASS/all,,2.511869192123413,global_scalar_z,1229
ALL/all,,2.511599063873291,global_scalar_z,575
ALL/all,,2.5115303993225098,global_scalar_z,1037
ALL/all,,2.511237144470215,global_scalar_z,239
AMASS/train,,2.511113405227661,global_scalar_z,387
AMASS/all,,2.511113405227661,global_scalar_z,387
ALL/all,,2.511103391647339,global_scalar_z,1197
ALL/all,,2.5106115341186523,global_scalar_z,65
AMASS/train,,2.5105838775634766,global_scalar_z,575
AMASS/all,,2.5105838775634766,global_scalar_z,575
ALL/all,,2.5103633403778076,global_scalar_z,315
AMASS/train,,2.510221242904663,global_scalar_z,239
AMASS/all,,2.510221242904663,global_scalar_z,239
AMASS/train,,2.510211706161499,global_scalar_z,753
AMASS/all,,2.510211706161499,global_scalar_z,753
ALL/all,,2.5099716186523438,global_scalar_z,719
AMASS/train,,2.5095949172973633,global_scalar_z,65
AMASS/all,,2.5095949172973633,global_scalar_z,65
AMASS/train,,2.509354829788208,global_scalar_z,535
AMASS/all,,2.509354829788208,global_scalar_z,535
AMASS/train,,2.5093464851379395,global_scalar_z,315
AMASS/all,,2.5093464851379395,global_scalar_z,315
ALL/all,,2.508988618850708,global_scalar_z,497
AMASS/train,,2.5089545249938965,global_scalar_z,719
AMASS/all,,2.5089545249938965,global_scalar_z,719
AMASS/train,,2.508798360824585,global_scalar_z,681
AMASS/all,,2.508798360824585,global_scalar_z,681
ALL/all,,2.508484125137329,global_scalar_z,479
AMASS/train,,2.507970094680786,global_scalar_z,497
AMASS/all,,2.507970094680786,global_scalar_z,497
AMASS/train,,2.507465362548828,global_scalar_z,441
AMASS/all,,2.507465362548828,global_scalar_z,441
ALL/all,,2.50706148147583,global_scalar_z,1291
ALL/all,,2.5066492557525635,global_scalar_z,1061
ALL/all,,2.506455659866333,global_scalar_z,1285
AMASS/train,,2.5060482025146484,global_scalar_z,423
AMASS/all,,2.5060482025146484,global_scalar_z,423
AMASS/train,,2.5060408115386963,global_scalar_z,1291
AMASS/all,,2.5060408115386963,global_scalar_z,1291
AMASS/train,,2.5056281089782715,global_scalar_z,1061
AMASS/all,,2.5056281089782715,global_scalar_z,1061
AMASS/train,,2.505434513092041,global_scalar_z,1285
AMASS/all,,2.505434513092041,global_scalar_z,1285
ALL/all,,2.504446029663086,global_scalar_z,257
ALL/all,,2.50431227684021,global_scalar_z,387
AMASS/train,,2.50372314453125,global_scalar_z,1041
AMASS/all,,2.50372314453125,global_scalar_z,1041
AMASS/train,,2.503422260284424,global_scalar_z,257
AMASS/all,,2.503422260284424,global_scalar_z,257
ALL/all,,2.5034115314483643,global_scalar_z,753
ALL/all,,2.5025556087493896,global_scalar_z,535
ALL/all,,2.501999855041504,global_scalar_z,681
AMASS/train,,2.5010995864868164,global_scalar_z,1109
AMASS/all,,2.5010995864868164,global_scalar_z,1109
ALL/all,,2.500668525695801,global_scalar_z,441
ALL/all,,2.499253034591675,global_scalar_z,423
ALL/all,,2.499044179916382,global_scalar_z,1127
AMASS/train,,2.498532295227051,global_scalar_z,995
AMASS/all,,2.498532295227051,global_scalar_z,995
AMASS/train,,2.498103618621826,global_scalar_z,379
AMASS/all,,2.498103618621826,global_scalar_z,379
AMASS/train,,2.498014211654663,global_scalar_z,1127
AMASS/all,,2.498014211654663,global_scalar_z,1127
ALL/all,,2.4969305992126465,global_scalar_z,1041
ALL/all,,2.4965853691101074,global_scalar_z,11
AMASS/train,,2.4963133335113525,global_scalar_z,71
AMASS/all,,2.4963133335113525,global_scalar_z,71
ALL/all,,2.495652675628662,global_scalar_z,425
AMASS/train,,2.4955525398254395,global_scalar_z,11
AMASS/all,,2.4955525398254395,global_scalar_z,11
AMASS/train,,2.4954097270965576,global_scalar_z,821
AMASS/all,,2.4954097270965576,global_scalar_z,821
ALL/all,,2.494908094406128,global_scalar_z,591
AMASS/train,,2.4946186542510986,global_scalar_z,425
AMASS/all,,2.4946186542510986,global_scalar_z,425
ALL/all,,2.4944729804992676,global_scalar_z,689
ALL/all,,2.494310140609741,global_scalar_z,1109
ALL/all,,2.494114398956299,global_scalar_z,1153
ALL/all,,2.4939732551574707,global_scalar_z,825
AMASS/train,,2.493873357772827,global_scalar_z,591
AMASS/all,,2.493873357772827,global_scalar_z,591
ALL/all,,2.4936234951019287,global_scalar_z,619
AMASS/train,,2.4936161041259766,global_scalar_z,1097
AMASS/all,,2.4936161041259766,global_scalar_z,1097
AMASS/train,,2.4934380054473877,global_scalar_z,689
AMASS/all,,2.4934380054473877,global_scalar_z,689
AMASS/train,,2.4930787086486816,global_scalar_z,1153
AMASS/all,,2.4930787086486816,global_scalar_z,1153
AMASS/train,,2.4929375648498535,global_scalar_z,825
AMASS/all,,2.4929375648498535,global_scalar_z,825
AMASS/train,,2.4925875663757324,global_scalar_z,619
AMASS/all,,2.4925875663757324,global_scalar_z,619
ALL/all,,2.4923043251037598,global_scalar_z,1167
AMASS/train,,2.492072343826294,global_scalar_z,625
AMASS/all,,2.492072343826294,global_scalar_z,625
ALL/all,,2.491745710372925,global_scalar_z,995
ALL/all,,2.491623878479004,global_scalar_z,115
ALL/all,,2.4913175106048584,global_scalar_z,379
AMASS/train,,2.4912667274475098,global_scalar_z,1167
AMASS/all,,2.4912667274475098,global_scalar_z,1167
AMASS/train,,2.4905855655670166,global_scalar_z,115
AMASS/all,,2.4905855655670166,global_scalar_z,115
ALL/all,,2.4895293712615967,global_scalar_z,71
ALL/all,,2.488626718521118,global_scalar_z,821
ALL/all,,2.4875454902648926,global_scalar_z,1119
AMASS/train,,2.4870927333831787,global_scalar_z,613
AMASS/all,,2.4870927333831787,global_scalar_z,613
AMASS/train,,2.486929178237915,global_scalar_z,1083
AMASS/all,,2.486929178237915,global_scalar_z,1083
ALL/all,,2.486835241317749,global_scalar_z,1097
AMASS/train,,2.4865543842315674,global_scalar_z,1149
AMASS/all,,2.4865543842315674,global_scalar_z,1149
AMASS/train,,2.4865024089813232,global_scalar_z,1119
AMASS/all,,2.4865024089813232,global_scalar_z,1119
AMASS/train,,2.486069440841675,global_scalar_z,465
AMASS/all,,2.486069440841675,global_scalar_z,465
AMASS/train,,2.486032247543335,global_scalar_z,871
AMASS/all,,2.486032247543335,global_scalar_z,871
AMASS/train,,2.4854164123535156,global_scalar_z,799
AMASS/all,,2.4854164123535156,global_scalar_z,799
ALL/all,,2.48529314994812,global_scalar_z,625
AMASS/train,,2.4849414825439453,global_scalar_z,113
AMASS/all,,2.4849414825439453,global_scalar_z,113
ALL/all,,2.48348331451416,global_scalar_z,9
AMASS/train,,2.482435703277588,global_scalar_z,733
AMASS/all,,2.482435703277588,global_scalar_z,733
AMASS/train,,2.482435464859009,global_scalar_z,9
AMASS/all,,2.482435464859009,global_scalar_z,9
ALL/all,,2.4803192615509033,global_scalar_z,613
ALL/all,,2.4801559448242188,global_scalar_z,1083
ALL/all,,2.4797816276550293,global_scalar_z,1149
ALL/all,,2.4797523021698,global_scalar_z,309
AMASS/train,,2.4796180725097656,global_scalar_z,803
AMASS/all,,2.4796180725097656,global_scalar_z,803
ALL/all,,2.479562520980835,global_scalar_z,1355
ALL/all,,2.479297161102295,global_scalar_z,465
ALL/all,,2.479259967803955,global_scalar_z,871
AMASS/train,,2.4787001609802246,global_scalar_z,309
AMASS/all,,2.4787001609802246,global_scalar_z,309
ALL/all,,2.478644847869873,global_scalar_z,799
ALL/all,,2.478299617767334,global_scalar_z,355
ALL/all,,2.47817063331604,global_scalar_z,113
AMASS/train,,2.477245807647705,global_scalar_z,355
AMASS/all,,2.477245807647705,global_scalar_z,355
AMASS/train,,2.476531744003296,global_scalar_z,95
AMASS/all,,2.476531744003296,global_scalar_z,95
ALL/all,,2.4764902591705322,global_scalar_z,951
AMASS/train,,2.4763455390930176,global_scalar_z,637
AMASS/all,,2.4763455390930176,global_scalar_z,637
AMASS/train,,2.4762189388275146,global_scalar_z,181
AMASS/all,,2.4762189388275146,global_scalar_z,181
AMASS/train,,2.4757816791534424,global_scalar_z,7
AMASS/all,,2.4757816791534424,global_scalar_z,7
ALL/all,,2.475667715072632,global_scalar_z,733
AMASS/train,,2.4754343032836914,global_scalar_z,951
AMASS/all,,2.4754343032836914,global_scalar_z,951
ALL/all,,2.4753687381744385,global_scalar_z,1105
AMASS/train,,2.474858522415161,global_scalar_z,965
AMASS/all,,2.474858522415161,global_scalar_z,965
AMASS/train,,2.474311590194702,global_scalar_z,1105
AMASS/all,,2.474311590194702,global_scalar_z,1105
AMASS/train,,2.4741225242614746,global_scalar_z,1031
AMASS/all,,2.4741225242614746,global_scalar_z,1031
AMASS/train,,2.4739928245544434,global_scalar_z,935
AMASS/all,,2.4739928245544434,global_scalar_z,935
AMASS/train,,2.473710298538208,global_scalar_z,61
AMASS/all,,2.473710298538208,global_scalar_z,61
AMASS/train,,2.4734444618225098,global_scalar_z,605
AMASS/all,,2.4734444618225098,global_scalar_z,605
ALL/all,,2.472853183746338,global_scalar_z,803
ALL/all,,2.471809148788452,global_scalar_z,101
ALL/all,,2.471550464630127,global_scalar_z,89
AMASS/train,,2.471008062362671,global_scalar_z,537
AMASS/all,,2.471008062362671,global_scalar_z,537
AMASS/train,,2.470747709274292,global_scalar_z,101
AMASS/all,,2.470747709274292,global_scalar_z,101
AMASS/train,,2.4704887866973877,global_scalar_z,89
AMASS/all,,2.4704887866973877,global_scalar_z,89
ALL/all,,2.4697704315185547,global_scalar_z,95
ALL/all,,2.4695844650268555,global_scalar_z,637
ALL/all,,2.4694578647613525,global_scalar_z,181
ALL/all,,2.4690213203430176,global_scalar_z,7
ALL/all,,2.4680991172790527,global_scalar_z,965
ALL/all,,2.4673640727996826,global_scalar_z,1031
ALL/all,,2.4672346115112305,global_scalar_z,935
ALL/all,,2.466952323913574,global_scalar_z,61
AMASS/train,,2.466688871383667,global_scalar_z,353
AMASS/all,,2.466688871383667,global_scalar_z,353
ALL/all,,2.466686725616455,global_scalar_z,605
ALL/all,,2.4646072387695312,global_scalar_z,897
ALL/all,,2.4644792079925537,global_scalar_z,987
ALL/all,,2.4642531871795654,global_scalar_z,537
AMASS/train,,2.4635374546051025,global_scalar_z,897
AMASS/all,,2.4635374546051025,global_scalar_z,897
AMASS/train,,2.463409423828125,global_scalar_z,987
AMASS/all,,2.463409423828125,global_scalar_z,987
AMASS/train,,2.4623851776123047,global_scalar_z,397
AMASS/all,,2.4623851776123047,global_scalar_z,397
AMASS/train,,2.4622461795806885,global_scalar_z,1221
AMASS/all,,2.4622461795806885,global_scalar_z,1221
AMASS/train,,2.4616076946258545,global_scalar_z,573
AMASS/all,,2.4616076946258545,global_scalar_z,573
AMASS/train,,2.4615461826324463,global_scalar_z,759
AMASS/all,,2.4615461826324463,global_scalar_z,759
ALL/all,,2.4615156650543213,global_scalar_z,997
AMASS/train,,2.46140718460083,global_scalar_z,729
AMASS/all,,2.46140718460083,global_scalar_z,729
ALL/all,,2.4608142375946045,global_scalar_z,51
AMASS/train,,2.460442543029785,global_scalar_z,997
AMASS/all,,2.460442543029785,global_scalar_z,997
DIP/all,,2.459969997406006,global_scalar_z,34
ALL/all,,2.4599390029907227,global_scalar_z,353
AMASS/train,,2.459740400314331,global_scalar_z,51
AMASS/all,,2.459740400314331,global_scalar_z,51
ALL/all,,2.458791732788086,global_scalar_z,915
AMASS/train,,2.4577155113220215,global_scalar_z,915
AMASS/all,,2.4577155113220215,global_scalar_z,915
ALL/all,,2.457663059234619,global_scalar_z,615
AMASS/train,,2.4572603702545166,global_scalar_z,1095
AMASS/all,,2.4572603702545166,global_scalar_z,1095
AMASS/train,,2.457228183746338,global_scalar_z,603
AMASS/all,,2.457228183746338,global_scalar_z,603
AMASS/train,,2.4569365978240967,global_scalar_z,571
AMASS/all,,2.4569365978240967,global_scalar_z,571
AMASS/train,,2.45658540725708,global_scalar_z,615
AMASS/all,,2.45658540725708,global_scalar_z,615
DIP/all,,2.4561121463775635,global_scalar_z,57
AMASS/train,,2.455721855163574,global_scalar_z,585
AMASS/all,,2.455721855163574,global_scalar_z,585
ALL/all,,2.4556400775909424,global_scalar_z,397
ALL/all,,2.4555015563964844,global_scalar_z,1221
ALL/all,,2.454967975616455,global_scalar_z,133
ALL/all,,2.4548635482788086,global_scalar_z,573
ALL/all,,2.4548022747039795,global_scalar_z,759
ALL/all,,2.4546632766723633,global_scalar_z,729
ALL/all,,2.454145908355713,global_scalar_z,691
AMASS/train,,2.4538872241973877,global_scalar_z,133
AMASS/all,,2.4538872241973877,global_scalar_z,133
ALL/all,,2.4532952308654785,global_scalar_z,743
ALL/all,,2.453183650970459,global_scalar_z,653
AMASS/train,,2.453064203262329,global_scalar_z,691
AMASS/all,,2.453064203262329,global_scalar_z,691
ALL/all,,2.4525232315063477,global_scalar_z,695
AMASS/train,,2.4522125720977783,global_scalar_z,743
AMASS/all,,2.4522125720977783,global_scalar_z,743
AMASS/train,,2.4521007537841797,global_scalar_z,653
AMASS/all,,2.4521007537841797,global_scalar_z,653
AMASS/train,,2.4517838954925537,global_scalar_z,1283
AMASS/all,,2.4517838954925537,global_scalar_z,1283
AMASS/train,,2.451439619064331,global_scalar_z,695
AMASS/all,,2.451439619064331,global_scalar_z,695
ALL/all,,2.4512710571289062,global_scalar_z,1015
ALL/all,,2.450521230697632,global_scalar_z,1095
AMASS/train,,2.450507164001465,global_scalar_z,927
AMASS/all,,2.450507164001465,global_scalar_z,927
ALL/all,,2.450489044189453,global_scalar_z,603
ALL/all,,2.45019793510437,global_scalar_z,571
AMASS/train,,2.450186014175415,global_scalar_z,1015
AMASS/all,,2.450186014175415,global_scalar_z,1015
AMASS/train,,2.450144052505493,global_scalar_z,795
AMASS/all,,2.450144052505493,global_scalar_z,795
ALL/all,,2.4489846229553223,global_scalar_z,585
AMASS/train,,2.4478325843811035,global_scalar_z,1227
AMASS/all,,2.4478325843811035,global_scalar_z,1227
ALL/all,,2.4450511932373047,global_scalar_z,1283
ALL/all,,2.4444642066955566,global_scalar_z,805
AMASS/train,,2.444385290145874,global_scalar_z,1243
AMASS/all,,2.444385290145874,global_scalar_z,1243
ALL/all,,2.444068670272827,global_scalar_z,99
ALL/all,,2.4437758922576904,global_scalar_z,927
ALL/all,,2.443413257598877,global_scalar_z,795
AMASS/train,,2.443371295928955,global_scalar_z,805
AMASS/all,,2.443371295928955,global_scalar_z,805
AMASS/train,,2.4429752826690674,global_scalar_z,99
AMASS/all,,2.4429752826690674,global_scalar_z,99
ALL/all,,2.441246271133423,global_scalar_z,1277
ALL/all,,2.4411044120788574,global_scalar_z,1227
AMASS/train,,2.4401495456695557,global_scalar_z,1277
AMASS/all,,2.4401495456695557,global_scalar_z,1277
ALL/all,,2.44008207321167,global_scalar_z,1314
ALL/all,,2.4382240772247314,global_scalar_z,475
ALL/all,,2.438009262084961,global_scalar_z,343
ALL/all,,2.4379167556762695,global_scalar_z,555
ALL/all,,2.4376609325408936,global_scalar_z,1243
AMASS/train,,2.437124013900757,global_scalar_z,475
AMASS/all,,2.437124013900757,global_scalar_z,475
ALL/all,,2.437103271484375,global_scalar_z,215
AMASS/train,,2.4369089603424072,global_scalar_z,343
AMASS/all,,2.4369089603424072,global_scalar_z,343
AMASS/train,,2.436816453933716,global_scalar_z,555
AMASS/all,,2.436816453933716,global_scalar_z,555
ALL/all,,2.4362640380859375,global_scalar_z,1257
AMASS/train,,2.436002016067505,global_scalar_z,215
AMASS/all,,2.436002016067505,global_scalar_z,215
ALL/all,,2.435746431350708,global_scalar_z,203
ALL/all,,2.435656785964966,global_scalar_z,1071
AMASS/train,,2.435161590576172,global_scalar_z,1257
AMASS/all,,2.435161590576172,global_scalar_z,1257
AMASS/train,,2.4346437454223633,global_scalar_z,203
AMASS/all,,2.4346437454223633,global_scalar_z,203
AMASS/train,,2.434553861618042,global_scalar_z,1071
AMASS/all,,2.434553861618042,global_scalar_z,1071
AMASS/train,,2.4340052604675293,global_scalar_z,285
AMASS/all,,2.4340052604675293,global_scalar_z,285
ALL/all,,2.4339823722839355,global_scalar_z,263
AMASS/train,,2.4328885078430176,global_scalar_z,865
AMASS/all,,2.4328885078430176,global_scalar_z,865
AMASS/train,,2.432877540588379,global_scalar_z,263
AMASS/all,,2.432877540588379,global_scalar_z,263
ALL/all,,2.4306347370147705,global_scalar_z,149
AMASS/train,,2.4303300380706787,global_scalar_z,893
AMASS/all,,2.4303300380706787,global_scalar_z,893
ALL/all,,2.430220365524292,global_scalar_z,415
ALL/all,,2.430083990097046,global_scalar_z,819
AMASS/train,,2.429525852203369,global_scalar_z,149
AMASS/all,,2.429525852203369,global_scalar_z,149
AMASS/train,,2.4291112422943115,global_scalar_z,415
AMASS/all,,2.4291112422943115,global_scalar_z,415
AMASS/train,,2.4289746284484863,global_scalar_z,819
AMASS/all,,2.4289746284484863,global_scalar_z,819
ALL/all,,2.427293062210083,global_scalar_z,285
DIP/train,,2.426940679550171,global_scalar_z,34
ALL/all,,2.426177501678467,global_scalar_z,865
ALL/all,,2.4260048866271973,global_scalar_z,1298
ALL/all,,2.4246644973754883,global_scalar_z,293
ALL/all,,2.4236221313476562,global_scalar_z,893
AMASS/train,,2.423548936843872,global_scalar_z,293
AMASS/all,,2.423548936843872,global_scalar_z,293
AMASS/train,,2.421576738357544,global_scalar_z,1135
AMASS/all,,2.421576738357544,global_scalar_z,1135
ALL/all,,2.420734405517578,global_scalar_z,163
AMASS/train,,2.419628143310547,global_scalar_z,947
AMASS/all,,2.419628143310547,global_scalar_z,947
AMASS/train,,2.41961407661438,global_scalar_z,163
AMASS/all,,2.41961407661438,global_scalar_z,163
ALL/all,,2.418991804122925,global_scalar_z,493
AMASS/train,,2.4178695678710938,global_scalar_z,493
AMASS/all,,2.4178695678710938,global_scalar_z,493
AMASS/train,,2.417742967605591,global_scalar_z,1273
AMASS/all,,2.417742967605591,global_scalar_z,1273
DIP/all,,2.417595624923706,global_scalar_z,16
ALL/all,,2.41745662689209,global_scalar_z,435
AMASS/train,,2.416332721710205,global_scalar_z,435
AMASS/all,,2.416332721710205,global_scalar_z,435
AMASS/train,,2.4159653186798096,global_scalar_z,627
AMASS/all,,2.4159653186798096,global_scalar_z,627
AMASS/train,,2.4159584045410156,global_scalar_z,1123
AMASS/all,,2.4159584045410156,global_scalar_z,1123
ALL/all,,2.4148788452148438,global_scalar_z,1135
AMASS/train,,2.413618803024292,global_scalar_z,213
AMASS/all,,2.413618803024292,global_scalar_z,213
ALL/all,,2.4133472442626953,global_scalar_z,807
AMASS/train,,2.413072109222412,global_scalar_z,277
AMASS/all,,2.413072109222412,global_scalar_z,277
ALL/all,,2.4129326343536377,global_scalar_z,947
AMASS/train,,2.4122185707092285,global_scalar_z,807
AMASS/all,,2.4122185707092285,global_scalar_z,807
AMASS/train,,2.4119129180908203,global_scalar_z,337
AMASS/all,,2.4119129180908203,global_scalar_z,337
AMASS/train,,2.4115042686462402,global_scalar_z,527
AMASS/all,,2.4115042686462402,global_scalar_z,527
AMASS/train,,2.4112634658813477,global_scalar_z,1029
AMASS/all,,2.4112634658813477,global_scalar_z,1029
ALL/all,,2.4110493659973145,global_scalar_z,1273
AMASS/train,,2.410693407058716,global_scalar_z,1085
AMASS/all,,2.410693407058716,global_scalar_z,1085
AMASS/train,,2.4100022315979004,global_scalar_z,1249
AMASS/all,,2.4100022315979004,global_scalar_z,1249
ALL/all,,2.409940719604492,global_scalar_z,899
ALL/all,,2.409273862838745,global_scalar_z,627
ALL/all,,2.409266948699951,global_scalar_z,1123
AMASS/train,,2.4088079929351807,global_scalar_z,899
AMASS/all,,2.4088079929351807,global_scalar_z,899
AMASS/train,,2.4085309505462646,global_scalar_z,37
AMASS/all,,2.4085309505462646,global_scalar_z,37
AMASS/train,,2.407914638519287,global_scalar_z,1275
AMASS/all,,2.407914638519287,global_scalar_z,1275
ALL/all,2.407046491123938,,DIP_train,1330
DIP/train,2.407046491123938,,DIP_train,32
DIP/all,2.407046491123938,,DIP_train,32
ALL/all,,2.4069302082061768,global_scalar_z,213
ALL/all,,2.406439781188965,global_scalar_z,261
ALL/all,,2.406383991241455,global_scalar_z,277
ALL/all,,2.4055681228637695,global_scalar_z,639
AMASS/train,,2.4053030014038086,global_scalar_z,261
AMASS/all,,2.4053030014038086,global_scalar_z,261
ALL/all,,2.405226230621338,global_scalar_z,337
ALL/all,,2.404817819595337,global_scalar_z,527
AMASS/train,,2.4047439098358154,global_scalar_z,1297
AMASS/all,,2.4047439098358154,global_scalar_z,1297
AMASS/train,,2.404613733291626,global_scalar_z,785
AMASS/all,,2.404613733291626,global_scalar_z,785
ALL/all,,2.4045772552490234,global_scalar_z,1029
AMASS/train,,2.404430389404297,global_scalar_z,639
AMASS/all,,2.404430389404297,global_scalar_z,639
ALL/all,,2.404008150100708,global_scalar_z,1085
ALL/all,,2.40331768989563,global_scalar_z,1249
ALL/all,,2.402500629425049,global_scalar_z,1143
ALL/all,,2.401848077774048,global_scalar_z,37
AMASS/train,,2.4014108180999756,global_scalar_z,439
AMASS/all,,2.4014108180999756,global_scalar_z,439
AMASS/train,,2.4013593196868896,global_scalar_z,1143
AMASS/all,,2.4013593196868896,global_scalar_z,1143
ALL/all,,2.4012324810028076,global_scalar_z,1275
ALL/all,,2.400686740875244,global_scalar_z,663
ALL/all,,2.3999173641204834,global_scalar_z,985
AMASS/train,,2.399543523788452,global_scalar_z,663
AMASS/all,,2.399543523788452,global_scalar_z,663
AMASS/train,,2.398772954940796,global_scalar_z,985
AMASS/all,,2.398772954940796,global_scalar_z,985
ALL/all,,2.3980653285980225,global_scalar_z,1297
ALL/all,,2.397935390472412,global_scalar_z,785
AMASS/train,,2.3966732025146484,global_scalar_z,1021
AMASS/all,,2.3966732025146484,global_scalar_z,1021
ALL/all,,2.3947360515594482,global_scalar_z,439
ALL/all,,2.392871618270874,global_scalar_z,657
ALL/all,,2.392051935195923,global_scalar_z,879
AMASS/train,,2.391719102859497,global_scalar_z,657
AMASS/all,,2.391719102859497,global_scalar_z,657
AMASS/train,,2.391331434249878,global_scalar_z,81
AMASS/all,,2.391331434249878,global_scalar_z,81
ALL/all,,2.3910036087036133,global_scalar_z,205
AMASS/train,,2.3908987045288086,global_scalar_z,879
AMASS/all,,2.3908987045288086,global_scalar_z,879
ALL/all,,2.3908982276916504,global_scalar_z,679
ALL/all,,2.390636682510376,global_scalar_z,1217
ALL/all,,2.3900041580200195,global_scalar_z,1021
AMASS/train,,2.3898489475250244,global_scalar_z,205
AMASS/all,,2.3898489475250244,global_scalar_z,205
AMASS/train,,2.3897435665130615,global_scalar_z,679
AMASS/all,,2.3897435665130615,global_scalar_z,679
ALL/all,,2.3895623683929443,global_scalar_z,667
AMASS/train,,2.389481782913208,global_scalar_z,1217
AMASS/all,,2.389481782913208,global_scalar_z,1217
ALL/all,,2.3893673419952393,global_scalar_z,925
AMASS/train,,2.3893604278564453,global_scalar_z,1161
AMASS/all,,2.3893604278564453,global_scalar_z,1161
ALL/all,,2.3885536193847656,global_scalar_z,237
AMASS/train,,2.388406276702881,global_scalar_z,667
AMASS/all,,2.388406276702881,global_scalar_z,667
AMASS/train,,2.3882110118865967,global_scalar_z,925
AMASS/all,,2.3882110118865967,global_scalar_z,925
AMASS/train,,2.387939929962158,global_scalar_z,399
AMASS/all,,2.387939929962158,global_scalar_z,399
ALL/all,,2.3878769874572754,global_scalar_z,1223
AMASS/train,,2.3873963356018066,global_scalar_z,237
AMASS/all,,2.3873963356018066,global_scalar_z,237
AMASS/train,,2.38671875,global_scalar_z,1223
AMASS/all,,2.38671875,global_scalar_z,1223
ALL/all,,2.386276960372925,global_scalar_z,385
AMASS/train,,2.3861544132232666,global_scalar_z,289
AMASS/all,,2.3861544132232666,global_scalar_z,289
ALL/all,,2.3855042457580566,global_scalar_z,767
AMASS/train,,2.3851170539855957,global_scalar_z,385
AMASS/all,,2.3851170539855957,global_scalar_z,385
AMASS/train,,2.3847475051879883,global_scalar_z,891
AMASS/all,,2.3847475051879883,global_scalar_z,891
ALL/all,,2.384739637374878,global_scalar_z,279
ALL/all,,2.3846685886383057,global_scalar_z,81
AMASS/train,,2.384343385696411,global_scalar_z,767
AMASS/all,,2.384343385696411,global_scalar_z,767
AMASS/train,,2.383577823638916,global_scalar_z,279
AMASS/all,,2.383577823638916,global_scalar_z,279
ALL/all,,2.3831942081451416,global_scalar_z,731
ALL/all,,2.382699728012085,global_scalar_z,1161
AMASS/train,,2.382030487060547,global_scalar_z,731
AMASS/all,,2.382030487060547,global_scalar_z,731
AMASS/train,,2.3818435668945312,global_scalar_z,225
AMASS/all,,2.3818435668945312,global_scalar_z,225
ALL/all,,2.3812808990478516,global_scalar_z,399
AMASS/train,,2.3807220458984375,global_scalar_z,1183
AMASS/all,,2.3807220458984375,global_scalar_z,1183
ALL/all,,2.3803343772888184,global_scalar_z,1155
ALL/all,,2.3794972896575928,global_scalar_z,289
AMASS/train,,2.3791675567626953,global_scalar_z,1155
AMASS/all,,2.3791675567626953,global_scalar_z,1155
ALL/all,,2.3786325454711914,global_scalar_z,395
ALL/all,,2.378092050552368,global_scalar_z,891
AMASS/train,,2.3779683113098145,global_scalar_z,121
AMASS/all,,2.3779683113098145,global_scalar_z,121
AMASS/train,,2.3774638175964355,global_scalar_z,395
AMASS/all,,2.3774638175964355,global_scalar_z,395
TotalCapture/train,,2.3759493827819824,global_scalar_z,9
ALL/all,,2.3751914501190186,global_scalar_z,225
AMASS/train,,2.375004529953003,global_scalar_z,363
AMASS/all,,2.375004529953003,global_scalar_z,363
ALL/all,,2.3750030994415283,global_scalar_z,509
ALL/all,,2.37434983253479,global_scalar_z,179
ALL/all,,2.3740713596343994,global_scalar_z,1183
AMASS/train,,2.373910665512085,global_scalar_z,817
AMASS/all,,2.373910665512085,global_scalar_z,817
AMASS/train,,2.3738303184509277,global_scalar_z,509
AMASS/all,,2.3738303184509277,global_scalar_z,509
AMASS/train,,2.373176097869873,global_scalar_z,179
AMASS/all,,2.373176097869873,global_scalar_z,179
ALL/all,,2.3731493949890137,global_scalar_z,661
ALL/all,,2.3730580806732178,global_scalar_z,329
ALL/all,,2.372904062271118,global_scalar_z,885
AMASS/train,,2.3721909523010254,global_scalar_z,769
AMASS/all,,2.3721909523010254,global_scalar_z,769
AMASS/train,,2.371974468231201,global_scalar_z,661
AMASS/all,,2.371974468231201,global_scalar_z,661
AMASS/train,,2.371882915496826,global_scalar_z,329
AMASS/all,,2.371882915496826,global_scalar_z,329
AMASS/train,,2.3717286586761475,global_scalar_z,885
AMASS/all,,2.3717286586761475,global_scalar_z,885
DIP/train,,2.371429204940796,global_scalar_z,16
ALL/all,,2.3713207244873047,global_scalar_z,121
ALL/all,,2.3710060119628906,global_scalar_z,977
AMASS/train,,2.370527744293213,global_scalar_z,227
AMASS/all,,2.370527744293213,global_scalar_z,227
AMASS/train,,2.3701834678649902,global_scalar_z,49
AMASS/all,,2.3701834678649902,global_scalar_z,49
AMASS/train,,2.369828462600708,global_scalar_z,977
AMASS/all,,2.369828462600708,global_scalar_z,977
ALL/all,,2.3683600425720215,global_scalar_z,363
ALL/all,,2.367267370223999,global_scalar_z,817
ALL/all,,2.367061138153076,global_scalar_z,207
AMASS/train,,2.3658790588378906,global_scalar_z,207
AMASS/all,,2.3658790588378906,global_scalar_z,207
ALL/all,,2.3655500411987305,global_scalar_z,769
AMASS/train,,2.3641936779022217,global_scalar_z,31
AMASS/all,,2.3641936779022217,global_scalar_z,31
ALL/all,,2.3638882637023926,global_scalar_z,227
ALL/all,,2.363800287246704,global_scalar_z,333
ALL/all,,2.363544464111328,global_scalar_z,49
ALL/all,,2.363499402999878,global_scalar_z,1368
AMASS/train,,2.362614393234253,global_scalar_z,333
AMASS/all,,2.362614393234253,global_scalar_z,333
ALL/all,,2.3625166416168213,global_scalar_z,381
ALL/all,,2.36142635345459,global_scalar_z,677
AMASS/train,,2.3613293170928955,global_scalar_z,381
AMASS/all,,2.3613293170928955,global_scalar_z,381
ALL/all,,2.361297369003296,global_scalar_z,793
AMASS/train,,2.3602375984191895,global_scalar_z,677
AMASS/all,,2.3602375984191895,global_scalar_z,677
AMASS/train,,2.3601086139678955,global_scalar_z,793
AMASS/all,,2.3601086139678955,global_scalar_z,793
ALL/all,,2.3599417209625244,global_scalar_z,449
ALL/all,,2.3596584796905518,global_scalar_z,801
ALL/all,,2.3593716621398926,global_scalar_z,1316
AMASS/train,,2.358751058578491,global_scalar_z,449
AMASS/all,,2.358751058578491,global_scalar_z,449
AMASS/train,,2.3584678173065186,global_scalar_z,801
AMASS/all,,2.3584678173065186,global_scalar_z,801
ALL/all,,2.357980251312256,global_scalar_z,761
ALL/all,,2.3575618267059326,global_scalar_z,31
AMASS/train,,2.3568263053894043,global_scalar_z,705
AMASS/all,,2.3568263053894043,global_scalar_z,705
AMASS/train,,2.3567874431610107,global_scalar_z,761
AMASS/all,,2.3567874431610107,global_scalar_z,761
ALL/all,,2.3562607765197754,global_scalar_z,833
AMASS/train,,2.35587739944458,global_scalar_z,1253
AMASS/all,,2.35587739944458,global_scalar_z,1253
ALL/all,,2.355147361755371,global_scalar_z,393
AMASS/train,,2.3550660610198975,global_scalar_z,833
AMASS/all,,2.3550660610198975,global_scalar_z,833
TotalCapture/all,,2.3540499210357666,global_scalar_z,42
AMASS/train,,2.3539514541625977,global_scalar_z,393
AMASS/all,,2.3539514541625977,global_scalar_z,393
AMASS/train,,2.3518121242523193,global_scalar_z,593
AMASS/all,,2.3518121242523193,global_scalar_z,593
AMASS/train,,2.351435661315918,global_scalar_z,1053
AMASS/all,,2.351435661315918,global_scalar_z,1053
AMASS/train,,2.3507747650146484,global_scalar_z,299
AMASS/all,,2.3507747650146484,global_scalar_z,299
ALL/all,,2.350202798843384,global_scalar_z,705
ALL/all,,2.349255084991455,global_scalar_z,1253
ALL/all,,2.346733808517456,global_scalar_z,105
ALL/all,,2.345785140991211,global_scalar_z,305
AMASS/train,,2.3455281257629395,global_scalar_z,105
AMASS/all,,2.3455281257629395,global_scalar_z,105
ALL/all,,2.3451945781707764,global_scalar_z,593
ALL/all,,2.344818353652954,global_scalar_z,1053
ALL/all,,2.3447628021240234,global_scalar_z,1225
AMASS/train,,2.344578504562378,global_scalar_z,305
AMASS/all,,2.344578504562378,global_scalar_z,305
ALL/all,,2.344158172607422,global_scalar_z,299
ALL/all,,2.343637228012085,global_scalar_z,843
AMASS/train,,2.343554973602295,global_scalar_z,1225
AMASS/all,,2.343554973602295,global_scalar_z,1225
ALL/all,,2.3432440757751465,global_scalar_z,1173
AMASS/train,,2.342427968978882,global_scalar_z,843
AMASS/all,,2.342427968978882,global_scalar_z,843
AMASS/train,,2.342034339904785,global_scalar_z,1173
AMASS/all,,2.342034339904785,global_scalar_z,1173
ALL/all,,2.3396172523498535,global_scalar_z,55
ALL/all,,2.339355707168579,global_scalar_z,147
AMASS/train,,2.3384034633636475,global_scalar_z,55
AMASS/all,,2.3384034633636475,global_scalar_z,55
AMASS/train,,2.338141679763794,global_scalar_z,147
AMASS/all,,2.338141679763794,global_scalar_z,147
DIP/all,,2.337052345275879,global_scalar_z,0
AMASS/train,,2.336827278137207,global_scalar_z,135
AMASS/all,,2.336827278137207,global_scalar_z,135
ALL/all,,2.33603835105896,global_scalar_z,323
AMASS/train,,2.3353822231292725,global_scalar_z,837
AMASS/all,,2.3353822231292725,global_scalar_z,837
AMASS/train,,2.33482027053833,global_scalar_z,323
AMASS/all,,2.33482027053833,global_scalar_z,323
ALL/all,,2.333498239517212,global_scalar_z,1237
AMASS/train,,2.332874298095703,global_scalar_z,1107
AMASS/all,,2.332874298095703,global_scalar_z,1107
AMASS/train,,2.3322770595550537,global_scalar_z,1237
AMASS/all,,2.3322770595550537,global_scalar_z,1237
ALL/all,,2.331951379776001,global_scalar_z,1369
AMASS/train,,2.3310835361480713,global_scalar_z,153
AMASS/all,,2.3310835361480713,global_scalar_z,153
ALL/all,,2.3302268981933594,global_scalar_z,135
ALL/all,,2.3292925357818604,global_scalar_z,581
ALL/all,,2.3287832736968994,global_scalar_z,837
ALL/all,,2.3285298347473145,global_scalar_z,431
AMASS/train,,2.32806658744812,global_scalar_z,581
AMASS/all,,2.32806658744812,global_scalar_z,581
ALL/all,,2.3279311656951904,global_scalar_z,1111
ALL/all,,2.327585458755493,global_scalar_z,365
AMASS/train,,2.327303171157837,global_scalar_z,431
AMASS/all,,2.327303171157837,global_scalar_z,431
AMASS/train,,2.3269612789154053,global_scalar_z,265
AMASS/all,,2.3269612789154053,global_scalar_z,265
AMASS/train,,2.3267037868499756,global_scalar_z,1111
AMASS/all,,2.3267037868499756,global_scalar_z,1111
ALL/all,,2.32645845413208,global_scalar_z,1370
AMASS/train,,2.326357841491699,global_scalar_z,365
AMASS/all,,2.326357841491699,global_scalar_z,365
ALL/all,,2.3262784481048584,global_scalar_z,1107
ALL/all,,2.3256866931915283,global_scalar_z,543
TotalCapture/train,,2.3248562812805176,global_scalar_z,10
ALL/all,,2.3244898319244385,global_scalar_z,153
AMASS/train,,2.3244566917419434,global_scalar_z,543
AMASS/all,,2.3244566917419434,global_scalar_z,543
ALL/all,,2.3242924213409424,global_scalar_z,321
ALL/all,,2.323101043701172,global_scalar_z,161
AMASS/train,,2.3230607509613037,global_scalar_z,321
AMASS/all,,2.3230607509613037,global_scalar_z,321
AMASS/train,,2.3227572441101074,global_scalar_z,453
AMASS/all,,2.3227572441101074,global_scalar_z,453
ALL/all,,2.3223953247070312,global_scalar_z,1113
AMASS/train,,2.3218679428100586,global_scalar_z,161
AMASS/all,,2.3218679428100586,global_scalar_z,161
ALL/all,,2.3217809200286865,global_scalar_z,463
ALL/all,,2.3217666149139404,global_scalar_z,903
ALL/all,,2.3215818405151367,global_scalar_z,1003
AMASS/train,,2.3215434551239014,global_scalar_z,287
AMASS/all,,2.3215434551239014,global_scalar_z,287
AMASS/train,,2.3211617469787598,global_scalar_z,1113
AMASS/all,,2.3211617469787598,global_scalar_z,1113
ALL/all,,2.3205559253692627,global_scalar_z,1093
AMASS/train,,2.3205463886260986,global_scalar_z,463
AMASS/all,,2.3205463886260986,global_scalar_z,463
AMASS/train,,2.3205323219299316,global_scalar_z,903
AMASS/all,,2.3205323219299316,global_scalar_z,903
ALL/all,,2.3203721046447754,global_scalar_z,265
AMASS/train,,2.3203470706939697,global_scalar_z,1003
AMASS/all,,2.3203470706939697,global_scalar_z,1003
AMASS/train,,2.3198914527893066,global_scalar_z,1263
AMASS/all,,2.3198914527893066,global_scalar_z,1263
ALL/all,,2.319514513015747,global_scalar_z,1303
AMASS/train,,2.3193199634552,global_scalar_z,1093
AMASS/all,,2.3193199634552,global_scalar_z,1093
AMASS/train,,2.3192403316497803,global_scalar_z,413
AMASS/all,,2.3192403316497803,global_scalar_z,413
TotalCapture/train,,2.3192176818847656,global_scalar_z,11
ALL/all,,2.318294048309326,global_scalar_z,63
TotalCapture/all,,2.3182435035705566,global_scalar_z,9
AMASS/train,,2.3182101249694824,global_scalar_z,119
AMASS/all,,2.3182101249694824,global_scalar_z,119
AMASS/train,,2.3170554637908936,global_scalar_z,63
AMASS/all,,2.3170554637908936,global_scalar_z,63
ALL/all,,2.3168044090270996,global_scalar_z,1317
ALL/all,,2.3164963722229004,global_scalar_z,1360
ALL/all,,2.3161730766296387,global_scalar_z,453
ALL/all,,2.316129446029663,global_scalar_z,559
ALL/all,,2.314960479736328,global_scalar_z,287
AMASS/train,,2.314905881881714,global_scalar_z,597
AMASS/all,,2.314905881881714,global_scalar_z,597
AMASS/train,,2.3148884773254395,global_scalar_z,559
AMASS/all,,2.3148884773254395,global_scalar_z,559
TotalCapture/all,,2.314100980758667,global_scalar_z,41
ALL/all,,2.3134918212890625,global_scalar_z,1363
ALL/all,,2.313310384750366,global_scalar_z,1263
ALL/all,,2.3128819465637207,global_scalar_z,219
ALL/all,,2.3126602172851562,global_scalar_z,413
ALL/all,,2.312204360961914,global_scalar_z,561
AMASS/train,,2.3116374015808105,global_scalar_z,219
AMASS/all,,2.3116374015808105,global_scalar_z,219
ALL/all,,2.311631202697754,global_scalar_z,119
AMASS/train,,2.3109588623046875,global_scalar_z,561
AMASS/all,,2.3109588623046875,global_scalar_z,561
ALL/all,,2.3105480670928955,global_scalar_z,631
AMASS/train,,2.31003737449646,global_scalar_z,473
AMASS/all,,2.31003737449646,global_scalar_z,473
ALL/all,,2.309525489807129,global_scalar_z,1201
AMASS/train,,2.309300422668457,global_scalar_z,631
AMASS/all,,2.309300422668457,global_scalar_z,631
ALL/all,,2.309041976928711,global_scalar_z,151
TotalCapture/train,,2.308990955352783,global_scalar_z,1
ALL/all,,2.308330535888672,global_scalar_z,597
AMASS/train,,2.308276891708374,global_scalar_z,1201
AMASS/all,,2.308276891708374,global_scalar_z,1201
AMASS/train,,2.307792901992798,global_scalar_z,151
AMASS/all,,2.307792901992798,global_scalar_z,151
ALL/all,,2.3069846630096436,global_scalar_z,1359
ALL/all,,2.306330680847168,global_scalar_z,913
ALL/all,,2.306239604949951,global_scalar_z,959
AMASS/train,,2.3060390949249268,global_scalar_z,917
AMASS/all,,2.3060390949249268,global_scalar_z,917
TotalCapture/train,,2.3059065341949463,global_scalar_z,4
ALL/all,,2.3051185607910156,global_scalar_z,1362
AMASS/train,,2.3050782680511475,global_scalar_z,913
AMASS/all,,2.3050782680511475,global_scalar_z,913
AMASS/train,,2.3049871921539307,global_scalar_z,959
AMASS/all,,2.3049871921539307,global_scalar_z,959
ALL/all,,2.3049404621124268,global_scalar_z,1361
ALL/all,,2.3034677505493164,global_scalar_z,473
AMASS/train,,2.30187726020813,global_scalar_z,1261
AMASS/all,,2.30187726020813,global_scalar_z,1261
ALL/all,,2.301706552505493,global_scalar_z,1319
AMASS/train,,2.3016183376312256,global_scalar_z,551
AMASS/all,,2.3016183376312256,global_scalar_z,551
DIP/test,,2.3004260063171387,global_scalar_z,5
ALL/all,,2.2994742393493652,global_scalar_z,917
TotalCapture/train,,2.2992265224456787,global_scalar_z,0
DIP/test,,2.2992165088653564,global_scalar_z,8
DIP/train,,2.2987866401672363,global_scalar_z,0
DIP/test,,2.297395944595337,global_scalar_z,0
TotalCapture/train,,2.2973110675811768,global_scalar_z,3
TotalCapture/train,,2.297128438949585,global_scalar_z,2
ALL/all,,2.296523094177246,global_scalar_z,23
AMASS/train,,2.295872688293457,global_scalar_z,587
AMASS/all,,2.295872688293457,global_scalar_z,587
ALL/all,,2.2956271171569824,global_scalar_z,1157
ALL/all,,2.2953169345855713,global_scalar_z,1261
AMASS/train,,2.2952592372894287,global_scalar_z,23
AMASS/all,,2.2952592372894287,global_scalar_z,23
ALL/all,,2.295058488845825,global_scalar_z,551
AMASS/train,,2.2943625450134277,global_scalar_z,1157
AMASS/all,,2.2943625450134277,global_scalar_z,1157
ALL/all,,2.293273448944092,global_scalar_z,1241
AMASS/train,,2.2921574115753174,global_scalar_z,29
AMASS/all,,2.2921574115753174,global_scalar_z,29
AMASS/train,,2.292006015777588,global_scalar_z,1241
AMASS/all,,2.292006015777588,global_scalar_z,1241
ALL/all,,2.2893192768096924,global_scalar_z,587
ALL/all,,2.2882978916168213,global_scalar_z,937
AMASS/train,,2.2882657051086426,global_scalar_z,1057
AMASS/all,,2.2882657051086426,global_scalar_z,1057
ALL/all,,2.2882649898529053,global_scalar_z,645
AMASS/train,,2.287024736404419,global_scalar_z,937
AMASS/all,,2.287024736404419,global_scalar_z,937
AMASS/train,,2.286991834640503,global_scalar_z,645
AMASS/all,,2.286991834640503,global_scalar_z,645
AMASS/train,,2.2862515449523926,global_scalar_z,765
AMASS/all,,2.2862515449523926,global_scalar_z,765
AMASS/train,,2.2856838703155518,global_scalar_z,961
AMASS/all,,2.2856838703155518,global_scalar_z,961
ALL/all,,2.2856082916259766,global_scalar_z,29
ALL/all,,2.285585641860962,global_scalar_z,1133
AMASS/train,,2.2843093872070312,global_scalar_z,1133
AMASS/all,,2.2843093872070312,global_scalar_z,1133
AMASS/train,,2.28425669670105,global_scalar_z,735
AMASS/all,,2.28425669670105,global_scalar_z,735
AMASS/train,,2.2840447425842285,global_scalar_z,963
AMASS/all,,2.2840447425842285,global_scalar_z,963
ALL/all,,2.282933473587036,global_scalar_z,1401
AMASS/train,,2.282261371612549,global_scalar_z,881
AMASS/all,,2.282261371612549,global_scalar_z,881
ALL/all,,2.281721353530884,global_scalar_z,1057
TotalCapture/all,,2.280350685119629,global_scalar_z,10
ALL/all,,2.279963254928589,global_scalar_z,25
ALL/all,,2.2797093391418457,global_scalar_z,765
ALL/all,,2.279669761657715,global_scalar_z,887
ALL/all,,2.279592514038086,global_scalar_z,1141
AMASS/train,,2.2794344425201416,global_scalar_z,1009
AMASS/all,,2.2794344425201416,global_scalar_z,1009
TotalCapture/all,,2.2793784141540527,global_scalar_z,44
ALL/all,,2.279142379760742,global_scalar_z,961
AMASS/train,,2.2786805629730225,global_scalar_z,25
AMASS/all,,2.2786805629730225,global_scalar_z,25
ALL/all,,2.2784430980682373,global_scalar_z,771
AMASS/train,,2.2784109115600586,global_scalar_z,3
AMASS/all,,2.2784109115600586,global_scalar_z,3
AMASS/train,,2.2783865928649902,global_scalar_z,887
AMASS/all,,2.2783865928649902,global_scalar_z,887
AMASS/train,,2.2783093452453613,global_scalar_z,1141
AMASS/all,,2.2783093452453613,global_scalar_z,1141
ALL/all,,2.277716875076294,global_scalar_z,735
ALL/all,,2.2775051593780518,global_scalar_z,963
AMASS/train,,2.277158737182617,global_scalar_z,771
AMASS/all,,2.277158737182617,global_scalar_z,771
ALL/all,,2.276243209838867,global_scalar_z,567
ALL/all,,2.275723695755005,global_scalar_z,881
ALL/all,,2.2754323482513428,global_scalar_z,17
AMASS/train,,2.274956226348877,global_scalar_z,567
AMASS/all,,2.274956226348877,global_scalar_z,567
TotalCapture/all,,2.274834632873535,global_scalar_z,11
DIP/all,,2.274797201156616,global_scalar_z,19
AMASS/train,,2.2745227813720703,global_scalar_z,1271
AMASS/all,,2.2745227813720703,global_scalar_z,1271
ALL/all,,2.2743518352508545,global_scalar_z,751
AMASS/train,,2.274144411087036,global_scalar_z,17
AMASS/all,,2.274144411087036,global_scalar_z,17
ALL/all,,2.2735331058502197,global_scalar_z,1063
AMASS/train,,2.2730627059936523,global_scalar_z,751
AMASS/all,,2.2730627059936523,global_scalar_z,751
ALL/all,,2.272900104522705,global_scalar_z,1009
AMASS/train,,2.272242784500122,global_scalar_z,1063
AMASS/all,,2.272242784500122,global_scalar_z,1063
ALL/all,,2.272075653076172,global_scalar_z,1185
AMASS/train,,2.271934986114502,global_scalar_z,1159
AMASS/all,,2.271934986114502,global_scalar_z,1159
DIP/test,,2.271918773651123,global_scalar_z,9
ALL/all,,2.2718846797943115,global_scalar_z,1365
ALL/all,,2.2718777656555176,global_scalar_z,3
ALL/all,,2.271461248397827,global_scalar_z,481
AMASS/train,,2.2707839012145996,global_scalar_z,1185
AMASS/all,,2.2707839012145996,global_scalar_z,1185
AMASS/train,,2.2701687812805176,global_scalar_z,481
AMASS/all,,2.2701687812805176,global_scalar_z,481
ALL/all,,2.2679941654205322,global_scalar_z,1271
AMASS/train,,2.2675368785858154,global_scalar_z,1073
AMASS/all,,2.2675368785858154,global_scalar_z,1073
AMASS/train,,2.267488479614258,global_scalar_z,867
AMASS/all,,2.267488479614258,global_scalar_z,867
AMASS/train,,2.2672436237335205,global_scalar_z,123
AMASS/all,,2.2672436237335205,global_scalar_z,123
DIP/test,,2.266592025756836,global_scalar_z,2
DIP/all,,2.2659294605255127,global_scalar_z,5
ALL/all,,2.265894651412964,global_scalar_z,867
ALL/all,,2.265409231185913,global_scalar_z,1159
AMASS/train,,2.2650015354156494,global_scalar_z,459
AMASS/all,,2.2650015354156494,global_scalar_z,459
TotalCapture/all,,2.2648303508758545,global_scalar_z,1
ALL/all,,2.26472806930542,global_scalar_z,1391
DIP/all,,2.2646944522857666,global_scalar_z,18
AMASS/train,,2.2632923126220703,global_scalar_z,545
AMASS/all,,2.2632923126220703,global_scalar_z,545
TotalCapture/train,,2.2631947994232178,global_scalar_z,6
ALL/all,,2.263062000274658,global_scalar_z,1310
ALL/all,,2.263052463531494,global_scalar_z,1320
TotalCapture/all,,2.261812925338745,global_scalar_z,4
AMASS/train,,2.2615883350372314,global_scalar_z,77
AMASS/all,,2.2615883350372314,global_scalar_z,77
ALL/all,,2.261401414871216,global_scalar_z,97
ALL/all,,2.261016368865967,global_scalar_z,1073
ALL/all,,2.260723352432251,global_scalar_z,123
AMASS/train,,2.260700225830078,global_scalar_z,693
AMASS/all,,2.260700225830078,global_scalar_z,693
AMASS/train,,2.2600972652435303,global_scalar_z,97
AMASS/all,,2.2600972652435303,global_scalar_z,97
ALL/all,,2.2600302696228027,global_scalar_z,1364
ALL/all,,2.259092092514038,global_scalar_z,1207
ALL/all,,2.25848388671875,global_scalar_z,459
AMASS/train,,2.2577853202819824,global_scalar_z,1207
AMASS/all,,2.2577853202819824,global_scalar_z,1207
ALL/all,,2.257524013519287,global_scalar_z,1306
ALL/all,,2.256986618041992,global_scalar_z,283
ALL/all,,2.2569100856781006,global_scalar_z,781
ALL/all,,2.2567765712738037,global_scalar_z,545
TotalCapture/train,,2.2558481693267822,global_scalar_z,32
AMASS/train,,2.2556772232055664,global_scalar_z,283
AMASS/all,,2.2556772232055664,global_scalar_z,283
AMASS/train,,2.255600690841675,global_scalar_z,781
AMASS/all,,2.255600690841675,global_scalar_z,781
AMASS/train,,2.255434989929199,global_scalar_z,1279
AMASS/all,,2.255434989929199,global_scalar_z,1279
TotalCapture/all,,2.2552781105041504,global_scalar_z,0
ALL/all,,2.2550747394561768,global_scalar_z,77
DIP/test,,2.254744291305542,global_scalar_z,13
ALL/all,,2.254657030105591,global_scalar_z,809
ALL/all,,2.2543370723724365,global_scalar_z,1233
ALL/all,,2.25418758392334,global_scalar_z,693
TotalCapture/all,,2.253404378890991,global_scalar_z,3
AMASS/train,,2.253345251083374,global_scalar_z,809
AMASS/all,,2.253345251083374,global_scalar_z,809
TotalCapture/all,,2.253225564956665,global_scalar_z,2
AMASS/train,,2.2530248165130615,global_scalar_z,1233
AMASS/all,,2.2530248165130615,global_scalar_z,1233
AMASS/train,,2.2522597312927246,global_scalar_z,553
AMASS/all,,2.2522597312927246,global_scalar_z,553
ALL/all,,2.251840829849243,global_scalar_z,345
TotalCapture/train,,2.251025676727295,global_scalar_z,5
AMASS/train,,2.25052547454834,global_scalar_z,345
AMASS/all,,2.25052547454834,global_scalar_z,345
ALL/all,,2.2499587535858154,global_scalar_z,1199
ALL/all,,2.2489283084869385,global_scalar_z,1279
AMASS/train,,2.2486414909362793,global_scalar_z,1199
AMASS/all,,2.2486414909362793,global_scalar_z,1199
ALL/all,,2.248206615447998,global_scalar_z,749
ALL/all,,2.2479794025421143,global_scalar_z,999
ALL/all,,2.2479441165924072,global_scalar_z,451
AMASS/train,,2.247695207595825,global_scalar_z,391
AMASS/all,,2.247695207595825,global_scalar_z,391
AMASS/train,,2.246960401535034,global_scalar_z,167
AMASS/all,,2.246960401535034,global_scalar_z,167
AMASS/train,,2.24688720703125,global_scalar_z,749
AMASS/all,,2.24688720703125,global_scalar_z,749
ALL/all,,2.2468321323394775,global_scalar_z,429
ALL/all,,2.2468016147613525,global_scalar_z,211
AMASS/train,,2.246659755706787,global_scalar_z,999
AMASS/all,,2.246659755706787,global_scalar_z,999
AMASS/train,,2.24662446975708,global_scalar_z,451
AMASS/all,,2.24662446975708,global_scalar_z,451
ALL/all,,2.2457568645477295,global_scalar_z,553
AMASS/train,,2.245511054992676,global_scalar_z,429
AMASS/all,,2.245511054992676,global_scalar_z,429
AMASS/train,,2.24548077583313,global_scalar_z,211
AMASS/all,,2.24548077583313,global_scalar_z,211
DIP/all,,2.244896650314331,global_scalar_z,12
ALL/all,,2.2442076206207275,global_scalar_z,1129
ALL/all,,2.2431528568267822,global_scalar_z,1400
ALL/all,,2.2430102825164795,global_scalar_z,175
AMASS/train,,2.2429749965667725,global_scalar_z,1049
AMASS/all,,2.2429749965667725,global_scalar_z,1049
AMASS/train,,2.2428836822509766,global_scalar_z,1129
AMASS/all,,2.2428836822509766,global_scalar_z,1129
AMASS/train,,2.241684913635254,global_scalar_z,175
AMASS/all,,2.241684913635254,global_scalar_z,175
AMASS/train,,2.241346597671509,global_scalar_z,103
AMASS/all,,2.241346597671509,global_scalar_z,103
ALL/all,,2.241197347640991,global_scalar_z,391
AMASS/train,,2.2409589290618896,global_scalar_z,73
AMASS/all,,2.2409589290618896,global_scalar_z,73
ALL/all,,2.2407753467559814,global_scalar_z,19
ALL/all,,2.2404634952545166,global_scalar_z,167
ALL/all,,2.2400944232940674,global_scalar_z,919
ALL/all,,2.2399394512176514,global_scalar_z,209
AMASS/train,,2.2394473552703857,global_scalar_z,19
AMASS/all,,2.2394473552703857,global_scalar_z,19
AMASS/train,,2.2393381595611572,global_scalar_z,13
AMASS/all,,2.2393381595611572,global_scalar_z,13
AMASS/train,,2.2387657165527344,global_scalar_z,919
AMASS/all,,2.2387657165527344,global_scalar_z,919
AMASS/train,,2.2386105060577393,global_scalar_z,209
AMASS/all,,2.2386105060577393,global_scalar_z,209
ALL/all,,2.2380595207214355,global_scalar_z,547
ALL/all,,2.2379684448242188,global_scalar_z,461
AMASS/train,,2.2367284297943115,global_scalar_z,547
AMASS/all,,2.2367284297943115,global_scalar_z,547
AMASS/train,,2.2366373538970947,global_scalar_z,461
AMASS/all,,2.2366373538970947,global_scalar_z,461
ALL/all,,2.236482858657837,global_scalar_z,1049
ALL/all,,2.236143112182617,global_scalar_z,247
ALL/all,,2.2360129356384277,global_scalar_z,1181
ALL/all,,2.235646963119507,global_scalar_z,229
ALL/all,,2.234856367111206,global_scalar_z,103
DIP/train,,2.234835624694824,global_scalar_z,18
AMASS/train,,2.2348098754882812,global_scalar_z,247
AMASS/all,,2.2348098754882812,global_scalar_z,247
AMASS/train,,2.2346794605255127,global_scalar_z,1181
AMASS/all,,2.2346794605255127,global_scalar_z,1181
ALL/all,,2.234468936920166,global_scalar_z,73
AMASS/train,,2.2343132495880127,global_scalar_z,229
AMASS/all,,2.2343132495880127,global_scalar_z,229
ALL/all,,2.234052896499634,global_scalar_z,763
ALL/all,,2.2328500747680664,global_scalar_z,13
AMASS/train,,2.232717275619507,global_scalar_z,763
AMASS/all,,2.232717275619507,global_scalar_z,763
ALL/all,,2.231593608856201,global_scalar_z,131
ALL/all,,2.231093168258667,global_scalar_z,703
DIP/train,,2.2309494018554688,global_scalar_z,19
ALL/all,,2.2305777072906494,global_scalar_z,193
AMASS/train,,2.230255126953125,global_scalar_z,131
AMASS/all,,2.230255126953125,global_scalar_z,131
ALL/all,,2.230027437210083,global_scalar_z,957
AMASS/train,,2.2297539710998535,global_scalar_z,703
AMASS/all,,2.2297539710998535,global_scalar_z,703
ALL/all,,2.2296688556671143,global_scalar_z,1265
ALL/all,,2.229304790496826,global_scalar_z,1033
AMASS/train,,2.2292380332946777,global_scalar_z,193
AMASS/all,,2.2292380332946777,global_scalar_z,193
AMASS/train,,2.228968381881714,global_scalar_z,1219
AMASS/all,,2.228968381881714,global_scalar_z,1219
AMASS/train,,2.228687047958374,global_scalar_z,957
AMASS/all,,2.228687047958374,global_scalar_z,957
AMASS/train,,2.228328227996826,global_scalar_z,1265
AMASS/all,,2.228328227996826,global_scalar_z,1265
ALL/all,,2.2283146381378174,global_scalar_z,953
AMASS/train,,2.228231906890869,global_scalar_z,489
AMASS/all,,2.228231906890869,global_scalar_z,489
AMASS/train,,2.22796368598938,global_scalar_z,1033
AMASS/all,,2.22796368598938,global_scalar_z,1033
AMASS/train,,2.2269723415374756,global_scalar_z,953
AMASS/all,,2.2269723415374756,global_scalar_z,953
AMASS/train,,2.226956367492676,global_scalar_z,217
AMASS/all,,2.226956367492676,global_scalar_z,217
ALL/all,,2.225919246673584,global_scalar_z,39
AMASS/train,,2.2259140014648438,global_scalar_z,357
AMASS/all,,2.2259140014648438,global_scalar_z,357
AMASS/train,,2.2250967025756836,global_scalar_z,1259
AMASS/all,,2.2250967025756836,global_scalar_z,1259
ALL/all,,2.224853754043579,global_scalar_z,243
AMASS/train,,2.224684715270996,global_scalar_z,923
AMASS/all,,2.224684715270996,global_scalar_z,923
AMASS/train,,2.224574327468872,global_scalar_z,39
AMASS/all,,2.224574327468872,global_scalar_z,39
AMASS/train,,2.2239813804626465,global_scalar_z,713
AMASS/all,,2.2239813804626465,global_scalar_z,713
AMASS/train,,2.2235074043273926,global_scalar_z,243
AMASS/all,,2.2235074043273926,global_scalar_z,243
ALL/all,,2.222492218017578,global_scalar_z,1219
DIP/train,,2.2222256660461426,global_scalar_z,5
ALL/all,,2.22175669670105,global_scalar_z,489
ALL/all,,2.2205557823181152,global_scalar_z,1165
ALL/all,,2.220482587814331,global_scalar_z,217
ALL/all,,2.220271110534668,global_scalar_z,1345
TotalCapture/all,,2.2201011180877686,global_scalar_z,38
TotalCapture/all,,2.220029830932617,global_scalar_z,6
AMASS/train,,2.219994068145752,global_scalar_z,687
AMASS/all,,2.219994068145752,global_scalar_z,687
ALL/all,,2.219521999359131,global_scalar_z,301
ALL/all,,2.2194414138793945,global_scalar_z,357
AMASS/train,,2.2192046642303467,global_scalar_z,1165
AMASS/all,,2.2192046642303467,global_scalar_z,1165
ALL/all,,2.2190723419189453,global_scalar_z,1348
ALL/all,,2.218625068664551,global_scalar_z,1259
ALL/all,,2.218383312225342,global_scalar_z,295
ALL/all,,2.2182135581970215,global_scalar_z,923
AMASS/train,,2.218169689178467,global_scalar_z,301
AMASS/all,,2.218169689178467,global_scalar_z,301
ALL/all,,2.217953681945801,global_scalar_z,1318
ALL/all,,2.21755051612854,global_scalar_z,727
ALL/all,,2.217510938644409,global_scalar_z,713
ALL/all,,2.2172679901123047,global_scalar_z,1340
AMASS/train,,2.217029571533203,global_scalar_z,295
AMASS/all,,2.217029571533203,global_scalar_z,295
ALL/all,,2.216573715209961,global_scalar_z,1163
ALL/all,,2.216560125350952,global_scalar_z,1337
DIP/test,,2.216535806655884,global_scalar_z,10
AMASS/train,,2.216195583343506,global_scalar_z,727
AMASS/all,,2.216195583343506,global_scalar_z,727
ALL/all,,2.216125011444092,global_scalar_z,1395
AMASS/train,,2.2153186798095703,global_scalar_z,12
AMASS/all,,2.2153186798095703,global_scalar_z,12
AMASS/train,,2.2152178287506104,global_scalar_z,1163
AMASS/all,,2.2152178287506104,global_scalar_z,1163
ALL/all,,2.2150144577026367,global_scalar_z,589
ALL/all,,2.2136993408203125,global_scalar_z,921
AMASS/train,,2.2136569023132324,global_scalar_z,589
AMASS/all,,2.2136569023132324,global_scalar_z,589
ALL/all,,2.2135281562805176,global_scalar_z,687
AMASS/train,,2.213416814804077,global_scalar_z,47
AMASS/all,,2.213416814804077,global_scalar_z,47
ALL/all,,2.21293306350708,global_scalar_z,533
TotalCapture/all,,2.212843179702759,global_scalar_z,32
AMASS/train,,2.2123401165008545,global_scalar_z,921
AMASS/all,,2.2123401165008545,global_scalar_z,921
AMASS/train,,2.2117550373077393,global_scalar_z,513
AMASS/all,,2.2117550373077393,global_scalar_z,513
AMASS/train,,2.2115728855133057,global_scalar_z,533
AMASS/all,,2.2115728855133057,global_scalar_z,533
ALL/all,,2.2097907066345215,global_scalar_z,1307
ALL/all,,2.20886492729187,global_scalar_z,1334
ALL/all,,2.2088582515716553,global_scalar_z,12
ALL/all,,2.2087557315826416,global_scalar_z,1341
ALL/all,,2.2085764408111572,global_scalar_z,1403
DIP/all,,2.208436965942383,global_scalar_z,21
TotalCapture/all,,2.208125352859497,global_scalar_z,5
ALL/all,,2.206958770751953,global_scalar_z,47
ALL/all,,2.206923007965088,global_scalar_z,973
ALL/all,,2.2063839435577393,global_scalar_z,1349
ALL/all,,2.2062008380889893,global_scalar_z,1125
AMASS/train,,2.2055561542510986,global_scalar_z,973
AMASS/all,,2.2055561542510986,global_scalar_z,973
ALL/all,,2.205298662185669,global_scalar_z,513
AMASS/train,,2.2048330307006836,global_scalar_z,1125
AMASS/all,,2.2048330307006836,global_scalar_z,1125
ALL/all,,2.203763961791992,global_scalar_z,1366
DIP/all,,2.2031502723693848,global_scalar_z,47
ALL/all,,2.2030014991760254,global_scalar_z,15
AMASS/train,,2.2021641731262207,global_scalar_z,233
AMASS/all,,2.2021641731262207,global_scalar_z,233
DIP/all,,2.2019808292388916,global_scalar_z,50
AMASS/train,,2.201630115509033,global_scalar_z,15
AMASS/all,,2.201630115509033,global_scalar_z,15
DIP/train,,2.2015342712402344,global_scalar_z,12
AMASS/train,,2.200836420059204,global_scalar_z,757
AMASS/all,,2.200836420059204,global_scalar_z,757
AMASS/train,,2.200795888900757,global_scalar_z,427
AMASS/all,,2.200795888900757,global_scalar_z,427
DIP/all,,2.2002203464508057,global_scalar_z,42
DIP/test,,2.1995511054992676,global_scalar_z,1
ALL/all,,2.198733329772949,global_scalar_z,1374
ALL/all,,2.1981546878814697,global_scalar_z,1115
ALL/all,,2.197838306427002,global_scalar_z,1351
AMASS/train,,2.196777582168579,global_scalar_z,1115
AMASS/all,,2.196777582168579,global_scalar_z,1115
AMASS/train,,2.1963629722595215,global_scalar_z,1017
AMASS/all,,2.1963629722595215,global_scalar_z,1017
ALL/all,,2.195995807647705,global_scalar_z,45
ALL/all,,2.195718765258789,global_scalar_z,233
AMASS/train,,2.195544481277466,global_scalar_z,93
AMASS/all,,2.195544481277466,global_scalar_z,93
AMASS/train,,2.1952881813049316,global_scalar_z,659
AMASS/all,,2.1952881813049316,global_scalar_z,659
ALL/all,,2.194896936416626,global_scalar_z,235
AMASS/train,,2.1946160793304443,global_scalar_z,45
AMASS/all,,2.1946160793304443,global_scalar_z,45
ALL/all,,2.194392681121826,global_scalar_z,757
ALL/all,,2.194352149963379,global_scalar_z,427
AMASS/train,,2.1940417289733887,global_scalar_z,48
AMASS/all,,2.1940417289733887,global_scalar_z,48
AMASS/train,,2.1939899921417236,global_scalar_z,16
AMASS/all,,2.1939899921417236,global_scalar_z,16
AMASS/train,,2.1935160160064697,global_scalar_z,235
AMASS/all,,2.1935160160064697,global_scalar_z,235
ALL/all,,2.193269729614258,global_scalar_z,1390
TotalCapture/train,,2.193265438079834,global_scalar_z,7
AMASS/train,,2.1930203437805176,global_scalar_z,30
AMASS/all,,2.1930203437805176,global_scalar_z,30
DIP/all,,2.1929256916046143,global_scalar_z,9
ALL/all,,2.192688226699829,global_scalar_z,621
ALL/all,,2.1926870346069336,global_scalar_z,221
ALL/all,,2.1925740242004395,global_scalar_z,1335
AMASS/train,,2.1923372745513916,global_scalar_z,348
AMASS/all,,2.1923372745513916,global_scalar_z,348
ALL/all,,2.1920504570007324,global_scalar_z,255
AMASS/train,,2.191439151763916,global_scalar_z,182
AMASS/all,,2.191439151763916,global_scalar_z,182
AMASS/train,,2.191304922103882,global_scalar_z,621
AMASS/all,,2.191304922103882,global_scalar_z,621
AMASS/train,,2.1913034915924072,global_scalar_z,221
AMASS/all,,2.1913034915924072,global_scalar_z,221
ALL/all,,2.190842866897583,global_scalar_z,787
AMASS/train,,2.190786838531494,global_scalar_z,188
AMASS/all,,2.190786838531494,global_scalar_z,188
AMASS/train,,2.1907646656036377,global_scalar_z,354
AMASS/all,,2.1907646656036377,global_scalar_z,354
AMASS/train,,2.1907405853271484,global_scalar_z,186
AMASS/all,,2.1907405853271484,global_scalar_z,186
AMASS/train,,2.190666437149048,global_scalar_z,255
AMASS/all,,2.190666437149048,global_scalar_z,255
AMASS/train,,2.1905131340026855,global_scalar_z,184
AMASS/all,,2.1905131340026855,global_scalar_z,184
DIP/test,,2.1904373168945312,global_scalar_z,6
AMASS/train,,2.190195322036743,global_scalar_z,174
AMASS/all,,2.190195322036743,global_scalar_z,174
AMASS/train,,2.1901700496673584,global_scalar_z,350
AMASS/all,,2.1901700496673584,global_scalar_z,350
AMASS/train,,2.190109968185425,global_scalar_z,568
AMASS/all,,2.190109968185425,global_scalar_z,568
AMASS/train,,2.190096139907837,global_scalar_z,176
AMASS/all,,2.190096139907837,global_scalar_z,176
ALL/all,,2.1899242401123047,global_scalar_z,1017
ALL/all,,2.1898484230041504,global_scalar_z,1308
AMASS/train,,2.189744472503662,global_scalar_z,369
AMASS/all,,2.189744472503662,global_scalar_z,369
AMASS/train,,2.189720869064331,global_scalar_z,172
AMASS/all,,2.189720869064331,global_scalar_z,172
AMASS/train,,2.189457416534424,global_scalar_z,787
AMASS/all,,2.189457416534424,global_scalar_z,787
AMASS/train,,2.1894497871398926,global_scalar_z,156
AMASS/all,,2.1894497871398926,global_scalar_z,156
AMASS/train,,2.1893811225891113,global_scalar_z,158
AMASS/all,,2.1893811225891113,global_scalar_z,158
AMASS/train,,2.1893749237060547,global_scalar_z,356
AMASS/all,,2.1893749237060547,global_scalar_z,356
DIP/all,,2.1893038749694824,global_scalar_z,20
AMASS/train,,2.1893019676208496,global_scalar_z,418
AMASS/all,,2.1893019676208496,global_scalar_z,418
AMASS/train,,2.1892807483673096,global_scalar_z,408
AMASS/all,,2.1892807483673096,global_scalar_z,408
AMASS/train,,2.1891419887542725,global_scalar_z,168
AMASS/all,,2.1891419887542725,global_scalar_z,168
ALL/all,,2.1891067028045654,global_scalar_z,93
AMASS/train,,2.189095973968506,global_scalar_z,152
AMASS/all,,2.189095973968506,global_scalar_z,152
AMASS/train,,2.1890180110931396,global_scalar_z,572
AMASS/all,,2.1890180110931396,global_scalar_z,572
AMASS/train,,2.1890037059783936,global_scalar_z,154
AMASS/all,,2.1890037059783936,global_scalar_z,154
AMASS/train,,2.1890006065368652,global_scalar_z,178
AMASS/all,,2.1890006065368652,global_scalar_z,178
AMASS/train,,2.1888890266418457,global_scalar_z,970
AMASS/all,,2.1888890266418457,global_scalar_z,970
ALL/all,,2.1888506412506104,global_scalar_z,659
ALL/all,,2.1888132095336914,global_scalar_z,223
AMASS/train,,2.188809871673584,global_scalar_z,574
AMASS/all,,2.188809871673584,global_scalar_z,574
AMASS/train,,2.1887922286987305,global_scalar_z,466
AMASS/all,,2.1887922286987305,global_scalar_z,466
AMASS/train,,2.18872332572937,global_scalar_z,166
AMASS/all,,2.18872332572937,global_scalar_z,166
AMASS/train,,2.1886255741119385,global_scalar_z,976
AMASS/all,,2.1886255741119385,global_scalar_z,976
AMASS/train,,2.1885852813720703,global_scalar_z,564
AMASS/all,,2.1885852813720703,global_scalar_z,564
AMASS/train,,2.1885273456573486,global_scalar_z,352
AMASS/all,,2.1885273456573486,global_scalar_z,352
AMASS/train,,2.188378095626831,global_scalar_z,1074
AMASS/all,,2.188378095626831,global_scalar_z,1074
TotalCapture/train,,2.1881015300750732,global_scalar_z,15
AMASS/train,,2.187981128692627,global_scalar_z,534
AMASS/all,,2.187981128692627,global_scalar_z,534
AMASS/train,,2.1879570484161377,global_scalar_z,22
AMASS/all,,2.1879570484161377,global_scalar_z,22
AMASS/train,,2.187913417816162,global_scalar_z,410
AMASS/all,,2.187913417816162,global_scalar_z,410
AMASS/train,,2.1878550052642822,global_scalar_z,570
AMASS/all,,2.1878550052642822,global_scalar_z,570
AMASS/train,,2.1877708435058594,global_scalar_z,170
AMASS/all,,2.1877708435058594,global_scalar_z,170
AMASS/train,,2.1876418590545654,global_scalar_z,966
AMASS/all,,2.1876418590545654,global_scalar_z,966
ALL/all,,2.187605857849121,global_scalar_z,48
ALL/all,,2.187554121017456,global_scalar_z,16
AMASS/train,,2.187476634979248,global_scalar_z,78
AMASS/all,,2.187476634979248,global_scalar_z,78
AMASS/train,,2.1874701976776123,global_scalar_z,964
AMASS/all,,2.1874701976776123,global_scalar_z,964
AMASS/train,,2.187425374984741,global_scalar_z,223
AMASS/all,,2.187425374984741,global_scalar_z,223
AMASS/train,,2.1873044967651367,global_scalar_z,562
AMASS/all,,2.1873044967651367,global_scalar_z,562
AMASS/train,,2.18715763092041,global_scalar_z,532
AMASS/all,,2.18715763092041,global_scalar_z,532
AMASS/train,,2.1871137619018555,global_scalar_z,1172
AMASS/all,,2.1871137619018555,global_scalar_z,1172
AMASS/train,,2.187018871307373,global_scalar_z,342
AMASS/all,,2.187018871307373,global_scalar_z,342
AMASS/train,,2.1869070529937744,global_scalar_z,440
AMASS/all,,2.1869070529937744,global_scalar_z,440
AMASS/train,,2.1868388652801514,global_scalar_z,20
AMASS/all,,2.1868388652801514,global_scalar_z,20
ALL/all,,2.186737060546875,global_scalar_z,1342
AMASS/train,,2.186717987060547,global_scalar_z,460
AMASS/all,,2.186717987060547,global_scalar_z,460
ALL/all,,2.1865856647491455,global_scalar_z,30
AMASS/train,,2.1865663528442383,global_scalar_z,56
AMASS/all,,2.1865663528442383,global_scalar_z,56
AMASS/train,,2.1864843368530273,global_scalar_z,566
AMASS/all,,2.1864843368530273,global_scalar_z,566
AMASS/train,,2.1863996982574463,global_scalar_z,544
AMASS/all,,2.1863996982574463,global_scalar_z,544
AMASS/train,,2.186375379562378,global_scalar_z,438
AMASS/all,,2.186375379562378,global_scalar_z,438
AMASS/train,,2.18635892868042,global_scalar_z,560
AMASS/all,,2.18635892868042,global_scalar_z,560
AMASS/train,,2.186253547668457,global_scalar_z,556
AMASS/all,,2.186253547668457,global_scalar_z,556
AMASS/train,,2.186231851577759,global_scalar_z,58
AMASS/all,,2.186231851577759,global_scalar_z,58
ALL/all,,2.18619704246521,global_scalar_z,779
ALL/all,,2.186152219772339,global_scalar_z,1302
AMASS/train,,2.186131477355957,global_scalar_z,180
AMASS/all,,2.186131477355957,global_scalar_z,180
AMASS/train,,2.186100959777832,global_scalar_z,542
AMASS/all,,2.186100959777832,global_scalar_z,542
ALL/all,,2.1860060691833496,global_scalar_z,563
AMASS/train,,2.185995101928711,global_scalar_z,458
AMASS/all,,2.185995101928711,global_scalar_z,458
AMASS/train,,2.185950756072998,global_scalar_z,554
AMASS/all,,2.185950756072998,global_scalar_z,554
AMASS/train,,2.185936212539673,global_scalar_z,428
AMASS/all,,2.185936212539673,global_scalar_z,428
ALL/all,,2.185903310775757,global_scalar_z,348
AMASS/train,,2.1858346462249756,global_scalar_z,344
AMASS/all,,2.1858346462249756,global_scalar_z,344
AMASS/train,,2.185673952102661,global_scalar_z,60
AMASS/all,,2.185673952102661,global_scalar_z,60
AMASS/train,,2.185659408569336,global_scalar_z,468
AMASS/all,,2.185659408569336,global_scalar_z,468
AMASS/train,,2.1856422424316406,global_scalar_z,436
AMASS/all,,2.1856422424316406,global_scalar_z,436
AMASS/train,,2.1855525970458984,global_scalar_z,472
AMASS/all,,2.1855525970458984,global_scalar_z,472
AMASS/train,,2.1854851245880127,global_scalar_z,462
AMASS/all,,2.1854851245880127,global_scalar_z,462
AMASS/train,,2.185452699661255,global_scalar_z,538
AMASS/all,,2.185452699661255,global_scalar_z,538
AMASS/train,,2.185239553451538,global_scalar_z,552
AMASS/all,,2.185239553451538,global_scalar_z,552
AMASS/train,,2.185238838195801,global_scalar_z,434
AMASS/all,,2.185238838195801,global_scalar_z,434
AMASS/train,,2.185227870941162,global_scalar_z,548
AMASS/all,,2.185227870941162,global_scalar_z,548
AMASS/train,,2.185213565826416,global_scalar_z,406
AMASS/all,,2.185213565826416,global_scalar_z,406
AMASS/train,,2.185213088989258,global_scalar_z,54
AMASS/all,,2.185213088989258,global_scalar_z,54
AMASS/train,,2.1852049827575684,global_scalar_z,190
AMASS/all,,2.1852049827575684,global_scalar_z,190
AMASS/train,,2.1851813793182373,global_scalar_z,480
AMASS/all,,2.1851813793182373,global_scalar_z,480
AMASS/train,,2.1851367950439453,global_scalar_z,456
AMASS/all,,2.1851367950439453,global_scalar_z,456
AMASS/train,,2.185124158859253,global_scalar_z,614
AMASS/all,,2.185124158859253,global_scalar_z,614
AMASS/train,,2.1851229667663574,global_scalar_z,108
AMASS/all,,2.1851229667663574,global_scalar_z,108
AMASS/train,,2.18503999710083,global_scalar_z,530
AMASS/all,,2.18503999710083,global_scalar_z,530
AMASS/train,,2.1850154399871826,global_scalar_z,68
AMASS/all,,2.1850154399871826,global_scalar_z,68
ALL/all,,2.1850061416625977,global_scalar_z,182
AMASS/train,,2.1849911212921143,global_scalar_z,346
AMASS/all,,2.1849911212921143,global_scalar_z,346
AMASS/train,,2.18496036529541,global_scalar_z,1048
AMASS/all,,2.18496036529541,global_scalar_z,1048
AMASS/train,,2.184938669204712,global_scalar_z,540
AMASS/all,,2.184938669204712,global_scalar_z,540
AMASS/train,,2.1849365234375,global_scalar_z,452
AMASS/all,,2.1849365234375,global_scalar_z,452
AMASS/train,,2.184894561767578,global_scalar_z,470
AMASS/all,,2.184894561767578,global_scalar_z,470
AMASS/train,,2.1848621368408203,global_scalar_z,536
AMASS/all,,2.1848621368408203,global_scalar_z,536
AMASS/train,,2.1848227977752686,global_scalar_z,612
AMASS/all,,2.1848227977752686,global_scalar_z,612
AMASS/train,,2.1848127841949463,global_scalar_z,610
AMASS/all,,2.1848127841949463,global_scalar_z,610
AMASS/train,,2.184807062149048,global_scalar_z,290
AMASS/all,,2.184807062149048,global_scalar_z,290
AMASS/train,,2.1848061084747314,global_scalar_z,779
AMASS/all,,2.1848061084747314,global_scalar_z,779
AMASS/train,,2.1847994327545166,global_scalar_z,898
AMASS/all,,2.1847994327545166,global_scalar_z,898
AMASS/train,,2.1847891807556152,global_scalar_z,1070
AMASS/all,,2.1847891807556152,global_scalar_z,1070
AMASS/train,,2.1847760677337646,global_scalar_z,636
AMASS/all,,2.1847760677337646,global_scalar_z,636
AMASS/train,,2.1847598552703857,global_scalar_z,550
AMASS/all,,2.1847598552703857,global_scalar_z,550
AMASS/train,,2.1847147941589355,global_scalar_z,648
AMASS/all,,2.1847147941589355,global_scalar_z,648
AMASS/train,,2.184701681137085,global_scalar_z,638
AMASS/all,,2.184701681137085,global_scalar_z,638
AMASS/train,,2.184670925140381,global_scalar_z,404
AMASS/all,,2.184670925140381,global_scalar_z,404
AMASS/train,,2.184626579284668,global_scalar_z,390
AMASS/all,,2.184626579284668,global_scalar_z,390
AMASS/train,,2.184614896774292,global_scalar_z,563
AMASS/all,,2.184614896774292,global_scalar_z,563
AMASS/train,,2.1846139430999756,global_scalar_z,1060
AMASS/all,,2.1846139430999756,global_scalar_z,1060
AMASS/train,,2.1846001148223877,global_scalar_z,420
AMASS/all,,2.1846001148223877,global_scalar_z,420
AMASS/train,,2.1845853328704834,global_scalar_z,80
AMASS/all,,2.1845853328704834,global_scalar_z,80
AMASS/train,,2.1845836639404297,global_scalar_z,288
AMASS/all,,2.1845836639404297,global_scalar_z,288
AMASS/train,,2.1845672130584717,global_scalar_z,72
AMASS/all,,2.1845672130584717,global_scalar_z,72
AMASS/train,,2.184560537338257,global_scalar_z,416
AMASS/all,,2.184560537338257,global_scalar_z,416
ALL/all,,2.1845579147338867,global_scalar_z,1117
AMASS/train,,2.1845271587371826,global_scalar_z,1108
AMASS/all,,2.1845271587371826,global_scalar_z,1108
AMASS/train,,2.1845221519470215,global_scalar_z,640
AMASS/all,,2.1845221519470215,global_scalar_z,640
AMASS/train,,2.184497356414795,global_scalar_z,646
AMASS/all,,2.184497356414795,global_scalar_z,646
AMASS/train,,2.184448480606079,global_scalar_z,106
AMASS/all,,2.184448480606079,global_scalar_z,106
AMASS/train,,2.1844258308410645,global_scalar_z,18
AMASS/all,,2.1844258308410645,global_scalar_z,18
ALL/all,,2.184354543685913,global_scalar_z,188
AMASS/train,,2.184342861175537,global_scalar_z,598
AMASS/all,,2.184342861175537,global_scalar_z,598
ALL/all,,2.1843371391296387,global_scalar_z,1311
ALL/all,,2.1843326091766357,global_scalar_z,354
AMASS/train,,2.1843316555023193,global_scalar_z,516
AMASS/all,,2.1843316555023193,global_scalar_z,516
ALL/all,,2.1843085289001465,global_scalar_z,186
AMASS/train,,2.1843032836914062,global_scalar_z,700
AMASS/all,,2.1843032836914062,global_scalar_z,700
AMASS/train,,2.184302568435669,global_scalar_z,432
AMASS/all,,2.184302568435669,global_scalar_z,432
AMASS/train,,2.184293270111084,global_scalar_z,454
AMASS/all,,2.184293270111084,global_scalar_z,454
AMASS/train,,2.1842281818389893,global_scalar_z,82
AMASS/all,,2.1842281818389893,global_scalar_z,82
AMASS/train,,2.184202194213867,global_scalar_z,632
AMASS/all,,2.184202194213867,global_scalar_z,632
AMASS/train,,2.184194326400757,global_scalar_z,642
AMASS/all,,2.184194326400757,global_scalar_z,642
AMASS/train,,2.1841933727264404,global_scalar_z,512
AMASS/all,,2.1841933727264404,global_scalar_z,512
AMASS/train,,2.18418025970459,global_scalar_z,704
AMASS/all,,2.18418025970459,global_scalar_z,704
AMASS/train,,2.184178590774536,global_scalar_z,464
AMASS/all,,2.184178590774536,global_scalar_z,464
AMASS/train,,2.184138298034668,global_scalar_z,634
AMASS/all,,2.184138298034668,global_scalar_z,634
AMASS/train,,2.1841371059417725,global_scalar_z,90
AMASS/all,,2.1841371059417725,global_scalar_z,90
ALL/all,,2.1840813159942627,global_scalar_z,184
AMASS/train,,2.1840739250183105,global_scalar_z,644
AMASS/all,,2.1840739250183105,global_scalar_z,644
AMASS/train,,2.1840732097625732,global_scalar_z,514
AMASS/all,,2.1840732097625732,global_scalar_z,514
AMASS/train,,2.1840338706970215,global_scalar_z,620
AMASS/all,,2.1840338706970215,global_scalar_z,620
AMASS/train,,2.1839661598205566,global_scalar_z,318
AMASS/all,,2.1839661598205566,global_scalar_z,318
AMASS/train,,2.183939218521118,global_scalar_z,596
AMASS/all,,2.183939218521118,global_scalar_z,596
AMASS/train,,2.183932065963745,global_scalar_z,630
AMASS/all,,2.183932065963745,global_scalar_z,630
AMASS/train,,2.1838862895965576,global_scalar_z,1122
AMASS/all,,2.1838862895965576,global_scalar_z,1122
AMASS/train,,2.1838834285736084,global_scalar_z,978
AMASS/all,,2.1838834285736084,global_scalar_z,978
AMASS/train,,2.183880567550659,global_scalar_z,842
AMASS/all,,2.183880567550659,global_scalar_z,842
AMASS/train,,2.183875322341919,global_scalar_z,840
AMASS/all,,2.183875322341919,global_scalar_z,840
AMASS/train,,2.1838719844818115,global_scalar_z,1177
AMASS/all,,2.1838719844818115,global_scalar_z,1177
AMASS/train,,2.1838648319244385,global_scalar_z,838
AMASS/all,,2.1838648319244385,global_scalar_z,838
AMASS/train,,2.1838433742523193,global_scalar_z,448
AMASS/all,,2.1838433742523193,global_scalar_z,448
AMASS/train,,2.183842420578003,global_scalar_z,328
AMASS/all,,2.183842420578003,global_scalar_z,328
AMASS/train,,2.1838245391845703,global_scalar_z,940
AMASS/all,,2.1838245391845703,global_scalar_z,940
AMASS/train,,2.1838228702545166,global_scalar_z,558
AMASS/all,,2.1838228702545166,global_scalar_z,558
AMASS/train,,2.1837942600250244,global_scalar_z,1052
AMASS/all,,2.1837942600250244,global_scalar_z,1052
AMASS/train,,2.1837751865386963,global_scalar_z,906
AMASS/all,,2.1837751865386963,global_scalar_z,906
ALL/all,,2.1837637424468994,global_scalar_z,174
AMASS/train,,2.1837477684020996,global_scalar_z,972
AMASS/all,,2.1837477684020996,global_scalar_z,972
ALL/all,,2.1837384700775146,global_scalar_z,350
AMASS/train,,2.1837172508239746,global_scalar_z,92
AMASS/all,,2.1837172508239746,global_scalar_z,92
AMASS/train,,2.1837081909179688,global_scalar_z,510
AMASS/all,,2.1837081909179688,global_scalar_z,510
AMASS/train,,2.1836936473846436,global_scalar_z,836
AMASS/all,,2.1836936473846436,global_scalar_z,836
AMASS/train,,2.183692693710327,global_scalar_z,850
AMASS/all,,2.183692693710327,global_scalar_z,850
AMASS/train,,2.183685779571533,global_scalar_z,104
AMASS/all,,2.183685779571533,global_scalar_z,104
AMASS/train,,2.183680772781372,global_scalar_z,34
AMASS/all,,2.183680772781372,global_scalar_z,34
ALL/all,,2.183678388595581,global_scalar_z,568
AMASS/train,,2.183677911758423,global_scalar_z,854
AMASS/all,,2.183677911758423,global_scalar_z,854
AMASS/train,,2.1836752891540527,global_scalar_z,938
AMASS/all,,2.1836752891540527,global_scalar_z,938
AMASS/train,,2.183668851852417,global_scalar_z,904
AMASS/all,,2.183668851852417,global_scalar_z,904
ALL/all,,2.1836647987365723,global_scalar_z,176
AMASS/train,,2.183661937713623,global_scalar_z,702
AMASS/all,,2.183661937713623,global_scalar_z,702
AMASS/train,,2.1836585998535156,global_scalar_z,980
AMASS/all,,2.1836585998535156,global_scalar_z,980
AMASS/train,,2.1836464405059814,global_scalar_z,297
AMASS/all,,2.1836464405059814,global_scalar_z,297
AMASS/train,,2.1836369037628174,global_scalar_z,32
AMASS/all,,2.1836369037628174,global_scalar_z,32
AMASS/train,,2.183614492416382,global_scalar_z,506
AMASS/all,,2.183614492416382,global_scalar_z,506
AMASS/train,,2.183600664138794,global_scalar_z,834
AMASS/all,,2.183600664138794,global_scalar_z,834
AMASS/train,,2.183589458465576,global_scalar_z,934
AMASS/all,,2.183589458465576,global_scalar_z,934
AMASS/train,,2.1835882663726807,global_scalar_z,24
AMASS/all,,2.1835882663726807,global_scalar_z,24
AMASS/train,,2.1835851669311523,global_scalar_z,912
AMASS/all,,2.1835851669311523,global_scalar_z,912
AMASS/train,,2.1835784912109375,global_scalar_z,920
AMASS/all,,2.1835784912109375,global_scalar_z,920
AMASS/train,,2.1835741996765137,global_scalar_z,902
AMASS/all,,2.1835741996765137,global_scalar_z,902
AMASS/train,,2.1835601329803467,global_scalar_z,122
AMASS/all,,2.1835601329803467,global_scalar_z,122
AMASS/train,,2.1835579872131348,global_scalar_z,930
AMASS/all,,2.1835579872131348,global_scalar_z,930
AMASS/train,,2.18355393409729,global_scalar_z,46
AMASS/all,,2.18355393409729,global_scalar_z,46
AMASS/train,,2.1835508346557617,global_scalar_z,916
AMASS/all,,2.1835508346557617,global_scalar_z,916
AMASS/train,,2.183548927307129,global_scalar_z,860
AMASS/all,,2.183548927307129,global_scalar_z,860
AMASS/train,,2.183539628982544,global_scalar_z,338
AMASS/all,,2.183539628982544,global_scalar_z,338
AMASS/train,,2.1835391521453857,global_scalar_z,856
AMASS/all,,2.1835391521453857,global_scalar_z,856
AMASS/train,,2.183502674102783,global_scalar_z,450
AMASS/all,,2.183502674102783,global_scalar_z,450
AMASS/train,,2.1835010051727295,global_scalar_z,594
AMASS/all,,2.1835010051727295,global_scalar_z,594
AMASS/train,,2.183497905731201,global_scalar_z,962
AMASS/all,,2.183497905731201,global_scalar_z,962
AMASS/train,,2.1834781169891357,global_scalar_z,698
AMASS/all,,2.1834781169891357,global_scalar_z,698
AMASS/train,,2.1834750175476074,global_scalar_z,943
AMASS/all,,2.1834750175476074,global_scalar_z,943
AMASS/train,,2.183467149734497,global_scalar_z,910
AMASS/all,,2.183467149734497,global_scalar_z,910
AMASS/train,,2.1834633350372314,global_scalar_z,848
AMASS/all,,2.1834633350372314,global_scalar_z,848
AMASS/train,,2.1834464073181152,global_scalar_z,832
AMASS/all,,2.1834464073181152,global_scalar_z,832
AMASS/train,,2.183446168899536,global_scalar_z,162
AMASS/all,,2.183446168899536,global_scalar_z,162
AMASS/train,,2.183443546295166,global_scalar_z,928
AMASS/all,,2.183443546295166,global_scalar_z,928
AMASS/train,,2.1834330558776855,global_scalar_z,826
AMASS/all,,2.1834330558776855,global_scalar_z,826
AMASS/train,,2.1834323406219482,global_scalar_z,160
AMASS/all,,2.1834323406219482,global_scalar_z,160
AMASS/train,,2.183411121368408,global_scalar_z,852
AMASS/all,,2.183411121368408,global_scalar_z,852
AMASS/train,,2.183389186859131,global_scalar_z,900
AMASS/all,,2.183389186859131,global_scalar_z,900
AMASS/train,,2.183363676071167,global_scalar_z,426
AMASS/all,,2.183363676071167,global_scalar_z,426
AMASS/train,,2.1833512783050537,global_scalar_z,590
AMASS/all,,2.1833512783050537,global_scalar_z,590
AMASS/train,,2.1833457946777344,global_scalar_z,706
AMASS/all,,2.1833457946777344,global_scalar_z,706
AMASS/train,,2.183326482772827,global_scalar_z,922
AMASS/all,,2.183326482772827,global_scalar_z,922
ALL/all,,2.1833136081695557,global_scalar_z,369
AMASS/train,,2.18331241607666,global_scalar_z,936
AMASS/all,,2.18331241607666,global_scalar_z,936
AMASS/train,,2.1833107471466064,global_scalar_z,830
AMASS/all,,2.1833107471466064,global_scalar_z,830
ALL/all,,2.1832900047302246,global_scalar_z,172
AMASS/train,,2.1832895278930664,global_scalar_z,932
AMASS/all,,2.1832895278930664,global_scalar_z,932
AMASS/train,,2.183267593383789,global_scalar_z,926
AMASS/all,,2.183267593383789,global_scalar_z,926
AMASS/train,,2.18326473236084,global_scalar_z,914
AMASS/all,,2.18326473236084,global_scalar_z,914
AMASS/train,,2.183262825012207,global_scalar_z,1064
AMASS/all,,2.183262825012207,global_scalar_z,1064
AMASS/train,,2.1832053661346436,global_scalar_z,918
AMASS/all,,2.1832053661346436,global_scalar_z,918
AMASS/train,,2.1831984519958496,global_scalar_z,600
AMASS/all,,2.1831984519958496,global_scalar_z,600
AMASS/train,,2.1831936836242676,global_scalar_z,896
AMASS/all,,2.1831936836242676,global_scalar_z,896
AMASS/train,,2.1831769943237305,global_scalar_z,968
AMASS/all,,2.1831769943237305,global_scalar_z,968
AMASS/train,,2.1831650733947754,global_scalar_z,1117
AMASS/all,,2.1831650733947754,global_scalar_z,1117
AMASS/train,,2.1831586360931396,global_scalar_z,402
AMASS/all,,2.1831586360931396,global_scalar_z,402
AMASS/train,,2.1831576824188232,global_scalar_z,924
AMASS/all,,2.1831576824188232,global_scalar_z,924
AMASS/train,,2.1831531524658203,global_scalar_z,864
AMASS/all,,2.1831531524658203,global_scalar_z,864
AMASS/train,,2.1831483840942383,global_scalar_z,894
AMASS/all,,2.1831483840942383,global_scalar_z,894
AMASS/train,,2.183145046234131,global_scalar_z,892
AMASS/all,,2.183145046234131,global_scalar_z,892
AMASS/train,,2.1831376552581787,global_scalar_z,960
AMASS/all,,2.1831376552581787,global_scalar_z,960
AMASS/train,,2.1831233501434326,global_scalar_z,844
AMASS/all,,2.1831233501434326,global_scalar_z,844
AMASS/train,,2.1831068992614746,global_scalar_z,602
AMASS/all,,2.1831068992614746,global_scalar_z,602
AMASS/train,,2.183103084564209,global_scalar_z,604
AMASS/all,,2.183103084564209,global_scalar_z,604
AMASS/train,,2.1831014156341553,global_scalar_z,94
AMASS/all,,2.1831014156341553,global_scalar_z,94
AMASS/train,,2.1830697059631348,global_scalar_z,824
AMASS/all,,2.1830697059631348,global_scalar_z,824
AMASS/train,,2.18306565284729,global_scalar_z,518
AMASS/all,,2.18306565284729,global_scalar_z,518
AMASS/train,,2.1830525398254395,global_scalar_z,146
AMASS/all,,2.1830525398254395,global_scalar_z,146
AMASS/train,,2.183051824569702,global_scalar_z,592
AMASS/all,,2.183051824569702,global_scalar_z,592
AMASS/train,,2.183051109313965,global_scalar_z,882
AMASS/all,,2.183051109313965,global_scalar_z,882
AMASS/train,,2.183049440383911,global_scalar_z,846
AMASS/all,,2.183049440383911,global_scalar_z,846
AMASS/train,,2.1830484867095947,global_scalar_z,888
AMASS/all,,2.1830484867095947,global_scalar_z,888
AMASS/train,,2.1830456256866455,global_scalar_z,880
AMASS/all,,2.1830456256866455,global_scalar_z,880
AMASS/train,,2.1830334663391113,global_scalar_z,974
AMASS/all,,2.1830334663391113,global_scalar_z,974
ALL/all,,2.1830191612243652,global_scalar_z,156
AMASS/train,,2.1830081939697266,global_scalar_z,546
AMASS/all,,2.1830081939697266,global_scalar_z,546
ALL/all,,2.1830053329467773,global_scalar_z,1346
AMASS/train,,2.1830012798309326,global_scalar_z,76
AMASS/all,,2.1830012798309326,global_scalar_z,76
AMASS/train,,2.1830008029937744,global_scalar_z,950
AMASS/all,,2.1830008029937744,global_scalar_z,950
AMASS/train,,2.1829993724823,global_scalar_z,150
AMASS/all,,2.1829993724823,global_scalar_z,150
AMASS/train,,2.182976007461548,global_scalar_z,714
AMASS/all,,2.182976007461548,global_scalar_z,714
ALL/all,,2.182950496673584,global_scalar_z,158
ALL/all,,2.1829445362091064,global_scalar_z,1151
ALL/all,,2.1829442977905273,global_scalar_z,356
AMASS/train,,2.1829426288604736,global_scalar_z,520
AMASS/all,,2.1829426288604736,global_scalar_z,520
AMASS/train,,2.182939291000366,global_scalar_z,862
AMASS/all,,2.182939291000366,global_scalar_z,862
AMASS/train,,2.1829307079315186,global_scalar_z,886
AMASS/all,,2.1829307079315186,global_scalar_z,886
AMASS/train,,2.182907819747925,global_scalar_z,148
AMASS/all,,2.182907819747925,global_scalar_z,148
ALL/all,,2.1828715801239014,global_scalar_z,418
AMASS/train,,2.1828675270080566,global_scalar_z,414
AMASS/all,,2.1828675270080566,global_scalar_z,414
AMASS/train,,2.1828556060791016,global_scalar_z,876
AMASS/all,,2.1828556060791016,global_scalar_z,876
AMASS/train,,2.1828513145446777,global_scalar_z,446
AMASS/all,,2.1828513145446777,global_scalar_z,446
ALL/all,,2.1828503608703613,global_scalar_z,408
AMASS/train,,2.1828441619873047,global_scalar_z,870
AMASS/all,,2.1828441619873047,global_scalar_z,870
AMASS/train,,2.182825803756714,global_scalar_z,608
AMASS/all,,2.182825803756714,global_scalar_z,608
AMASS/train,,2.1828184127807617,global_scalar_z,828
AMASS/all,,2.1828184127807617,global_scalar_z,828
AMASS/train,,2.1828067302703857,global_scalar_z,66
AMASS/all,,2.1828067302703857,global_scalar_z,66
AMASS/train,,2.1827995777130127,global_scalar_z,866
AMASS/all,,2.1827995777130127,global_scalar_z,866
AMASS/train,,2.18279767036438,global_scalar_z,86
AMASS/all,,2.18279767036438,global_scalar_z,86
AMASS/train,,2.182783842086792,global_scalar_z,332
AMASS/all,,2.182783842086792,global_scalar_z,332
AMASS/train,,2.182783603668213,global_scalar_z,946
AMASS/all,,2.182783603668213,global_scalar_z,946
AMASS/train,,2.182776927947998,global_scalar_z,890
AMASS/all,,2.182776927947998,global_scalar_z,890
AMASS/train,,2.1827616691589355,global_scalar_z,948
AMASS/all,,2.1827616691589355,global_scalar_z,948
AMASS/train,,2.182750940322876,global_scalar_z,908
AMASS/all,,2.182750940322876,global_scalar_z,908
ALL/all,,2.182711601257324,global_scalar_z,168
AMASS/train,,2.182706594467163,global_scalar_z,868
AMASS/train,,2.182706594467163,global_scalar_z,944
AMASS/all,,2.182706594467163,global_scalar_z,868
AMASS/all,,2.182706594467163,global_scalar_z,944
AMASS/train,,2.18269944190979,global_scalar_z,74
AMASS/all,,2.18269944190979,global_scalar_z,74
AMASS/train,,2.1826975345611572,global_scalar_z,508
AMASS/all,,2.1826975345611572,global_scalar_z,508
AMASS/train,,2.182689666748047,global_scalar_z,884
AMASS/all,,2.182689666748047,global_scalar_z,884
AMASS/train,,2.1826865673065186,global_scalar_z,70
AMASS/all,,2.1826865673065186,global_scalar_z,70
AMASS/train,,2.182676315307617,global_scalar_z,954
AMASS/all,,2.182676315307617,global_scalar_z,954
AMASS/train,,2.182669162750244,global_scalar_z,616
AMASS/all,,2.182669162750244,global_scalar_z,616
ALL/all,,2.1826658248901367,global_scalar_z,152
AMASS/train,,2.1826584339141846,global_scalar_z,858
AMASS/all,,2.1826584339141846,global_scalar_z,858
AMASS/train,,2.182630777359009,global_scalar_z,942
AMASS/all,,2.182630777359009,global_scalar_z,942
AMASS/train,,2.1826252937316895,global_scalar_z,482
AMASS/all,,2.1826252937316895,global_scalar_z,482
ALL/all,,2.1825878620147705,global_scalar_z,572
ALL/all,,2.1825737953186035,global_scalar_z,154
ALL/all,,2.182570457458496,global_scalar_z,178
AMASS/train,,2.182556390762329,global_scalar_z,120
AMASS/all,,2.182556390762329,global_scalar_z,120
AMASS/train,,2.182553768157959,global_scalar_z,430
AMASS/all,,2.182553768157959,global_scalar_z,430
AMASS/train,,2.182548999786377,global_scalar_z,528
AMASS/all,,2.182548999786377,global_scalar_z,528
AMASS/train,,2.182546854019165,global_scalar_z,872
AMASS/all,,2.182546854019165,global_scalar_z,872
AMASS/train,,2.18253755569458,global_scalar_z,952
AMASS/all,,2.18253755569458,global_scalar_z,952
AMASS/train,,2.182504177093506,global_scalar_z,118
AMASS/all,,2.182504177093506,global_scalar_z,118
AMASS/train,,2.182499408721924,global_scalar_z,712
AMASS/all,,2.182499408721924,global_scalar_z,712
TotalCapture/train,,2.182492733001709,global_scalar_z,31
AMASS/train,,2.182481527328491,global_scalar_z,956
AMASS/all,,2.182481527328491,global_scalar_z,956
ALL/all,,2.1824591159820557,global_scalar_z,970
AMASS/train,,2.1824545860290527,global_scalar_z,606
AMASS/all,,2.1824545860290527,global_scalar_z,606
AMASS/train,,2.182434320449829,global_scalar_z,958
AMASS/all,,2.182434320449829,global_scalar_z,958
ALL/all,,2.182379961013794,global_scalar_z,574
AMASS/train,,2.1823718547821045,global_scalar_z,84
AMASS/all,,2.1823718547821045,global_scalar_z,84
ALL/all,,2.1823623180389404,global_scalar_z,466
AMASS/train,,2.18231463432312,global_scalar_z,522
AMASS/all,,2.18231463432312,global_scalar_z,522
AMASS/train,,2.182310104370117,global_scalar_z,524
AMASS/all,,2.182310104370117,global_scalar_z,524
AMASS/train,,2.1822967529296875,global_scalar_z,478
AMASS/all,,2.1822967529296875,global_scalar_z,478
ALL/all,,2.182293653488159,global_scalar_z,166
ALL/all,,2.1821959018707275,global_scalar_z,976
AMASS/train,,2.1821844577789307,global_scalar_z,164
AMASS/all,,2.1821844577789307,global_scalar_z,164
AMASS/train,,2.1821556091308594,global_scalar_z,340
AMASS/all,,2.1821556091308594,global_scalar_z,340
ALL/all,,2.1821556091308594,global_scalar_z,564
AMASS/train,,2.1821441650390625,global_scalar_z,88
AMASS/all,,2.1821441650390625,global_scalar_z,88
ALL/all,,2.1820976734161377,global_scalar_z,352
AMASS/train,,2.182091236114502,global_scalar_z,1072
AMASS/all,,2.182091236114502,global_scalar_z,1072
AMASS/train,,2.182032585144043,global_scalar_z,728
AMASS/all,,2.182032585144043,global_scalar_z,728
AMASS/train,,2.182023525238037,global_scalar_z,754
AMASS/all,,2.182023525238037,global_scalar_z,754
AMASS/train,,2.1820149421691895,global_scalar_z,750
AMASS/all,,2.1820149421691895,global_scalar_z,750
AMASS/train,,2.1820120811462402,global_scalar_z,322
AMASS/all,,2.1820120811462402,global_scalar_z,322
ALL/all,,2.181948661804199,global_scalar_z,1074
AMASS/train,,2.1819393634796143,global_scalar_z,282
AMASS/all,,2.1819393634796143,global_scalar_z,282
AMASS/train,,2.181934118270874,global_scalar_z,734
AMASS/all,,2.181934118270874,global_scalar_z,734
AMASS/train,,2.181900978088379,global_scalar_z,130
AMASS/all,,2.181900978088379,global_scalar_z,130
AMASS/train,,2.181889533996582,global_scalar_z,444
AMASS/all,,2.181889533996582,global_scalar_z,444
AMASS/train,,2.181889295578003,global_scalar_z,772
AMASS/all,,2.181889295578003,global_scalar_z,772
AMASS/train,,2.1818740367889404,global_scalar_z,334
AMASS/all,,2.1818740367889404,global_scalar_z,334
AMASS/train,,2.1818718910217285,global_scalar_z,62
AMASS/all,,2.1818718910217285,global_scalar_z,62
AMASS/train,,2.1818652153015137,global_scalar_z,778
AMASS/all,,2.1818652153015137,global_scalar_z,778
AMASS/train,,2.1818466186523438,global_scalar_z,768
AMASS/all,,2.1818466186523438,global_scalar_z,768
AMASS/train,,2.1818413734436035,global_scalar_z,770
AMASS/all,,2.1818413734436035,global_scalar_z,770
AMASS/train,,2.1818411350250244,global_scalar_z,722
AMASS/all,,2.1818411350250244,global_scalar_z,722
AMASS/train,,2.181804656982422,global_scalar_z,732
AMASS/all,,2.181804656982422,global_scalar_z,732
AMASS/train,,2.181772470474243,global_scalar_z,740
AMASS/all,,2.181772470474243,global_scalar_z,740
AMASS/train,,2.1817667484283447,global_scalar_z,752
AMASS/all,,2.1817667484283447,global_scalar_z,752
AMASS/train,,2.1817612648010254,global_scalar_z,1152
AMASS/all,,2.1817612648010254,global_scalar_z,1152
AMASS/train,,2.1817574501037598,global_scalar_z,1112
AMASS/all,,2.1817574501037598,global_scalar_z,1112
AMASS/train,,2.1817569732666016,global_scalar_z,878
AMASS/all,,2.1817569732666016,global_scalar_z,878
AMASS/train,,2.181736469268799,global_scalar_z,388
AMASS/all,,2.181736469268799,global_scalar_z,388
AMASS/train,,2.181730270385742,global_scalar_z,1046
AMASS/all,,2.181730270385742,global_scalar_z,1046
AMASS/train,,2.1817243099212646,global_scalar_z,386
AMASS/all,,2.1817243099212646,global_scalar_z,386
AMASS/train,,2.1817028522491455,global_scalar_z,874
AMASS/all,,2.1817028522491455,global_scalar_z,874
AMASS/train,,2.181652307510376,global_scalar_z,738
AMASS/all,,2.181652307510376,global_scalar_z,738
AMASS/train,,2.1816420555114746,global_scalar_z,744
AMASS/all,,2.1816420555114746,global_scalar_z,744
AMASS/train,,2.181631326675415,global_scalar_z,736
AMASS/all,,2.181631326675415,global_scalar_z,736
AMASS/train,,2.1816227436065674,global_scalar_z,742
AMASS/all,,2.1816227436065674,global_scalar_z,742
AMASS/train,,2.181617498397827,global_scalar_z,1138
AMASS/all,,2.181617498397827,global_scalar_z,1138
AMASS/train,,2.181593894958496,global_scalar_z,780
AMASS/all,,2.181593894958496,global_scalar_z,780
AMASS/train,,2.1815755367279053,global_scalar_z,716
AMASS/all,,2.1815755367279053,global_scalar_z,716
ALL/all,,2.1815524101257324,global_scalar_z,534
AMASS/train,,2.1815497875213623,global_scalar_z,1151
AMASS/all,,2.1815497875213623,global_scalar_z,1151
AMASS/train,,2.1815435886383057,global_scalar_z,674
AMASS/all,,2.1815435886383057,global_scalar_z,674
ALL/all,,2.181528091430664,global_scalar_z,22
AMASS/train,,2.1815237998962402,global_scalar_z,776
AMASS/all,,2.1815237998962402,global_scalar_z,776
AMASS/train,,2.1815133094787598,global_scalar_z,412
AMASS/all,,2.1815133094787598,global_scalar_z,412
AMASS/train,,2.1814911365509033,global_scalar_z,748
AMASS/all,,2.1814911365509033,global_scalar_z,748
AMASS/train,,2.1814849376678467,global_scalar_z,442
AMASS/all,,2.1814849376678467,global_scalar_z,442
ALL/all,,2.1814844608306885,global_scalar_z,410
AMASS/train,,2.1814632415771484,global_scalar_z,720
AMASS/all,,2.1814632415771484,global_scalar_z,720
AMASS/train,,2.1814498901367188,global_scalar_z,730
AMASS/all,,2.1814498901367188,global_scalar_z,730
ALL/all,,2.1814262866973877,global_scalar_z,570
AMASS/train,,2.181424379348755,global_scalar_z,726
AMASS/all,,2.181424379348755,global_scalar_z,726
AMASS/train,,2.181368112564087,global_scalar_z,774
AMASS/all,,2.181368112564087,global_scalar_z,774
AMASS/train,,2.181364059448242,global_scalar_z,672
AMASS/all,,2.181364059448242,global_scalar_z,672
ALL/all,,2.181342124938965,global_scalar_z,170
AMASS/train,,2.1812336444854736,global_scalar_z,684
AMASS/all,,2.1812336444854736,global_scalar_z,684
ALL/all,,2.18121337890625,global_scalar_z,966
AMASS/train,,2.1812095642089844,global_scalar_z,628
AMASS/train,,2.1812095642089844,global_scalar_z,724
AMASS/all,,2.1812095642089844,global_scalar_z,628
AMASS/all,,2.1812095642089844,global_scalar_z,724
AMASS/train,,2.181199789047241,global_scalar_z,784
AMASS/all,,2.181199789047241,global_scalar_z,784
AMASS/train,,2.1811792850494385,global_scalar_z,746
AMASS/all,,2.1811792850494385,global_scalar_z,746
AMASS/train,,2.181173324584961,global_scalar_z,586
AMASS/all,,2.181173324584961,global_scalar_z,586
AMASS/train,,2.181168794631958,global_scalar_z,686
AMASS/all,,2.181168794631958,global_scalar_z,686
AMASS/train,,2.181105136871338,global_scalar_z,284
AMASS/all,,2.181105136871338,global_scalar_z,284
AMASS/train,,2.1810595989227295,global_scalar_z,424
AMASS/all,,2.1810595989227295,global_scalar_z,424
ALL/all,,2.1810481548309326,global_scalar_z,78
AMASS/train,,2.1810436248779297,global_scalar_z,64
AMASS/all,,2.1810436248779297,global_scalar_z,64
ALL/all,,2.181041717529297,global_scalar_z,964
AMASS/train,,2.1810128688812256,global_scalar_z,422
AMASS/all,,2.1810128688812256,global_scalar_z,422
AMASS/train,,2.18097186088562,global_scalar_z,114
AMASS/all,,2.18097186088562,global_scalar_z,114
AMASS/train,,2.1809651851654053,global_scalar_z,718
AMASS/all,,2.1809651851654053,global_scalar_z,718
AMASS/train,,2.1808855533599854,global_scalar_z,678
AMASS/all,,2.1808855533599854,global_scalar_z,678
ALL/all,,2.1808764934539795,global_scalar_z,562
AMASS/train,,2.1808576583862305,global_scalar_z,626
AMASS/all,,2.1808576583862305,global_scalar_z,626
AMASS/train,,2.1808478832244873,global_scalar_z,140
AMASS/all,,2.1808478832244873,global_scalar_z,140
AMASS/train,,2.1808273792266846,global_scalar_z,588
AMASS/all,,2.1808273792266846,global_scalar_z,588
AMASS/train,,2.180809259414673,global_scalar_z,490
AMASS/all,,2.180809259414673,global_scalar_z,490
AMASS/train,,2.1807994842529297,global_scalar_z,682
AMASS/all,,2.1807994842529297,global_scalar_z,682
AMASS/train,,2.18076491355896,global_scalar_z,144
AMASS/all,,2.18076491355896,global_scalar_z,144
AMASS/train,,2.1807494163513184,global_scalar_z,782
AMASS/all,,2.1807494163513184,global_scalar_z,782
AMASS/train,,2.1807327270507812,global_scalar_z,476
AMASS/all,,2.1807327270507812,global_scalar_z,476
ALL/all,,2.180729627609253,global_scalar_z,532
AMASS/train,,2.180711269378662,global_scalar_z,666
AMASS/all,,2.180711269378662,global_scalar_z,666
ALL/all,,2.1806857585906982,global_scalar_z,1172
AMASS/train,,2.1806609630584717,global_scalar_z,680
AMASS/all,,2.1806609630584717,global_scalar_z,680
AMASS/train,,2.1806392669677734,global_scalar_z,670
AMASS/all,,2.1806392669677734,global_scalar_z,670
AMASS/train,,2.1806085109710693,global_scalar_z,142
AMASS/all,,2.1806085109710693,global_scalar_z,142
ALL/all,,2.180591106414795,global_scalar_z,342
AMASS/train,,2.180532217025757,global_scalar_z,230
AMASS/all,,2.180532217025757,global_scalar_z,230
AMASS/train,,2.1805291175842285,global_scalar_z,652
AMASS/all,,2.1805291175842285,global_scalar_z,652
AMASS/train,,2.1804897785186768,global_scalar_z,1078
AMASS/all,,2.1804897785186768,global_scalar_z,1078
ALL/all,,2.1804792881011963,global_scalar_z,440
AMASS/train,,2.180476665496826,global_scalar_z,488
AMASS/all,,2.180476665496826,global_scalar_z,488
AMASS/train,,2.1804423332214355,global_scalar_z,676
AMASS/all,,2.1804423332214355,global_scalar_z,676
ALL/all,,2.1804113388061523,global_scalar_z,20
AMASS/train,,2.180386543273926,global_scalar_z,526
AMASS/all,,2.180386543273926,global_scalar_z,526
AMASS/train,,2.1803834438323975,global_scalar_z,664
AMASS/all,,2.1803834438323975,global_scalar_z,664
AMASS/train,,2.180354118347168,global_scalar_z,1128
AMASS/all,,2.180354118347168,global_scalar_z,1128
AMASS/train,,2.1803395748138428,global_scalar_z,486
AMASS/all,,2.1803395748138428,global_scalar_z,486
AMASS/train,,2.180333375930786,global_scalar_z,116
AMASS/all,,2.180333375930786,global_scalar_z,116
AMASS/train,,2.18031644821167,global_scalar_z,650
AMASS/all,,2.18031644821167,global_scalar_z,650
AMASS/train,,2.1803019046783447,global_scalar_z,618
AMASS/all,,2.1803019046783447,global_scalar_z,618
ALL/all,,2.180290460586548,global_scalar_z,460
AMASS/train,,2.1802711486816406,global_scalar_z,1124
AMASS/all,,2.1802711486816406,global_scalar_z,1124
AMASS/train,,2.180250406265259,global_scalar_z,654
AMASS/all,,2.180250406265259,global_scalar_z,654
AMASS/train,,2.1802210807800293,global_scalar_z,102
AMASS/all,,2.1802210807800293,global_scalar_z,102
AMASS/train,,2.180183172225952,global_scalar_z,708
AMASS/all,,2.180183172225952,global_scalar_z,708
AMASS/train,,2.1801598072052,global_scalar_z,658
AMASS/all,,2.1801598072052,global_scalar_z,658
ALL/all,,2.1801390647888184,global_scalar_z,56
AMASS/train,,2.1800973415374756,global_scalar_z,1164
AMASS/all,,2.1800973415374756,global_scalar_z,1164
AMASS/train,,2.1800920963287354,global_scalar_z,96
AMASS/all,,2.1800920963287354,global_scalar_z,96
AMASS/train,,2.1800880432128906,global_scalar_z,132
AMASS/all,,2.1800880432128906,global_scalar_z,132
AMASS/train,,2.180076837539673,global_scalar_z,21
AMASS/all,,2.180076837539673,global_scalar_z,21
ALL/all,,2.1800570487976074,global_scalar_z,566
AMASS/train,,2.180051565170288,global_scalar_z,660
AMASS/all,,2.180051565170288,global_scalar_z,660
AMASS/train,,2.17999005317688,global_scalar_z,656
AMASS/all,,2.17999005317688,global_scalar_z,656
AMASS/train,,2.179985761642456,global_scalar_z,330
AMASS/all,,2.179985761642456,global_scalar_z,330
ALL/all,,2.1799726486206055,global_scalar_z,544
AMASS/train,,2.179955005645752,global_scalar_z,668
AMASS/all,,2.179955005645752,global_scalar_z,668
AMASS/train,,2.1799535751342773,global_scalar_z,622
AMASS/all,,2.1799535751342773,global_scalar_z,622
ALL/all,,2.179948329925537,global_scalar_z,438
ALL/all,,2.179931879043579,global_scalar_z,560
AMASS/train,,2.1798954010009766,global_scalar_z,1084
AMASS/all,,2.1798954010009766,global_scalar_z,1084
ALL/all,,2.1798267364501953,global_scalar_z,556
ALL/all,,2.179805040359497,global_scalar_z,58
ALL/all,,2.1797046661376953,global_scalar_z,180
ALL/all,,2.1796743869781494,global_scalar_z,542
AMASS/train,,2.1796486377716064,global_scalar_z,98
AMASS/all,,2.1796486377716064,global_scalar_z,98
AMASS/train,,2.179610013961792,global_scalar_z,492
AMASS/all,,2.179610013961792,global_scalar_z,492
ALL/all,,2.1795685291290283,global_scalar_z,458
ALL/all,,2.1795241832733154,global_scalar_z,554
ALL/all,,2.1795096397399902,global_scalar_z,428
DIP/train,,2.1794915199279785,global_scalar_z,21
AMASS/train,,2.179487705230713,global_scalar_z,662
AMASS/all,,2.179487705230713,global_scalar_z,662
AMASS/train,,2.179431676864624,global_scalar_z,1022
AMASS/all,,2.179431676864624,global_scalar_z,1022
ALL/all,,2.179408073425293,global_scalar_z,344
AMASS/train,,2.1793856620788574,global_scalar_z,250
AMASS/all,,2.1793856620788574,global_scalar_z,250
AMASS/train,,2.1793835163116455,global_scalar_z,14
AMASS/all,,2.1793835163116455,global_scalar_z,14
AMASS/train,,2.179321527481079,global_scalar_z,194
AMASS/all,,2.179321527481079,global_scalar_z,194
AMASS/train,,2.179321050643921,global_scalar_z,1034
AMASS/all,,2.179321050643921,global_scalar_z,1034
AMASS/train,,2.179288148880005,global_scalar_z,100
AMASS/all,,2.179288148880005,global_scalar_z,100
AMASS/train,,2.1792852878570557,global_scalar_z,1104
AMASS/all,,2.1792852878570557,global_scalar_z,1104
AMASS/train,,2.1792683601379395,global_scalar_z,1144
AMASS/all,,2.1792683601379395,global_scalar_z,1144
ALL/all,,2.1792476177215576,global_scalar_z,60
AMASS/train,,2.1792471408843994,global_scalar_z,320
AMASS/all,,2.1792471408843994,global_scalar_z,320
ALL/all,,2.1792330741882324,global_scalar_z,468
ALL/all,,2.179215908050537,global_scalar_z,436
AMASS/train,,2.1791892051696777,global_scalar_z,1136
AMASS/all,,2.1791892051696777,global_scalar_z,1136
ALL/all,,2.179126262664795,global_scalar_z,472
AMASS/train,,2.1790947914123535,global_scalar_z,484
AMASS/all,,2.1790947914123535,global_scalar_z,484
ALL/all,,2.1790590286254883,global_scalar_z,462
AMASS/train,,2.1790430545806885,global_scalar_z,624
AMASS/all,,2.1790430545806885,global_scalar_z,624
AMASS/train,,2.179042339324951,global_scalar_z,136
AMASS/all,,2.179042339324951,global_scalar_z,136
ALL/all,,2.1790268421173096,global_scalar_z,538
AMASS/train,,2.1789169311523438,global_scalar_z,268
AMASS/all,,2.1789169311523438,global_scalar_z,268
AMASS/train,,2.178889274597168,global_scalar_z,308
AMASS/all,,2.178889274597168,global_scalar_z,308
ALL/all,,2.1788136959075928,global_scalar_z,552
ALL/all,,2.1788129806518555,global_scalar_z,434
ALL/all,,2.178802013397217,global_scalar_z,548
ALL/all,,2.1787877082824707,global_scalar_z,406
ALL/all,,2.1787872314453125,global_scalar_z,54
AMASS/train,,2.178785562515259,global_scalar_z,710
AMASS/all,,2.178785562515259,global_scalar_z,710
ALL/all,,2.178779125213623,global_scalar_z,190
ALL/all,,2.178755760192871,global_scalar_z,480
ALL/all,,2.1787109375,global_scalar_z,456
AMASS/train,,2.1787056922912598,global_scalar_z,336
AMASS/all,,2.1787056922912598,global_scalar_z,336
ALL/all,,2.1786985397338867,global_scalar_z,614
ALL/all,,2.178697347640991,global_scalar_z,108
AMASS/train,,2.17869234085083,global_scalar_z,28
AMASS/all,,2.17869234085083,global_scalar_z,28
AMASS/train,,2.1786770820617676,global_scalar_z,1150
AMASS/all,,2.1786770820617676,global_scalar_z,1150
ALL/all,,2.178614377975464,global_scalar_z,530
ALL/all,,2.1785898208618164,global_scalar_z,68
AMASS/train,,2.1785805225372314,global_scalar_z,1148
AMASS/all,,2.1785805225372314,global_scalar_z,1148
ALL/all,,2.178565502166748,global_scalar_z,346
AMASS/train,,2.1785483360290527,global_scalar_z,1270
AMASS/all,,2.1785483360290527,global_scalar_z,1270
ALL/all,,2.178534984588623,global_scalar_z,1048
ALL/all,,2.178513288497925,global_scalar_z,540
ALL/all,,2.178510904312134,global_scalar_z,452
ALL/all,,2.178469181060791,global_scalar_z,470
AMASS/train,,2.178459405899048,global_scalar_z,474
AMASS/all,,2.178459405899048,global_scalar_z,474
ALL/all,,2.178436756134033,global_scalar_z,536
ALL/all,,2.1783974170684814,global_scalar_z,612
ALL/all,,2.178387403488159,global_scalar_z,610
ALL/all,,2.17838191986084,global_scalar_z,290
ALL/all,,2.1783742904663086,global_scalar_z,898
AMASS/train,,2.1783640384674072,global_scalar_z,134
AMASS/all,,2.1783640384674072,global_scalar_z,134
ALL/all,,2.178363800048828,global_scalar_z,1070
ALL/all,,2.1783506870269775,global_scalar_z,636
AMASS/train,,2.178337812423706,global_scalar_z,1156
AMASS/all,,2.178337812423706,global_scalar_z,1156
ALL/all,,2.1783344745635986,global_scalar_z,550
AMASS/train,,2.1783223152160645,global_scalar_z,1088
AMASS/all,,2.1783223152160645,global_scalar_z,1088
ALL/all,,2.1782896518707275,global_scalar_z,648
ALL/all,,2.178276538848877,global_scalar_z,638
ALL/all,,2.178245782852173,global_scalar_z,404
AMASS/train,,2.1782445907592773,global_scalar_z,300
AMASS/all,,2.1782445907592773,global_scalar_z,300
ALL/all,,2.178201675415039,global_scalar_z,390
ALL/all,,2.1781890392303467,global_scalar_z,1060
ALL/all,,2.178175210952759,global_scalar_z,420
ALL/all,,2.1781601905822754,global_scalar_z,80
ALL/all,,2.178158760070801,global_scalar_z,288
ALL/all,,2.1781423091888428,global_scalar_z,72
ALL/all,,2.178135633468628,global_scalar_z,416
ALL/all,,2.1781022548675537,global_scalar_z,1108
ALL/all,,2.1780972480773926,global_scalar_z,640
ALL/all,,2.178072452545166,global_scalar_z,646
AMASS/train,,2.17805552482605,global_scalar_z,110
AMASS/all,,2.17805552482605,global_scalar_z,110
AMASS/train,,2.1780307292938232,global_scalar_z,1114
AMASS/all,,2.1780307292938232,global_scalar_z,1114
AMASS/train,,2.178025245666504,global_scalar_z,1062
AMASS/all,,2.178025245666504,global_scalar_z,1062
ALL/all,,2.17802357673645,global_scalar_z,106
ALL/all,,2.1780009269714355,global_scalar_z,18
ALL/all,,2.177917957305908,global_scalar_z,598
ALL/all,,2.1779069900512695,global_scalar_z,516
ALL/all,,2.1778786182403564,global_scalar_z,700
ALL/all,,2.177877902984619,global_scalar_z,432
AMASS/train,,2.1778759956359863,global_scalar_z,992
AMASS/all,,2.1778759956359863,global_scalar_z,992
ALL/all,,2.177868604660034,global_scalar_z,454
AMASS/train,,2.177865743637085,global_scalar_z,378
AMASS/all,,2.177865743637085,global_scalar_z,378
ALL/all,,2.1778035163879395,global_scalar_z,82
ALL/all,,2.1777775287628174,global_scalar_z,632
ALL/all,,2.177769899368286,global_scalar_z,642
ALL/all,,2.1777687072753906,global_scalar_z,512
ALL/all,,2.177755832672119,global_scalar_z,704
ALL/all,,2.1777541637420654,global_scalar_z,464
ALL/all,,2.1777138710021973,global_scalar_z,634
ALL/all,,2.1777126789093018,global_scalar_z,90
AMASS/train,,2.177708864212036,global_scalar_z,1274
AMASS/all,,2.177708864212036,global_scalar_z,1274
AMASS/train,,2.177671194076538,global_scalar_z,254
AMASS/all,,2.177671194076538,global_scalar_z,254
AMASS/train,,2.1776504516601562,global_scalar_z,286
AMASS/all,,2.1776504516601562,global_scalar_z,286
ALL/all,,2.17764949798584,global_scalar_z,644
ALL/all,,2.1776487827301025,global_scalar_z,514
ALL/all,,2.177609443664551,global_scalar_z,620
AMASS/train,,2.1776068210601807,global_scalar_z,764
AMASS/all,,2.1776068210601807,global_scalar_z,764
AMASS/train,,2.1775832176208496,global_scalar_z,1010
AMASS/all,,2.1775832176208496,global_scalar_z,1010
AMASS/train,,2.1775646209716797,global_scalar_z,996
AMASS/all,,2.1775646209716797,global_scalar_z,996
AMASS/train,,2.177558660507202,global_scalar_z,1276
AMASS/all,,2.177558660507202,global_scalar_z,1276
ALL/all,,2.177541732788086,global_scalar_z,318
ALL/all,,2.1775150299072266,global_scalar_z,596
ALL/all,,2.1775078773498535,global_scalar_z,630
ALL/all,,2.177462100982666,global_scalar_z,1122
ALL/all,,2.177459239959717,global_scalar_z,978
ALL/all,,2.1774563789367676,global_scalar_z,842
ALL/all,,2.1774511337280273,global_scalar_z,840
ALL/all,,2.17744779586792,global_scalar_z,1177
ALL/all,,2.177440643310547,global_scalar_z,838
AMASS/train,,2.1774215698242188,global_scalar_z,988
AMASS/all,,2.1774215698242188,global_scalar_z,988
ALL/all,,2.1774191856384277,global_scalar_z,448
ALL/all,,2.1774182319641113,global_scalar_z,328
ALL/all,,2.1774003505706787,global_scalar_z,940
ALL/all,,2.177398681640625,global_scalar_z,558
ALL/all,,2.177370071411133,global_scalar_z,1052
ALL/all,,2.177351236343384,global_scalar_z,906
AMASS/train,,2.1773431301116943,global_scalar_z,1272
AMASS/all,,2.1773431301116943,global_scalar_z,1272
ALL/all,,2.177323818206787,global_scalar_z,972
AMASS/train,,2.1773135662078857,global_scalar_z,1006
AMASS/all,,2.1773135662078857,global_scalar_z,1006
ALL/all,,2.177293300628662,global_scalar_z,92
ALL/all,,2.1772842407226562,global_scalar_z,510
ALL/all,,2.177269697189331,global_scalar_z,836
ALL/all,,2.1772685050964355,global_scalar_z,850
ALL/all,,2.1772618293762207,global_scalar_z,104
ALL/all,,2.1772568225860596,global_scalar_z,34
ALL/all,,2.1772539615631104,global_scalar_z,854
ALL/all,,2.1772513389587402,global_scalar_z,938
ALL/all,,2.1772449016571045,global_scalar_z,904
ALL/all,,2.1772379875183105,global_scalar_z,702
DIP/test,,2.1772358417510986,global_scalar_z,17
ALL/all,,2.177234649658203,global_scalar_z,980
ALL/all,,2.177222490310669,global_scalar_z,297
ALL/all,,2.177212953567505,global_scalar_z,32
ALL/all,,2.1771907806396484,global_scalar_z,506
ALL/all,,2.1771767139434814,global_scalar_z,834
ALL/all,,2.1771657466888428,global_scalar_z,934
ALL/all,,2.177164316177368,global_scalar_z,24
ALL/all,,2.17716121673584,global_scalar_z,912
ALL/all,,2.177154541015625,global_scalar_z,920
ALL/all,,2.1771504878997803,global_scalar_z,902
ALL/all,,2.177136182785034,global_scalar_z,122
AMASS/train,,2.177135705947876,global_scalar_z,258
AMASS/all,,2.177135705947876,global_scalar_z,258
ALL/all,,2.1771342754364014,global_scalar_z,930
ALL/all,,2.1771299839019775,global_scalar_z,46
ALL/all,,2.1771271228790283,global_scalar_z,916
ALL/all,,2.1771252155303955,global_scalar_z,860
ALL/all,,2.1771159172058105,global_scalar_z,338
ALL/all,,2.1771152019500732,global_scalar_z,856
ALL/all,,2.17707896232605,global_scalar_z,450
ALL/all,,2.177077054977417,global_scalar_z,594
ALL/all,,2.1770741939544678,global_scalar_z,962
ALL/all,,2.1770544052124023,global_scalar_z,698
ALL/all,,2.177051305770874,global_scalar_z,943
ALL/all,,2.1770434379577637,global_scalar_z,910
ALL/all,,2.177039623260498,global_scalar_z,848
ALL/all,,2.177022695541382,global_scalar_z,832
ALL/all,,2.1770224571228027,global_scalar_z,162
ALL/all,,2.1770198345184326,global_scalar_z,928
ALL/all,,2.177009344100952,global_scalar_z,826
ALL/all,,2.177008628845215,global_scalar_z,160
ALL/all,,2.176987409591675,global_scalar_z,852
ALL/all,,2.1769654750823975,global_scalar_z,900
ALL/all,,2.1769399642944336,global_scalar_z,426
ALL/all,,2.1769278049468994,global_scalar_z,590
ALL/all,,2.17692232131958,global_scalar_z,706
ALL/all,,2.1769027709960938,global_scalar_z,922
ALL/all,,2.1768887042999268,global_scalar_z,936
ALL/all,,2.176887273788452,global_scalar_z,830
ALL/all,,2.176866054534912,global_scalar_z,932
ALL/all,,2.1768441200256348,global_scalar_z,926
ALL/all,,2.1768412590026855,global_scalar_z,914
ALL/all,,2.1768393516540527,global_scalar_z,1064
AMASS/train,,2.1768152713775635,global_scalar_z,246
AMASS/all,,2.1768152713775635,global_scalar_z,246
AMASS/train,,2.176802396774292,global_scalar_z,112
AMASS/all,,2.176802396774292,global_scalar_z,112
ALL/all,,2.1767818927764893,global_scalar_z,918
ALL/all,,2.1767749786376953,global_scalar_z,600
ALL/all,,2.1767702102661133,global_scalar_z,896
ALL/all,,2.1767683029174805,global_scalar_z,317
ALL/all,,2.176753520965576,global_scalar_z,968
ALL/all,,2.1767351627349854,global_scalar_z,402
ALL/all,,2.176734209060669,global_scalar_z,924
ALL/all,,2.176729679107666,global_scalar_z,864
ALL/all,,2.176724910736084,global_scalar_z,894
ALL/all,,2.1767218112945557,global_scalar_z,892
ALL/all,,2.1767144203186035,global_scalar_z,960
ALL/all,,2.1766998767852783,global_scalar_z,844
ALL/all,,2.1766834259033203,global_scalar_z,602
ALL/all,,2.1766796112060547,global_scalar_z,604
ALL/all,,2.176677942276001,global_scalar_z,94
AMASS/train,,2.1766650676727295,global_scalar_z,4
AMASS/all,,2.1766650676727295,global_scalar_z,4
ALL/all,,2.1766464710235596,global_scalar_z,824
ALL/all,,2.1766421794891357,global_scalar_z,518
ALL/all,,2.1766293048858643,global_scalar_z,146
ALL/all,,2.176628589630127,global_scalar_z,592
ALL/all,,2.1766278743743896,global_scalar_z,882
ALL/all,,2.176626205444336,global_scalar_z,846
ALL/all,,2.1766252517700195,global_scalar_z,888
ALL/all,,2.1766223907470703,global_scalar_z,880
ALL/all,,2.176610231399536,global_scalar_z,974
AMASS/train,,2.176600456237793,global_scalar_z,1086
AMASS/all,,2.176600456237793,global_scalar_z,1086
ALL/all,,2.1765849590301514,global_scalar_z,546
ALL/all,,2.1765780448913574,global_scalar_z,76
ALL/all,,2.1765778064727783,global_scalar_z,950
ALL/all,,2.1765763759613037,global_scalar_z,150
ALL/all,,2.1765527725219727,global_scalar_z,714
ALL/all,,2.1765193939208984,global_scalar_z,520
ALL/all,,2.17651629447937,global_scalar_z,862
ALL/all,,2.1765077114105225,global_scalar_z,886
AMASS/train,,2.1764869689941406,global_scalar_z,138
AMASS/all,,2.1764869689941406,global_scalar_z,138
ALL/all,,2.1764848232269287,global_scalar_z,148
ALL/all,,2.1764445304870605,global_scalar_z,414
ALL/all,,2.1764326095581055,global_scalar_z,876
ALL/all,,2.1764283180236816,global_scalar_z,446
ALL/all,,2.1764211654663086,global_scalar_z,870
AMASS/train,,2.176408529281616,global_scalar_z,126
AMASS/all,,2.176408529281616,global_scalar_z,126
ALL/all,,2.1764028072357178,global_scalar_z,608
ALL/all,,2.1763954162597656,global_scalar_z,828
ALL/all,,2.1763837337493896,global_scalar_z,66
ALL/all,,2.1763765811920166,global_scalar_z,866
ALL/all,,2.176374673843384,global_scalar_z,86
ALL/all,,2.176360845565796,global_scalar_z,332
ALL/all,,2.176360845565796,global_scalar_z,946
ALL/all,,2.176353931427002,global_scalar_z,890
ALL/all,,2.1763386726379395,global_scalar_z,948
ALL/all,,2.17632794380188,global_scalar_z,908
AMASS/train,,2.1763126850128174,global_scalar_z,44
AMASS/all,,2.1763126850128174,global_scalar_z,44
ALL/all,,2.176283836364746,global_scalar_z,868
ALL/all,,2.176283836364746,global_scalar_z,944
ALL/all,,2.176276683807373,global_scalar_z,74
ALL/all,,2.1762747764587402,global_scalar_z,508
ALL/all,,2.17626690864563,global_scalar_z,884
ALL/all,,2.1762638092041016,global_scalar_z,70
ALL/all,,2.176253318786621,global_scalar_z,954
ALL/all,,2.176246404647827,global_scalar_z,616
ALL/all,,2.1762356758117676,global_scalar_z,858
AMASS/train,,2.176220417022705,global_scalar_z,26
AMASS/all,,2.176220417022705,global_scalar_z,26
ALL/all,,2.176208019256592,global_scalar_z,942
ALL/all,,2.1762025356292725,global_scalar_z,482
ALL/all,,2.176133632659912,global_scalar_z,120
ALL/all,,2.176131010055542,global_scalar_z,430
ALL/all,,2.17612624168396,global_scalar_z,528
ALL/all,,2.176124334335327,global_scalar_z,872
AMASS/train,,2.176119089126587,global_scalar_z,256
AMASS/all,,2.176119089126587,global_scalar_z,256
ALL/all,,2.176115036010742,global_scalar_z,952
ALL/all,,2.176081657409668,global_scalar_z,118
ALL/all,,2.176076889038086,global_scalar_z,712
AMASS/train,,2.17607045173645,global_scalar_z,382
AMASS/all,,2.17607045173645,global_scalar_z,382
ALL/all,,2.1760590076446533,global_scalar_z,956
AMASS/train,,2.1760451793670654,global_scalar_z,1008
AMASS/all,,2.1760451793670654,global_scalar_z,1008
ALL/all,,2.176032066345215,global_scalar_z,606
ALL/all,,2.176011800765991,global_scalar_z,958
AMASS/train,,2.175987720489502,global_scalar_z,1146
AMASS/all,,2.175987720489502,global_scalar_z,1146
AMASS/train,,2.175957441329956,global_scalar_z,1280
AMASS/all,,2.175957441329956,global_scalar_z,1280
ALL/all,,2.1759493350982666,global_scalar_z,84
AMASS/train,,2.1759321689605713,global_scalar_z,1278
AMASS/all,,2.1759321689605713,global_scalar_z,1278
ALL/all,,2.1758923530578613,global_scalar_z,522
ALL/all,,2.1758875846862793,global_scalar_z,524
AMASS/train,,2.1758763790130615,global_scalar_z,212
AMASS/all,,2.1758763790130615,global_scalar_z,212
ALL/all,,2.1758744716644287,global_scalar_z,478
AMASS/train,,2.1757652759552,global_scalar_z,128
AMASS/all,,2.1757652759552,global_scalar_z,128
ALL/all,,2.175762176513672,global_scalar_z,164
ALL/all,,2.1757335662841797,global_scalar_z,340
ALL/all,,2.1757218837738037,global_scalar_z,88
ALL/all,,2.1756691932678223,global_scalar_z,1072
ALL/all,,2.1756105422973633,global_scalar_z,728
ALL/all,,2.1756012439727783,global_scalar_z,754
ALL/all,,2.1755928993225098,global_scalar_z,750
ALL/all,,2.1755900382995605,global_scalar_z,322
DIP/all,,2.1755855083465576,global_scalar_z,51
ALL/all,,2.1755173206329346,global_scalar_z,282
ALL/all,,2.1755120754241943,global_scalar_z,734
ALL/all,,2.1754791736602783,global_scalar_z,130
ALL/all,,2.1754674911499023,global_scalar_z,444
ALL/all,,2.1754672527313232,global_scalar_z,772
ALL/all,,2.1754519939422607,global_scalar_z,334
ALL/all,,2.175450086593628,global_scalar_z,62
ALL/all,,2.175443410873413,global_scalar_z,778
ALL/all,,2.175424814224243,global_scalar_z,768
ALL/all,,2.175419569015503,global_scalar_z,770
ALL/all,,2.175419330596924,global_scalar_z,722
AMASS/train,,2.1754157543182373,global_scalar_z,272
AMASS/all,,2.1754157543182373,global_scalar_z,272
ALL/all,,2.175382614135742,global_scalar_z,732
AMASS/train,,2.17537522315979,global_scalar_z,796
AMASS/all,,2.17537522315979,global_scalar_z,796
AMASS/train,,2.1753664016723633,global_scalar_z,317
AMASS/all,,2.1753664016723633,global_scalar_z,317
ALL/all,,2.1753509044647217,global_scalar_z,740
ALL/all,,2.175344944000244,global_scalar_z,752
ALL/all,,2.175339460372925,global_scalar_z,1152
ALL/all,,2.175335645675659,global_scalar_z,1112
ALL/all,,2.175335168838501,global_scalar_z,878
ALL/all,,2.1753146648406982,global_scalar_z,388
ALL/all,,2.1753087043762207,global_scalar_z,1046
ALL/all,,2.175302743911743,global_scalar_z,386
ALL/all,,2.175281047821045,global_scalar_z,874
AMASS/train,,2.175276279449463,global_scalar_z,124
AMASS/all,,2.175276279449463,global_scalar_z,124
DIP/all,,2.175271987915039,global_scalar_z,36
ALL/all,,2.1752307415008545,global_scalar_z,738
AMASS/train,,2.175229072570801,global_scalar_z,398
AMASS/all,,2.175229072570801,global_scalar_z,398
ALL/all,,2.175220489501953,global_scalar_z,744
ALL/all,,2.1752097606658936,global_scalar_z,736
AMASS/train,,2.1752047538757324,global_scalar_z,794
AMASS/all,,2.1752047538757324,global_scalar_z,794
ALL/all,,2.175201177597046,global_scalar_z,742
ALL/all,,2.1751959323883057,global_scalar_z,1138
ALL/all,,2.1751723289489746,global_scalar_z,780
AMASS/train,,2.175163507461548,global_scalar_z,42
AMASS/all,,2.175163507461548,global_scalar_z,42
ALL/all,,2.175156593322754,global_scalar_z,42
ALL/all,,2.175153970718384,global_scalar_z,716
ALL/all,,2.175122022628784,global_scalar_z,674
ALL/all,,2.1751022338867188,global_scalar_z,776
AMASS/train,,2.1751015186309814,global_scalar_z,316
AMASS/all,,2.1751015186309814,global_scalar_z,316
ALL/all,,2.1750919818878174,global_scalar_z,412
AMASS/train,,2.175088882446289,global_scalar_z,1058
AMASS/all,,2.175088882446289,global_scalar_z,1058
ALL/all,,2.175069570541382,global_scalar_z,748
ALL/all,,2.1750636100769043,global_scalar_z,442
ALL/all,,2.175041675567627,global_scalar_z,720
ALL/all,,2.1750285625457764,global_scalar_z,730
ALL/all,,2.1750030517578125,global_scalar_z,726
ALL/all,,2.1749942302703857,global_scalar_z,1353
ALL/all,,2.1749467849731445,global_scalar_z,774
AMASS/train,,2.1749444007873535,global_scalar_z,1098
AMASS/all,,2.1749444007873535,global_scalar_z,1098
ALL/all,,2.1749427318573,global_scalar_z,672
AMASS/train,,2.1748642921447754,global_scalar_z,400
AMASS/all,,2.1748642921447754,global_scalar_z,400
ALL/all,,2.1748123168945312,global_scalar_z,684
ALL/all,,2.174788475036621,global_scalar_z,724
ALL/all,,2.174788236618042,global_scalar_z,628
ALL/all,,2.174778699874878,global_scalar_z,784
ALL/all,,2.174758195877075,global_scalar_z,746
ALL/all,,2.1747522354125977,global_scalar_z,586
ALL/all,,2.1747477054595947,global_scalar_z,686
AMASS/train,,2.1746914386749268,global_scalar_z,1110
AMASS/all,,2.1746914386749268,global_scalar_z,1110
ALL/all,,2.1746840476989746,global_scalar_z,284
AMASS/train,,2.17467999458313,global_scalar_z,214
AMASS/all,,2.17467999458313,global_scalar_z,214
AMASS/train,,2.1746418476104736,global_scalar_z,52
AMASS/all,,2.1746418476104736,global_scalar_z,52
ALL/all,,2.1746387481689453,global_scalar_z,424
ALL/all,,2.1746225357055664,global_scalar_z,64
AMASS/train,,2.1746110916137695,global_scalar_z,1030
AMASS/all,,2.1746110916137695,global_scalar_z,1030
ALL/all,,2.1745920181274414,global_scalar_z,422
AMASS/train,,2.174555778503418,global_scalar_z,1134
AMASS/all,,2.174555778503418,global_scalar_z,1134
ALL/all,,2.174551010131836,global_scalar_z,114
AMASS/train,,2.1745457649230957,global_scalar_z,1066
AMASS/all,,2.1745457649230957,global_scalar_z,1066
ALL/all,,2.174544334411621,global_scalar_z,718
ALL/all,,2.174464702606201,global_scalar_z,678
ALL/all,,2.1744368076324463,global_scalar_z,626
ALL/all,,2.174427032470703,global_scalar_z,140
ALL/all,,2.1744067668914795,global_scalar_z,588
ALL/all,,2.1743884086608887,global_scalar_z,490
ALL/all,,2.1743788719177246,global_scalar_z,682
ALL/all,,2.174344301223755,global_scalar_z,144
ALL/all,,2.1743288040161133,global_scalar_z,782
AMASS/train,,2.1743149757385254,global_scalar_z,238
AMASS/all,,2.1743149757385254,global_scalar_z,238
ALL/all,,2.1743123531341553,global_scalar_z,476
AMASS/train,,2.1743056774139404,global_scalar_z,206
AMASS/all,,2.1743056774139404,global_scalar_z,206
ALL/all,,2.174290657043457,global_scalar_z,666
AMASS/train,,2.174287796020508,global_scalar_z,1160
AMASS/all,,2.174287796020508,global_scalar_z,1160
AMASS/train,,2.1742706298828125,global_scalar_z,202
AMASS/all,,2.1742706298828125,global_scalar_z,202
AMASS/train,,2.1742520332336426,global_scalar_z,1182
AMASS/all,,2.1742520332336426,global_scalar_z,1182
ALL/all,,2.1742405891418457,global_scalar_z,680
AMASS/train,,2.1742262840270996,global_scalar_z,6
AMASS/all,,2.1742262840270996,global_scalar_z,6
ALL/all,,2.1742188930511475,global_scalar_z,670
AMASS/train,,2.174205780029297,global_scalar_z,310
AMASS/all,,2.174205780029297,global_scalar_z,310
ALL/all,,2.1741881370544434,global_scalar_z,142
ALL/all,,2.174111843109131,global_scalar_z,230
ALL/all,,2.1741087436676025,global_scalar_z,652
ALL/all,,2.174069404602051,global_scalar_z,1078
ALL/all,,2.1740562915802,global_scalar_z,488
AMASS/train,,2.1740522384643555,global_scalar_z,1026
AMASS/all,,2.1740522384643555,global_scalar_z,1026
AMASS/train,,2.174046039581299,global_scalar_z,810
AMASS/all,,2.174046039581299,global_scalar_z,810
AMASS/train,,2.174044132232666,global_scalar_z,298
AMASS/all,,2.174044132232666,global_scalar_z,298
ALL/all,,2.1740219593048096,global_scalar_z,676
ALL/all,,2.173966407775879,global_scalar_z,526
ALL/all,,2.1739633083343506,global_scalar_z,664
ALL/all,,2.173933982849121,global_scalar_z,1128
ALL/all,,2.173919439315796,global_scalar_z,486
ALL/all,,2.1739132404327393,global_scalar_z,116
ALL/all,,2.173896312713623,global_scalar_z,650
ALL/all,,2.173882007598877,global_scalar_z,618
ALL/all,,2.1738510131835938,global_scalar_z,1124
ALL/all,,2.173830270767212,global_scalar_z,654
ALL/all,,2.1738011837005615,global_scalar_z,102
ALL/all,,2.1737632751464844,global_scalar_z,708
ALL/all,,2.1737399101257324,global_scalar_z,658
ALL/all,,2.173677444458008,global_scalar_z,1164
ALL/all,,2.1736721992492676,global_scalar_z,96
ALL/all,,2.173668146133423,global_scalar_z,132
ALL/all,,2.173657178878784,global_scalar_z,21
AMASS/train,,2.1736433506011963,global_scalar_z,557
AMASS/all,,2.1736433506011963,global_scalar_z,557
ALL/all,,2.1736316680908203,global_scalar_z,660
AMASS/train,,2.173583507537842,global_scalar_z,380
AMASS/all,,2.173583507537842,global_scalar_z,380
ALL/all,,2.173570394515991,global_scalar_z,656
ALL/all,,2.1735661029815674,global_scalar_z,330
AMASS/train,,2.173555374145508,global_scalar_z,994
AMASS/all,,2.173555374145508,global_scalar_z,994
ALL/all,,2.1735353469848633,global_scalar_z,668
ALL/all,,2.1735339164733887,global_scalar_z,622
AMASS/train,,2.173476457595825,global_scalar_z,1294
AMASS/all,,2.173476457595825,global_scalar_z,1294
ALL/all,,2.173475980758667,global_scalar_z,1084
AMASS/train,,2.173337697982788,global_scalar_z,324
AMASS/all,,2.173337697982788,global_scalar_z,324
AMASS/train,,2.1732335090637207,global_scalar_z,1116
AMASS/all,,2.1732335090637207,global_scalar_z,1116
ALL/all,,2.173229217529297,global_scalar_z,98
ALL/all,,2.1731908321380615,global_scalar_z,492
AMASS/train,,2.1731507778167725,global_scalar_z,696
AMASS/all,,2.1731507778167725,global_scalar_z,696
AMASS/train,,2.1730966567993164,global_scalar_z,1266
AMASS/all,,2.1730966567993164,global_scalar_z,1266
ALL/all,,2.1730685234069824,global_scalar_z,662
AMASS/train,,2.173043966293335,global_scalar_z,494
AMASS/all,,2.173043966293335,global_scalar_z,494
ALL/all,,2.1730127334594727,global_scalar_z,1022
ALL/all,,2.172966718673706,global_scalar_z,250
ALL/all,,2.172964572906494,global_scalar_z,14
AMASS/train,,2.1729393005371094,global_scalar_z,1132
AMASS/all,,2.1729393005371094,global_scalar_z,1132
AMASS/train,,2.172921657562256,global_scalar_z,360
AMASS/all,,2.172921657562256,global_scalar_z,360
ALL/all,,2.1729023456573486,global_scalar_z,194
ALL/all,,2.1729021072387695,global_scalar_z,1034
AMASS/train,,2.1728944778442383,global_scalar_z,1282
AMASS/all,,2.1728944778442383,global_scalar_z,1282
ALL/all,,2.1728692054748535,global_scalar_z,100
ALL/all,,2.1728663444519043,global_scalar_z,1104
ALL/all,,2.172849416732788,global_scalar_z,1144
ALL/all,,2.172828197479248,global_scalar_z,320
AMASS/train,,2.1728036403656006,global_scalar_z,1106
AMASS/all,,2.1728036403656006,global_scalar_z,1106
ALL/all,,2.1727705001831055,global_scalar_z,1136
AMASS/train,,2.172755718231201,global_scalar_z,1020
AMASS/all,,2.172755718231201,global_scalar_z,1020
AMASS/train,,2.1727547645568848,global_scalar_z,292
AMASS/all,,2.1727547645568848,global_scalar_z,292
AMASS/train,,2.1727383136749268,global_scalar_z,1296
AMASS/all,,2.1727383136749268,global_scalar_z,1296
ALL/all,,2.1726760864257812,global_scalar_z,484
ALL/all,,2.1726245880126953,global_scalar_z,624
ALL/all,,2.172623634338379,global_scalar_z,136
AMASS/train,,2.1726231575012207,global_scalar_z,1154
AMASS/all,,2.1726231575012207,global_scalar_z,1154
ALL/all,,2.1724984645843506,global_scalar_z,268
ALL/all,,2.172470808029175,global_scalar_z,308
AMASS/train,,2.172438859939575,global_scalar_z,758
AMASS/all,,2.172438859939575,global_scalar_z,758
ALL/all,,2.1723670959472656,global_scalar_z,710
ALL/all,,2.1722874641418457,global_scalar_z,336
ALL/all,,2.172274112701416,global_scalar_z,28
AMASS/train,,2.172271251678467,global_scalar_z,800
AMASS/all,,2.172271251678467,global_scalar_z,800
AMASS/train,,2.172264814376831,global_scalar_z,1162
AMASS/all,,2.172264814376831,global_scalar_z,1162
ALL/all,,2.1722588539123535,global_scalar_z,1150
AMASS/train,,2.1722092628479004,global_scalar_z,192
AMASS/all,,2.1722092628479004,global_scalar_z,192
ALL/all,,2.1721622943878174,global_scalar_z,1148
ALL/all,,2.1721303462982178,global_scalar_z,1270
AMASS/train,,2.1721198558807373,global_scalar_z,264
AMASS/all,,2.1721198558807373,global_scalar_z,264
AMASS/train,,2.172096014022827,global_scalar_z,1284
AMASS/all,,2.172096014022827,global_scalar_z,1284
AMASS/train,,2.1720540523529053,global_scalar_z,1014
AMASS/all,,2.1720540523529053,global_scalar_z,1014
ALL/all,,2.172041416168213,global_scalar_z,474
AMASS/train,,2.1720383167266846,global_scalar_z,326
AMASS/all,,2.1720383167266846,global_scalar_z,326
AMASS/train,,2.1719861030578613,global_scalar_z,0
AMASS/all,,2.1719861030578613,global_scalar_z,0
ALL/all,,2.1719460487365723,global_scalar_z,134
ALL/all,,2.171919822692871,global_scalar_z,1156
ALL/all,,2.1719045639038086,global_scalar_z,1088
AMASS/train,,2.171879291534424,global_scalar_z,368
AMASS/all,,2.171879291534424,global_scalar_z,368
ALL/all,,2.1718268394470215,global_scalar_z,300
AMASS/train,,2.1717865467071533,global_scalar_z,313
AMASS/all,,2.1717865467071533,global_scalar_z,313
AMASS/train,,2.1717708110809326,global_scalar_z,496
AMASS/all,,2.1717708110809326,global_scalar_z,496
AMASS/train,,2.171759843826294,global_scalar_z,1054
AMASS/all,,2.171759843826294,global_scalar_z,1054
AMASS/train,,2.1717445850372314,global_scalar_z,228
AMASS/all,,2.1717445850372314,global_scalar_z,228
AMASS/train,,2.1717000007629395,global_scalar_z,1290
AMASS/all,,2.1717000007629395,global_scalar_z,1290
ALL/all,,2.171638250350952,global_scalar_z,110
AMASS/train,,2.171628713607788,global_scalar_z,1180
AMASS/all,,2.171628713607788,global_scalar_z,1180
AMASS/train,,2.1716246604919434,global_scalar_z,1288
AMASS/all,,2.1716246604919434,global_scalar_z,1288
ALL/all,,2.1716134548187256,global_scalar_z,1114
ALL/all,,2.1716079711914062,global_scalar_z,1062
AMASS/train,,2.171604871749878,global_scalar_z,504
AMASS/all,,2.171604871749878,global_scalar_z,504
AMASS/train,,2.171600103378296,global_scalar_z,1004
AMASS/all,,2.171600103378296,global_scalar_z,1004
AMASS/train,,2.171475410461426,global_scalar_z,314
AMASS/all,,2.171475410461426,global_scalar_z,314
ALL/all,,2.1714587211608887,global_scalar_z,992
ALL/all,,2.1714484691619873,global_scalar_z,378
AMASS/train,,2.1713995933532715,global_scalar_z,694
AMASS/all,,2.1713995933532715,global_scalar_z,694
AMASS/train,,2.171369791030884,global_scalar_z,198
AMASS/all,,2.171369791030884,global_scalar_z,198
AMASS/train,,2.1713616847991943,global_scalar_z,1268
AMASS/all,,2.1713616847991943,global_scalar_z,1268
AMASS/train,,2.1712918281555176,global_scalar_z,792
AMASS/all,,2.1712918281555176,global_scalar_z,792
ALL/all,,2.1712918281555176,global_scalar_z,1274
ALL/all,,2.1712541580200195,global_scalar_z,254
ALL/all,,2.1712334156036377,global_scalar_z,286
AMASS/train,,2.171219825744629,global_scalar_z,222
AMASS/all,,2.171219825744629,global_scalar_z,222
ALL/all,,2.171190023422241,global_scalar_z,764
AMASS/train,,2.1711812019348145,global_scalar_z,312
AMASS/all,,2.1711812019348145,global_scalar_z,312
ALL/all,,2.171166181564331,global_scalar_z,1010
ALL/all,,2.1711478233337402,global_scalar_z,996
ALL/all,,2.1711418628692627,global_scalar_z,1276
AMASS/train,,2.171135187149048,global_scalar_z,1168
AMASS/all,,2.171135187149048,global_scalar_z,1168
AMASS/train,,2.171092987060547,global_scalar_z,760
AMASS/all,,2.171092987060547,global_scalar_z,760
ALL/all,,2.1710047721862793,global_scalar_z,988
ALL/all,,2.170926570892334,global_scalar_z,1272
AMASS/train,,2.1709256172180176,global_scalar_z,304
AMASS/all,,2.1709256172180176,global_scalar_z,304
ALL/all,,2.1708970069885254,global_scalar_z,1006
AMASS/train,,2.1708123683929443,global_scalar_z,806
AMASS/all,,2.1708123683929443,global_scalar_z,806
DIP/all,,2.1708106994628906,global_scalar_z,37
AMASS/train,,2.170762538909912,global_scalar_z,396
AMASS/all,,2.170762538909912,global_scalar_z,396
AMASS/train,,2.170753240585327,global_scalar_z,1094
AMASS/all,,2.170753240585327,global_scalar_z,1094
DIP/all,,2.170726776123047,global_scalar_z,22
ALL/all,,2.1707193851470947,global_scalar_z,258
AMASS/train,,2.1707077026367188,global_scalar_z,502
AMASS/all,,2.1707077026367188,global_scalar_z,502
AMASS/train,,2.1706602573394775,global_scalar_z,1178
AMASS/all,,2.1706602573394775,global_scalar_z,1178
AMASS/train,,2.170642852783203,global_scalar_z,36
AMASS/all,,2.170642852783203,global_scalar_z,36
AMASS/train,,2.1706185340881348,global_scalar_z,690
AMASS/all,,2.1706185340881348,global_scalar_z,690
ALL/all,,2.170614004135132,global_scalar_z,699
AMASS/train,,2.170440673828125,global_scalar_z,578
AMASS/all,,2.170440673828125,global_scalar_z,578
AMASS/train,,2.170437812805176,global_scalar_z,1260
AMASS/all,,2.170437812805176,global_scalar_z,1260
DIP/all,,2.1704347133636475,global_scalar_z,44
AMASS/train,,2.170410633087158,global_scalar_z,1264
AMASS/all,,2.170410633087158,global_scalar_z,1264
ALL/all,,2.1703991889953613,global_scalar_z,246
ALL/all,,2.170386552810669,global_scalar_z,112
AMASS/train,,2.1703641414642334,global_scalar_z,756
AMASS/all,,2.1703641414642334,global_scalar_z,756
ALL/all,,2.170334815979004,global_scalar_z,33
ALL/all,,2.1702492237091064,global_scalar_z,4
AMASS/train,,2.1702189445495605,global_scalar_z,196
AMASS/all,,2.1702189445495605,global_scalar_z,196
ALL/all,,2.17018461227417,global_scalar_z,1086
AMASS/train,,2.170166254043579,global_scalar_z,1036
AMASS/all,,2.170166254043579,global_scalar_z,1036
AMASS/train,,2.1701531410217285,global_scalar_z,270
AMASS/all,,2.1701531410217285,global_scalar_z,270
AMASS/train,,2.170140504837036,global_scalar_z,218
AMASS/all,,2.170140504837036,global_scalar_z,218
ALL/all,,2.1700713634490967,global_scalar_z,138
AMASS/train,,2.1700620651245117,global_scalar_z,224
AMASS/all,,2.1700620651245117,global_scalar_z,224
AMASS/train,,2.1700596809387207,global_scalar_z,294
AMASS/all,,2.1700596809387207,global_scalar_z,294
AMASS/train,,2.1700403690338135,global_scalar_z,1204
AMASS/all,,2.1700403690338135,global_scalar_z,1204
AMASS/train,,2.170038938522339,global_scalar_z,306
AMASS/all,,2.170038938522339,global_scalar_z,306
ALL/all,,2.1699929237365723,global_scalar_z,126
AMASS/train,,2.1699752807617188,global_scalar_z,1206
AMASS/all,,2.1699752807617188,global_scalar_z,1206
ALL/all,,2.1698973178863525,global_scalar_z,44
AMASS/train,,2.169877529144287,global_scalar_z,786
AMASS/all,,2.169877529144287,global_scalar_z,786
DIP/all,,2.1698641777038574,global_scalar_z,4
AMASS/train,,2.1698198318481445,global_scalar_z,1252
AMASS/all,,2.1698198318481445,global_scalar_z,1252
ALL/all,,2.1698050498962402,global_scalar_z,26
AMASS/train,,2.1697418689727783,global_scalar_z,1262
AMASS/all,,2.1697418689727783,global_scalar_z,1262
AMASS/train,,2.169727325439453,global_scalar_z,232
AMASS/all,,2.169727325439453,global_scalar_z,232
AMASS/train,,2.169708013534546,global_scalar_z,278
AMASS/all,,2.169708013534546,global_scalar_z,278
ALL/all,,2.169703722000122,global_scalar_z,256
ALL/all,,2.169689893722534,global_scalar_z,1399
ALL/all,,2.1696553230285645,global_scalar_z,382
ALL/all,,2.1696300506591797,global_scalar_z,1008
ALL/all,,2.169572591781616,global_scalar_z,1146
AMASS/train,,2.169551372528076,global_scalar_z,1040
AMASS/all,,2.169551372528076,global_scalar_z,1040
ALL/all,,2.1695423126220703,global_scalar_z,1280
AMASS/train,,2.1695282459259033,global_scalar_z,1234
AMASS/all,,2.1695282459259033,global_scalar_z,1234
ALL/all,,2.1695172786712646,global_scalar_z,1278
AMASS/train,,2.1695151329040527,global_scalar_z,2
AMASS/all,,2.1695151329040527,global_scalar_z,2
AMASS/train,,2.1695101261138916,global_scalar_z,200
AMASS/all,,2.1695101261138916,global_scalar_z,200
ALL/all,,2.169461250305176,global_scalar_z,212
AMASS/train,,2.169450521469116,global_scalar_z,240
AMASS/all,,2.169450521469116,global_scalar_z,240
AMASS/train,,2.1693971157073975,global_scalar_z,244
AMASS/all,,2.1693971157073975,global_scalar_z,244
AMASS/train,,2.1693661212921143,global_scalar_z,1096
AMASS/all,,2.1693661212921143,global_scalar_z,1096
AMASS/train,,2.1693596839904785,global_scalar_z,1286
AMASS/all,,2.1693596839904785,global_scalar_z,1286
AMASS/train,,2.1693544387817383,global_scalar_z,498
AMASS/all,,2.1693544387817383,global_scalar_z,498
ALL/all,,2.1693503856658936,global_scalar_z,128
AMASS/train,,2.1693456172943115,global_scalar_z,1166
AMASS/all,,2.1693456172943115,global_scalar_z,1166
AMASS/train,,2.1693451404571533,global_scalar_z,204
AMASS/all,,2.1693451404571533,global_scalar_z,204
AMASS/train,,2.169337034225464,global_scalar_z,692
AMASS/all,,2.169337034225464,global_scalar_z,692
AMASS/train,,2.1693294048309326,global_scalar_z,1208
AMASS/all,,2.1693294048309326,global_scalar_z,1208
AMASS/train,,2.169327735900879,global_scalar_z,1292
AMASS/all,,2.169327735900879,global_scalar_z,1292
AMASS/train,,2.1692988872528076,global_scalar_z,1258
AMASS/all,,2.1692988872528076,global_scalar_z,1258
AMASS/train,,2.1692745685577393,global_scalar_z,766
AMASS/all,,2.1692745685577393,global_scalar_z,766
AMASS/train,,2.169215440750122,global_scalar_z,384
AMASS/all,,2.169215440750122,global_scalar_z,384
AMASS/train,,2.1692051887512207,global_scalar_z,699
AMASS/all,,2.1692051887512207,global_scalar_z,699
AMASS/train,,2.1692020893096924,global_scalar_z,582
AMASS/all,,2.1692020893096924,global_scalar_z,582
AMASS/train,,2.1691648960113525,global_scalar_z,302
AMASS/all,,2.1691648960113525,global_scalar_z,302
AMASS/train,,2.169090509414673,global_scalar_z,1000
AMASS/all,,2.169090509414673,global_scalar_z,1000
AMASS/train,,2.1690618991851807,global_scalar_z,1230
AMASS/all,,2.1690618991851807,global_scalar_z,1230
AMASS/train,,2.1690456867218018,global_scalar_z,376
AMASS/all,,2.1690456867218018,global_scalar_z,376
AMASS/train,,2.1690268516540527,global_scalar_z,226
AMASS/all,,2.1690268516540527,global_scalar_z,226
AMASS/train,,2.169006824493408,global_scalar_z,576
AMASS/all,,2.169006824493408,global_scalar_z,576
ALL/all,,2.169001340866089,global_scalar_z,272
AMASS/train,,2.1689932346343994,global_scalar_z,358
AMASS/all,,2.1689932346343994,global_scalar_z,358
ALL/all,,2.1689608097076416,global_scalar_z,796
AMASS/train,,2.1689579486846924,global_scalar_z,394
AMASS/all,,2.1689579486846924,global_scalar_z,394
AMASS/train,,2.1689436435699463,global_scalar_z,50
AMASS/all,,2.1689436435699463,global_scalar_z,50
AMASS/train,,2.1689343452453613,global_scalar_z,1250
AMASS/all,,2.1689343452453613,global_scalar_z,1250
AMASS/train,,2.1689257621765137,global_scalar_z,33
AMASS/all,,2.1689257621765137,global_scalar_z,33
ALL/all,,2.1688621044158936,global_scalar_z,124
ALL/all,,2.1688146591186523,global_scalar_z,398
AMASS/train,,2.1687941551208496,global_scalar_z,1032
AMASS/all,,2.1687941551208496,global_scalar_z,1032
ALL/all,,2.168790578842163,global_scalar_z,794
AMASS/train,,2.1686933040618896,global_scalar_z,1068
AMASS/all,,2.1686933040618896,global_scalar_z,1068
ALL/all,,2.168687343597412,global_scalar_z,316
ALL/all,,2.1686747074127197,global_scalar_z,1058
AMASS/train,,2.1685636043548584,global_scalar_z,1218
AMASS/all,,2.1685636043548584,global_scalar_z,1218
AMASS/train,,2.1685631275177,global_scalar_z,584
AMASS/all,,2.1685631275177,global_scalar_z,584
AMASS/train,,2.1685612201690674,global_scalar_z,688
AMASS/all,,2.1685612201690674,global_scalar_z,688
AMASS/train,,2.168534517288208,global_scalar_z,762
AMASS/all,,2.168534517288208,global_scalar_z,762
ALL/all,,2.1685304641723633,global_scalar_z,1098
AMASS/train,,2.168454885482788,global_scalar_z,1254
AMASS/all,,2.168454885482788,global_scalar_z,1254
ALL/all,,2.168450355529785,global_scalar_z,400
AMASS/train,,2.1683411598205566,global_scalar_z,276
AMASS/all,,2.1683411598205566,global_scalar_z,276
AMASS/train,,2.168337106704712,global_scalar_z,40
AMASS/all,,2.168337106704712,global_scalar_z,40
ALL/all,,2.1682777404785156,global_scalar_z,1110
AMASS/train,,2.1682682037353516,global_scalar_z,1002
AMASS/all,,2.1682682037353516,global_scalar_z,1002
ALL/all,,2.1682662963867188,global_scalar_z,214
ALL/all,,2.1682283878326416,global_scalar_z,52
ALL/all,,2.1681976318359375,global_scalar_z,1030
AMASS/train,,2.1681668758392334,global_scalar_z,816
AMASS/all,,2.1681668758392334,global_scalar_z,816
ALL/all,,2.168142318725586,global_scalar_z,1134
ALL/all,,2.1681323051452637,global_scalar_z,1066
DIP/all,,2.16809344291687,global_scalar_z,13
AMASS/train,,2.1680259704589844,global_scalar_z,1196
AMASS/all,,2.1680259704589844,global_scalar_z,1196
AMASS/train,,2.167985677719116,global_scalar_z,1018
AMASS/all,,2.167985677719116,global_scalar_z,1018
AMASS/train,,2.1679627895355225,global_scalar_z,804
AMASS/all,,2.1679627895355225,global_scalar_z,804
ALL/all,,2.1679017543792725,global_scalar_z,238
ALL/all,,2.1678924560546875,global_scalar_z,206
ALL/all,,2.167874574661255,global_scalar_z,1160
ALL/all,,2.1678574085235596,global_scalar_z,202
AMASS/train,,2.167853593826294,global_scalar_z,500
AMASS/all,,2.167853593826294,global_scalar_z,500
ALL/all,,2.1678390502929688,global_scalar_z,1182
AMASS/train,,2.167830228805542,global_scalar_z,1190
AMASS/all,,2.167830228805542,global_scalar_z,1190
ALL/all,,2.167813301086426,global_scalar_z,6
AMASS/train,,2.1678109169006348,global_scalar_z,1240
AMASS/all,,2.1678109169006348,global_scalar_z,1240
ALL/all,,2.167792558670044,global_scalar_z,310
AMASS/train,,2.1677098274230957,global_scalar_z,1220
AMASS/all,,2.1677098274230957,global_scalar_z,1220
AMASS/train,,2.1677095890045166,global_scalar_z,362
AMASS/all,,2.1677095890045166,global_scalar_z,362
AMASS/train,,2.167696237564087,global_scalar_z,1238
AMASS/all,,2.167696237564087,global_scalar_z,1238
AMASS/train,,2.167661666870117,global_scalar_z,208
AMASS/all,,2.167661666870117,global_scalar_z,208
AMASS/train,,2.167661428451538,global_scalar_z,790
AMASS/all,,2.167661428451538,global_scalar_z,790
AMASS/train,,2.16766095161438,global_scalar_z,1210
AMASS/all,,2.16766095161438,global_scalar_z,1210
AMASS/train,,2.1676604747772217,global_scalar_z,1246
AMASS/all,,2.1676604747772217,global_scalar_z,1246
ALL/all,,2.1676394939422607,global_scalar_z,1026
AMASS/train,,2.167635679244995,global_scalar_z,1228
AMASS/all,,2.167635679244995,global_scalar_z,1228
ALL/all,,2.167633295059204,global_scalar_z,810
ALL/all,,2.1676313877105713,global_scalar_z,298
AMASS/train,,2.1676292419433594,global_scalar_z,262
AMASS/all,,2.1676292419433594,global_scalar_z,262
AMASS/train,,2.167576789855957,global_scalar_z,1090
AMASS/all,,2.167576789855957,global_scalar_z,1090
AMASS/train,,2.167538642883301,global_scalar_z,820
AMASS/all,,2.167538642883301,global_scalar_z,820
AMASS/train,,2.167518138885498,global_scalar_z,580
AMASS/all,,2.167518138885498,global_scalar_z,580
AMASS/train,,2.167513370513916,global_scalar_z,1256
AMASS/all,,2.167513370513916,global_scalar_z,1256
AMASS/train,,2.167504072189331,global_scalar_z,370
AMASS/all,,2.167504072189331,global_scalar_z,370
AMASS/train,,2.1674540042877197,global_scalar_z,280
AMASS/all,,2.1674540042877197,global_scalar_z,280
ALL/all,,2.1674423217773438,global_scalar_z,609
AMASS/train,,2.1673691272735596,global_scalar_z,1224
AMASS/all,,2.1673691272735596,global_scalar_z,1224
AMASS/train,,2.1673669815063477,global_scalar_z,822
AMASS/all,,2.1673669815063477,global_scalar_z,822
AMASS/train,,2.167357921600342,global_scalar_z,234
AMASS/all,,2.167357921600342,global_scalar_z,234
AMASS/train,,2.167271614074707,global_scalar_z,1170
AMASS/all,,2.167271614074707,global_scalar_z,1170
ALL/all,,2.1672310829162598,global_scalar_z,557
ALL/all,,2.167171001434326,global_scalar_z,380
ALL/all,,2.1671652793884277,global_scalar_z,993
ALL/all,,2.167142868041992,global_scalar_z,994
AMASS/train,,2.167116641998291,global_scalar_z,1140
AMASS/all,,2.167116641998291,global_scalar_z,1140
AMASS/train,,2.167081356048584,global_scalar_z,374
AMASS/all,,2.167081356048584,global_scalar_z,374
ALL/all,,2.1670644283294678,global_scalar_z,1294
AMASS/train,,2.1670308113098145,global_scalar_z,1226
AMASS/all,,2.1670308113098145,global_scalar_z,1226
AMASS/train,,2.167017936706543,global_scalar_z,248
AMASS/all,,2.167017936706543,global_scalar_z,248
AMASS/train,,2.1669423580169678,global_scalar_z,1232
AMASS/all,,2.1669423580169678,global_scalar_z,1232
ALL/all,,2.1669256687164307,global_scalar_z,324
AMASS/train,,2.1668572425842285,global_scalar_z,364
AMASS/all,,2.1668572425842285,global_scalar_z,364
ALL/all,,2.1668217182159424,global_scalar_z,1116
AMASS/train,,2.166797161102295,global_scalar_z,1130
AMASS/all,,2.166797161102295,global_scalar_z,1130
AMASS/train,,2.1667611598968506,global_scalar_z,1216
AMASS/all,,2.1667611598968506,global_scalar_z,1216
AMASS/train,,2.1667494773864746,global_scalar_z,1202
AMASS/all,,2.1667494773864746,global_scalar_z,1202
ALL/all,,2.166738986968994,global_scalar_z,696
AMASS/train,,2.1667346954345703,global_scalar_z,808
AMASS/all,,2.1667346954345703,global_scalar_z,808
AMASS/train,,2.1667304039001465,global_scalar_z,818
AMASS/all,,2.1667304039001465,global_scalar_z,818
AMASS/train,,2.166715145111084,global_scalar_z,802
AMASS/all,,2.166715145111084,global_scalar_z,802
AMASS/train,,2.1666975021362305,global_scalar_z,1242
AMASS/all,,2.1666975021362305,global_scalar_z,1242
ALL/all,,2.166684865951538,global_scalar_z,1266
AMASS/train,,2.166651487350464,global_scalar_z,1142
AMASS/all,,2.166651487350464,global_scalar_z,1142
ALL/all,,2.1666321754455566,global_scalar_z,494
AMASS/train,,2.1666245460510254,global_scalar_z,10
AMASS/all,,2.1666245460510254,global_scalar_z,10
ALL/all,,2.166527509689331,global_scalar_z,1132
ALL/all,,2.1665101051330566,global_scalar_z,360
AMASS/train,,2.166484832763672,global_scalar_z,1244
AMASS/all,,2.166484832763672,global_scalar_z,1244
ALL/all,,2.166482925415039,global_scalar_z,1282
AMASS/train,,2.1664693355560303,global_scalar_z,1222
AMASS/all,,2.1664693355560303,global_scalar_z,1222
AMASS/train,,2.166398286819458,global_scalar_z,1028
AMASS/all,,2.166398286819458,global_scalar_z,1028
ALL/all,,2.1663923263549805,global_scalar_z,1106
ALL/all,,2.166377305984497,global_scalar_z,359
AMASS/train,,2.1663522720336914,global_scalar_z,1194
AMASS/all,,2.1663522720336914,global_scalar_z,1194
ALL/all,,2.166344404220581,global_scalar_z,1020
ALL/all,,2.1663434505462646,global_scalar_z,292
AMASS/train,,2.1663403511047363,global_scalar_z,372
AMASS/all,,2.1663403511047363,global_scalar_z,372
ALL/all,,2.1663269996643066,global_scalar_z,1296
ALL/all,,2.1662118434906006,global_scalar_z,1154
AMASS/train,,2.1662001609802246,global_scalar_z,1214
AMASS/all,,2.1662001609802246,global_scalar_z,1214
AMASS/train,,2.1660897731781006,global_scalar_z,814
AMASS/all,,2.1660897731781006,global_scalar_z,814
AMASS/train,,2.166029930114746,global_scalar_z,609
AMASS/all,,2.166029930114746,global_scalar_z,609
ALL/all,,2.166027784347534,global_scalar_z,758
AMASS/train,,2.1660068035125732,global_scalar_z,1176
AMASS/all,,2.1660068035125732,global_scalar_z,1176
AMASS/train,,2.16595458984375,global_scalar_z,210
AMASS/all,,2.16595458984375,global_scalar_z,210
AMASS/train,,2.165928602218628,global_scalar_z,1248
AMASS/all,,2.165928602218628,global_scalar_z,1248
ALL/all,,2.1658706665039062,global_scalar_z,313
ALL/all,,2.165860414505005,global_scalar_z,800
ALL/all,,2.165853977203369,global_scalar_z,1162
ALL/all,,2.1657984256744385,global_scalar_z,192
AMASS/train,,2.165752410888672,global_scalar_z,993
AMASS/all,,2.165752410888672,global_scalar_z,993
AMASS/train,,2.1657371520996094,global_scalar_z,1012
AMASS/all,,2.1657371520996094,global_scalar_z,1012
ALL/all,,2.1657090187072754,global_scalar_z,264
AMASS/train,,2.1656992435455322,global_scalar_z,1186
AMASS/all,,2.1656992435455322,global_scalar_z,1186
ALL/all,,2.1656854152679443,global_scalar_z,1284
AMASS/train,,2.165663957595825,global_scalar_z,366
AMASS/all,,2.165663957595825,global_scalar_z,366
ALL/all,,2.1656434535980225,global_scalar_z,1014
AMASS/train,,2.1656301021575928,global_scalar_z,1236
AMASS/all,,2.1656301021575928,global_scalar_z,1236
ALL/all,,2.1656277179718018,global_scalar_z,326
ALL/all,,2.1655755043029785,global_scalar_z,0
AMASS/train,,2.1655633449554443,global_scalar_z,986
AMASS/all,,2.1655633449554443,global_scalar_z,986
AMASS/train,,2.165560722351074,global_scalar_z,274
AMASS/all,,2.165560722351074,global_scalar_z,274
AMASS/train,,2.1655406951904297,global_scalar_z,236
AMASS/all,,2.1655406951904297,global_scalar_z,236
AMASS/train,,2.1654975414276123,global_scalar_z,1192
AMASS/all,,2.1654975414276123,global_scalar_z,1192
AMASS/train,,2.1654858589172363,global_scalar_z,260
AMASS/all,,2.1654858589172363,global_scalar_z,260
ALL/all,,2.16546893119812,global_scalar_z,368
AMASS/train,,2.1654610633850098,global_scalar_z,38
AMASS/all,,2.1654610633850098,global_scalar_z,38
AMASS/train,,2.1654417514801025,global_scalar_z,798
AMASS/all,,2.1654417514801025,global_scalar_z,798
AMASS/train,,2.165438175201416,global_scalar_z,812
AMASS/all,,2.165438175201416,global_scalar_z,812
ALL/all,,2.165360689163208,global_scalar_z,496
ALL/all,,2.1653497219085693,global_scalar_z,1054
ALL/all,,2.165334463119507,global_scalar_z,228
DIP/all,,2.1653332710266113,global_scalar_z,8
ALL/all,,2.165289878845215,global_scalar_z,1290
ALL/all,,2.1652185916900635,global_scalar_z,1180
ALL/all,,2.1652145385742188,global_scalar_z,1288
ALL/all,,2.1651947498321533,global_scalar_z,504
ALL/all,,2.1651902198791504,global_scalar_z,1004
AMASS/train,,2.165111780166626,global_scalar_z,990
AMASS/all,,2.165111780166626,global_scalar_z,990
ALL/all,,2.1650655269622803,global_scalar_z,314
AMASS/train,,2.16504168510437,global_scalar_z,220
AMASS/all,,2.16504168510437,global_scalar_z,220
AMASS/train,,2.1650373935699463,global_scalar_z,1200
AMASS/all,,2.1650373935699463,global_scalar_z,1200
ALL/all,,2.164989709854126,global_scalar_z,694
AMASS/train,,2.164963722229004,global_scalar_z,359
AMASS/all,,2.164963722229004,global_scalar_z,359
ALL/all,,2.1649599075317383,global_scalar_z,198
ALL/all,,2.164952039718628,global_scalar_z,1268
ALL/all,,2.164882183074951,global_scalar_z,792
ALL/all,,2.1648101806640625,global_scalar_z,222
AMASS/train,,2.164783239364624,global_scalar_z,788
AMASS/all,,2.164783239364624,global_scalar_z,788
ALL/all,,2.164771556854248,global_scalar_z,312
ALL/all,,2.1647257804870605,global_scalar_z,1168
ALL/all,,2.1646835803985596,global_scalar_z,760
AMASS/train,,2.1645946502685547,global_scalar_z,242
AMASS/all,,2.1645946502685547,global_scalar_z,242
ALL/all,,2.1645162105560303,global_scalar_z,304
ALL/all,,2.1645076274871826,global_scalar_z,701
AMASS/train,,2.1644837856292725,global_scalar_z,1188
AMASS/all,,2.1644837856292725,global_scalar_z,1188
ALL/all,,2.164403200149536,global_scalar_z,806
ALL/all,,2.164353370666504,global_scalar_z,396
ALL/all,,2.164344072341919,global_scalar_z,1094
ALL/all,,2.1642987728118896,global_scalar_z,502
AMASS/train,,2.1642520427703857,global_scalar_z,1042
AMASS/all,,2.1642520427703857,global_scalar_z,1042
ALL/all,,2.1642513275146484,global_scalar_z,1178
ALL/all,,2.164233922958374,global_scalar_z,36
AMASS/train,,2.1642136573791504,global_scalar_z,1198
AMASS/all,,2.1642136573791504,global_scalar_z,1198
ALL/all,,2.1642096042633057,global_scalar_z,690
TotalCapture/all,,2.164034605026245,global_scalar_z,36
ALL/all,,2.164031982421875,global_scalar_z,578
ALL/all,,2.164029121398926,global_scalar_z,1260
ALL/all,,2.164001941680908,global_scalar_z,1264
ALL/all,,2.1639554500579834,global_scalar_z,756
ALL/all,,2.1638104915618896,global_scalar_z,196
ALL/all,,2.16379451751709,global_scalar_z,281
ALL/all,,2.1637580394744873,global_scalar_z,1036
ALL/all,,2.1637446880340576,global_scalar_z,270
ALL/all,,2.1637320518493652,global_scalar_z,218
AMASS/train,,2.163679838180542,global_scalar_z,216
AMASS/all,,2.163679838180542,global_scalar_z,216
ALL/all,,2.163653612136841,global_scalar_z,224
ALL/all,,2.163651466369629,global_scalar_z,294
ALL/all,,2.1636321544647217,global_scalar_z,1204
ALL/all,,2.163630723953247,global_scalar_z,306
ALL/all,,2.163567066192627,global_scalar_z,1206
ALL/all,,2.1634693145751953,global_scalar_z,786
ALL/all,,2.163411855697632,global_scalar_z,1252
ALL/all,,2.1634039878845215,global_scalar_z,1042
ALL/all,,2.1634037494659424,global_scalar_z,845
ALL/all,,2.1633667945861816,global_scalar_z,1389
ALL/all,,2.1633338928222656,global_scalar_z,1262
ALL/all,,2.1633193492889404,global_scalar_z,232
AMASS/train,,2.163309335708618,global_scalar_z,1212
AMASS/all,,2.163309335708618,global_scalar_z,1212
ALL/all,,2.163300037384033,global_scalar_z,278
ALL/all,,2.1631436347961426,global_scalar_z,1040
ALL/all,,2.1631205081939697,global_scalar_z,1234
ALL/all,,2.163107395172119,global_scalar_z,2
ALL/all,,2.163102388381958,global_scalar_z,200
AMASS/train,,2.1630916595458984,global_scalar_z,701
AMASS/all,,2.1630916595458984,global_scalar_z,701
AMASS/train,,2.1630594730377197,global_scalar_z,1158
AMASS/all,,2.1630594730377197,global_scalar_z,1158
ALL/all,,2.1630427837371826,global_scalar_z,240
ALL/all,,2.162989616394043,global_scalar_z,244
ALL/all,,2.1629586219787598,global_scalar_z,1096
ALL/all,,2.162952184677124,global_scalar_z,1286
ALL/all,,2.162947177886963,global_scalar_z,498
ALL/all,,2.162938117980957,global_scalar_z,1166
ALL/all,,2.162937641143799,global_scalar_z,204
ALL/all,,2.1629295349121094,global_scalar_z,692
ALL/all,,2.162921905517578,global_scalar_z,1208
ALL/all,,2.1629202365875244,global_scalar_z,1292
ALL/all,,2.162891387939453,global_scalar_z,1258
ALL/all,,2.162867307662964,global_scalar_z,766
AMASS/train,,2.1628618240356445,global_scalar_z,1174
AMASS/all,,2.1628618240356445,global_scalar_z,1174
ALL/all,,2.1628081798553467,global_scalar_z,384
ALL/all,,2.162794828414917,global_scalar_z,582
ALL/all,,2.162757635116577,global_scalar_z,302
AMASS/train,,2.1626999378204346,global_scalar_z,984
AMASS/all,,2.1626999378204346,global_scalar_z,984
ALL/all,,2.1626832485198975,global_scalar_z,1000
ALL/all,,2.1626548767089844,global_scalar_z,1230
ALL/all,,2.1626386642456055,global_scalar_z,376
ALL/all,,2.1626195907592773,global_scalar_z,226
ALL/all,,2.162599802017212,global_scalar_z,576
ALL/all,,2.162586212158203,global_scalar_z,358
ALL/all,,2.162550926208496,global_scalar_z,394
ALL/all,,2.16253662109375,global_scalar_z,50
ALL/all,,2.162527322769165,global_scalar_z,1250
AMASS/train,,2.162482261657715,global_scalar_z,1056
AMASS/all,,2.162482261657715,global_scalar_z,1056
ALL/all,,2.1623873710632324,global_scalar_z,1032
AMASS/train,,2.1623775959014893,global_scalar_z,281
AMASS/all,,2.1623775959014893,global_scalar_z,281
ALL/all,,2.1622865200042725,global_scalar_z,1068
ALL/all,,2.162184953689575,global_scalar_z,791
ALL/all,,2.1621570587158203,global_scalar_z,1218
ALL/all,,2.162156581878662,global_scalar_z,584
ALL/all,,2.1621546745300293,global_scalar_z,688
AMASS/train,,2.162154197692871,global_scalar_z,1118
AMASS/all,,2.162154197692871,global_scalar_z,1118
ALL/all,,2.16212797164917,global_scalar_z,762
AMASS/train,,2.1620678901672363,global_scalar_z,8
AMASS/train,,2.1620678901672363,global_scalar_z,252
AMASS/all,,2.1620678901672363,global_scalar_z,8
AMASS/all,,2.1620678901672363,global_scalar_z,252
ALL/all,,2.162048578262329,global_scalar_z,1254
AMASS/train,,2.1619865894317627,global_scalar_z,845
AMASS/all,,2.1619865894317627,global_scalar_z,845
ALL/all,,2.1619350910186768,global_scalar_z,276
ALL/all,,2.161930799484253,global_scalar_z,40
AMASS/train,,2.1618940830230713,global_scalar_z,1076
AMASS/all,,2.1618940830230713,global_scalar_z,1076
ALL/all,,2.1618621349334717,global_scalar_z,1002
AMASS/train,,2.1618494987487793,global_scalar_z,1016
AMASS/all,,2.1618494987487793,global_scalar_z,1016
AMASS/train,,2.161818027496338,global_scalar_z,1080
AMASS/all,,2.161818027496338,global_scalar_z,1080
ALL/all,,2.1617605686187744,global_scalar_z,816
ALL/all,,2.1616199016571045,global_scalar_z,1196
ALL/all,,2.1615798473358154,global_scalar_z,1018
ALL/all,,2.1615569591522217,global_scalar_z,804
ALL/all,,2.1614480018615723,global_scalar_z,500
AMASS/train,,2.1614441871643066,global_scalar_z,1184
AMASS/all,,2.1614441871643066,global_scalar_z,1184
ALL/all,,2.161424398422241,global_scalar_z,1190
ALL/all,,2.161405086517334,global_scalar_z,1240
AMASS/train,,2.161402702331543,global_scalar_z,982
AMASS/all,,2.161402702331543,global_scalar_z,982
AMASS/train,,2.16139817237854,global_scalar_z,1126
AMASS/all,,2.16139817237854,global_scalar_z,1126
ALL/all,,2.161304235458374,global_scalar_z,1220
ALL/all,,2.161303997039795,global_scalar_z,362
ALL/all,,2.1612908840179443,global_scalar_z,1238
AMASS/train,,2.161285638809204,global_scalar_z,392
AMASS/all,,2.161285638809204,global_scalar_z,392
ALL/all,,2.1612560749053955,global_scalar_z,208
ALL/all,,2.1612558364868164,global_scalar_z,790
ALL/all,,2.161255359649658,global_scalar_z,1210
ALL/all,,2.161255121231079,global_scalar_z,1246
ALL/all,,2.1612300872802734,global_scalar_z,1228
ALL/all,,2.161223888397217,global_scalar_z,262
ALL/all,,2.1611714363098145,global_scalar_z,1090
ALL/all,,2.161133289337158,global_scalar_z,820
ALL/all,,2.1611127853393555,global_scalar_z,580
ALL/all,,2.1611080169677734,global_scalar_z,1256
ALL/all,,2.1610987186431885,global_scalar_z,370
ALL/all,,2.1610488891601562,global_scalar_z,280
ALL/all,,2.160963773727417,global_scalar_z,1224
ALL/all,,2.160961627960205,global_scalar_z,822
ALL/all,,2.1609528064727783,global_scalar_z,234
AMASS/train,,2.16092586517334,global_scalar_z,1100
AMASS/all,,2.16092586517334,global_scalar_z,1100
ALL/all,,2.1608664989471436,global_scalar_z,1170
AMASS/train,,2.1607887744903564,global_scalar_z,266
AMASS/all,,2.1607887744903564,global_scalar_z,266
AMASS/train,,2.160766363143921,global_scalar_z,791
AMASS/all,,2.160766363143921,global_scalar_z,791
ALL/all,,2.1607117652893066,global_scalar_z,1140
ALL/all,,2.1606764793395996,global_scalar_z,374
ALL/all,,2.16062593460083,global_scalar_z,1226
AMASS/train,,2.1606218814849854,global_scalar_z,1044
AMASS/all,,2.1606218814849854,global_scalar_z,1044
ALL/all,,2.1606130599975586,global_scalar_z,248
AMASS/train,,2.1605663299560547,global_scalar_z,1038
AMASS/all,,2.1605663299560547,global_scalar_z,1038
ALL/all,,2.1605374813079834,global_scalar_z,1232
ALL/all,,2.1604526042938232,global_scalar_z,364
ALL/all,,2.1603927612304688,global_scalar_z,1130
ALL/all,,2.1603567600250244,global_scalar_z,1216
ALL/all,,2.1603450775146484,global_scalar_z,1202
ALL/all,,2.160330295562744,global_scalar_z,808
ALL/all,,2.1603260040283203,global_scalar_z,818
ALL/all,,2.160310745239258,global_scalar_z,802
ALL/all,,2.1602931022644043,global_scalar_z,1242
ALL/all,,2.1602470874786377,global_scalar_z,1142
ALL/all,,2.160220146179199,global_scalar_z,10
ALL/all,,2.160080671310425,global_scalar_z,1244
ALL/all,,2.160065174102783,global_scalar_z,1222
ALL/all,,2.1600403785705566,global_scalar_z,27
ALL/all,,2.159994125366211,global_scalar_z,1028
ALL/all,,2.1599481105804443,global_scalar_z,1194
ALL/all,,2.1599364280700684,global_scalar_z,372
ALL/all,,2.1597962379455566,global_scalar_z,1214
ALL/all,,2.1596860885620117,global_scalar_z,814
ALL/all,,2.1596031188964844,global_scalar_z,1176
ALL/all,,2.1595511436462402,global_scalar_z,210
ALL/all,,2.159525156021118,global_scalar_z,1248
ALL/all,,2.159508228302002,global_scalar_z,1387
ALL/all,,2.159351110458374,global_scalar_z,1385
ALL/all,,2.1593387126922607,global_scalar_z,839
ALL/all,,2.1593339443206787,global_scalar_z,1012
ALL/all,,2.1592957973480225,global_scalar_z,1186
ALL/all,,2.1592607498168945,global_scalar_z,366
ALL/all,,2.159226894378662,global_scalar_z,1236
ALL/all,,2.1591601371765137,global_scalar_z,986
ALL/all,,2.1591577529907227,global_scalar_z,274
AMASS/train,,2.159149408340454,global_scalar_z,1092
AMASS/all,,2.159149408340454,global_scalar_z,1092
ALL/all,,2.159137487411499,global_scalar_z,236
ALL/all,,2.1590943336486816,global_scalar_z,1192
ALL/all,,2.1590828895568848,global_scalar_z,260
ALL/all,,2.159058094024658,global_scalar_z,38
ALL/all,,2.159038782119751,global_scalar_z,798
ALL/all,,2.1590352058410645,global_scalar_z,812
AMASS/train,,2.158992052078247,global_scalar_z,1102
AMASS/all,,2.158992052078247,global_scalar_z,1102
AMASS/train,,2.1589810848236084,global_scalar_z,1082
AMASS/all,,2.1589810848236084,global_scalar_z,1082
DIP/all,,2.1589787006378174,global_scalar_z,55
AMASS/train,,2.158811092376709,global_scalar_z,1050
AMASS/all,,2.158811092376709,global_scalar_z,1050
ALL/all,,2.1587092876434326,global_scalar_z,990
ALL/all,,2.1586391925811768,global_scalar_z,220
ALL/all,,2.158634901046753,global_scalar_z,1200
AMASS/train,,2.1586194038391113,global_scalar_z,27
AMASS/all,,2.1586194038391113,global_scalar_z,27
ALL/all,,2.158381223678589,global_scalar_z,788
ALL/all,,2.1581926345825195,global_scalar_z,242
ALL/all,,2.158168077468872,global_scalar_z,1126
ALL/all,,2.1580820083618164,global_scalar_z,1188
AMASS/train,,2.157916784286499,global_scalar_z,839
AMASS/all,,2.157916784286499,global_scalar_z,839
ALL/all,,2.1578121185302734,global_scalar_z,1198
ALL/all,,2.1572787761688232,global_scalar_z,216
DIP/test,,2.1572532653808594,global_scalar_z,11
AMASS/train,,2.1571297645568848,global_scalar_z,1024
AMASS/all,,2.1571297645568848,global_scalar_z,1024
ALL/all,,2.1569087505340576,global_scalar_z,1212
AMASS/train,,2.1568238735198975,global_scalar_z,1120
AMASS/all,,2.1568238735198975,global_scalar_z,1120
ALL/all,,2.1566591262817383,global_scalar_z,1158
DIP/test,,2.1565349102020264,global_scalar_z,18
ALL/all,,2.1564619541168213,global_scalar_z,1174
ALL/all,,2.1563000679016113,global_scalar_z,984
ALL/all,,2.1560826301574707,global_scalar_z,1056
ALL/all,,2.155755043029785,global_scalar_z,1118
ALL/all,,2.1556689739227295,global_scalar_z,252
ALL/all,,2.1556687355041504,global_scalar_z,8
ALL/all,,2.1554951667785645,global_scalar_z,1076
ALL/all,,2.1554505825042725,global_scalar_z,1016
ALL/all,,2.155419111251831,global_scalar_z,1080
ALL/all,,2.1550779342651367,global_scalar_z,1375
ALL/all,,2.155045986175537,global_scalar_z,1184
ALL/all,,2.1550042629241943,global_scalar_z,982
AMASS/train,,2.1549837589263916,global_scalar_z,739
AMASS/all,,2.1549837589263916,global_scalar_z,739
ALL/all,,2.1548874378204346,global_scalar_z,392
ALL/all,,2.1545281410217285,global_scalar_z,1100
ALL/all,,2.154391288757324,global_scalar_z,266
ALL/all,,2.154224395751953,global_scalar_z,1044
ALL/all,,2.1541690826416016,global_scalar_z,1038
AMASS/train,,2.154155969619751,global_scalar_z,998
AMASS/all,,2.154155969619751,global_scalar_z,998
AMASS/train,,2.1539793014526367,global_scalar_z,296
AMASS/all,,2.1539793014526367,global_scalar_z,296
ALL/all,,2.153604030609131,global_scalar_z,1045
ALL/all,,2.1527538299560547,global_scalar_z,1092
ALL/all,,2.1525967121124268,global_scalar_z,1102
ALL/all,,2.152585506439209,global_scalar_z,1082
ALL/all,,2.1524157524108887,global_scalar_z,1050
AMASS/train,,2.1521756649017334,global_scalar_z,1045
AMASS/all,,2.1521756649017334,global_scalar_z,1045
AMASS/train,,2.1518194675445557,global_scalar_z,697
AMASS/all,,2.1518194675445557,global_scalar_z,697
TotalCapture/train,,2.1517958641052246,global_scalar_z,30
TotalCapture/all,,2.151621103286743,global_scalar_z,7
ALL/all,,2.1511032581329346,global_scalar_z,1005
ALL/all,,2.1507365703582764,global_scalar_z,1024
ALL/all,,2.150430917739868,global_scalar_z,1120
DIP/train,,2.150407314300537,global_scalar_z,9
ALL/all,,2.1502184867858887,global_scalar_z,998
AMASS/train,,2.149671792984009,global_scalar_z,1005
AMASS/all,,2.149671792984009,global_scalar_z,1005
ALL/all,,2.1495487689971924,global_scalar_z,1397
ALL/all,,2.148960828781128,global_scalar_z,1171
ALL/all,,2.148592948913574,global_scalar_z,739
TotalCapture/train,,2.1478347778320312,global_scalar_z,28
TotalCapture/train,,2.1476736068725586,global_scalar_z,26
ALL/all,,2.1475894451141357,global_scalar_z,296
AMASS/train,,2.147526979446411,global_scalar_z,1171
AMASS/all,,2.147526979446411,global_scalar_z,1171
DIP/train,,2.1468443870544434,global_scalar_z,20
TotalCapture/all,,2.14656925201416,global_scalar_z,15
DIP/val,,2.1463050842285156,global_scalar_z,3
DIP/val,,2.1460659503936768,global_scalar_z,0
ALL/all,,2.1454319953918457,global_scalar_z,697
ALL/all,,2.1444387435913086,global_scalar_z,569
ALL/all,,2.143596649169922,global_scalar_z,477
TotalCapture/train,,2.143286943435669,global_scalar_z,16
AMASS/train,,2.1429996490478516,global_scalar_z,569
AMASS/all,,2.1429996490478516,global_scalar_z,569
ALL/all,,2.1429312229156494,global_scalar_z,231
DIP/train,,2.1423935890197754,global_scalar_z,22
AMASS/train,,2.1421566009521484,global_scalar_z,477
AMASS/all,,2.1421566009521484,global_scalar_z,477
DIP/all,,2.142113208770752,global_scalar_z,10
ALL/all,,2.141902208328247,global_scalar_z,1394
ALL/all,,2.1417322158813477,global_scalar_z,851
DIP/val,,2.141613483428955,global_scalar_z,1
AMASS/train,,2.1415889263153076,global_scalar_z,1101
AMASS/all,,2.1415889263153076,global_scalar_z,1101
AMASS/train,,2.1414904594421387,global_scalar_z,231
AMASS/all,,2.1414904594421387,global_scalar_z,231
AMASS/train,,2.141291379928589,global_scalar_z,331
AMASS/all,,2.141291379928589,global_scalar_z,331
ALL/all,,2.141216993331909,global_scalar_z,421
TotalCapture/all,,2.141082525253296,global_scalar_z,31
ALL/all,,2.141038179397583,global_scalar_z,401
DIP/test,,2.1408281326293945,global_scalar_z,14
AMASS/train,,2.1403017044067383,global_scalar_z,647
AMASS/all,,2.1403017044067383,global_scalar_z,647
AMASS/train,,2.1402900218963623,global_scalar_z,851
AMASS/all,,2.1402900218963623,global_scalar_z,851
AMASS/train,,2.1397740840911865,global_scalar_z,421
AMASS/all,,2.1397740840911865,global_scalar_z,421
AMASS/train,,2.1395950317382812,global_scalar_z,401
AMASS/all,,2.1395950317382812,global_scalar_z,401
TotalCapture/all,,2.1393613815307617,global_scalar_z,43
AMASS/train,,2.138850688934326,global_scalar_z,311
AMASS/all,,2.138850688934326,global_scalar_z,311
ALL/all,,2.1383309364318848,global_scalar_z,1350
ALL/all,,2.1378517150878906,global_scalar_z,1059
AMASS/train,,2.1372568607330322,global_scalar_z,889
AMASS/all,,2.1372568607330322,global_scalar_z,889
DIP/train,,2.13708758354187,global_scalar_z,8
AMASS/train,,2.1364049911499023,global_scalar_z,1059
AMASS/all,,2.1364049911499023,global_scalar_z,1059
ALL/all,,2.1352133750915527,global_scalar_z,1101
ALL/all,,2.1351349353790283,global_scalar_z,747
ALL/all,,2.1349968910217285,global_scalar_z,125
ALL/all,,2.134916305541992,global_scalar_z,331
ALL/all,,2.133927822113037,global_scalar_z,647
AMASS/train,,2.1336851119995117,global_scalar_z,747
AMASS/all,,2.1336851119995117,global_scalar_z,747
AMASS/train,,2.133546829223633,global_scalar_z,125
AMASS/all,,2.133546829223633,global_scalar_z,125
ALL/all,,2.1325454711914062,global_scalar_z,755
ALL/all,,2.1324782371520996,global_scalar_z,311
AMASS/train,,2.1320199966430664,global_scalar_z,1189
AMASS/all,,2.1320199966430664,global_scalar_z,1189
ALL/all,,2.1319613456726074,global_scalar_z,945
AMASS/train,,2.131892442703247,global_scalar_z,1293
AMASS/all,,2.131892442703247,global_scalar_z,1293
ALL/all,,2.1312289237976074,global_scalar_z,5
AMASS/train,,2.1310927867889404,global_scalar_z,755
AMASS/all,,2.1310927867889404,global_scalar_z,755
ALL/all,,2.1308863162994385,global_scalar_z,889
AMASS/train,,2.1305079460144043,global_scalar_z,945
AMASS/all,,2.1305079460144043,global_scalar_z,945
AMASS/train,,2.129774808883667,global_scalar_z,5
AMASS/all,,2.129774808883667,global_scalar_z,5
TotalCapture/train,,2.1297614574432373,global_scalar_z,35
DIP/train,,2.127720355987549,global_scalar_z,4
AMASS/train,,2.1273586750030518,global_scalar_z,267
AMASS/all,,2.1273586750030518,global_scalar_z,267
AMASS/train,,2.126788854598999,global_scalar_z,1
AMASS/all,,2.126788854598999,global_scalar_z,1
DIP/train,,2.1259782314300537,global_scalar_z,13
ALL/all,,2.1256556510925293,global_scalar_z,1189
ALL/all,,2.12552809715271,global_scalar_z,1293
DIP/all,,2.1253693103790283,global_scalar_z,39
ALL/all,,2.1251885890960693,global_scalar_z,201
ALL/all,,2.1249806880950928,global_scalar_z,1300
ALL/all,,2.1248905658721924,global_scalar_z,1367
AMASS/train,,2.124128818511963,global_scalar_z,185
AMASS/all,,2.124128818511963,global_scalar_z,185
AMASS/train,,2.123727321624756,global_scalar_z,201
AMASS/all,,2.123727321624756,global_scalar_z,201
ALL/all,,2.1227669715881348,global_scalar_z,1396
ALL/all,,2.122279167175293,global_scalar_z,1169
DIP/all,,2.1220333576202393,global_scalar_z,52
ALL/all,,2.120999813079834,global_scalar_z,267
AMASS/train,,2.120814561843872,global_scalar_z,1169
AMASS/all,,2.120814561843872,global_scalar_z,1169
ALL/all,,2.1206047534942627,global_scalar_z,117
ALL/all,,2.1204304695129395,global_scalar_z,1
AMASS/train,,2.1197903156280518,global_scalar_z,577
AMASS/all,,2.1197903156280518,global_scalar_z,577
ALL/all,,2.1193957328796387,global_scalar_z,541
AMASS/train,,2.119138240814209,global_scalar_z,117
AMASS/all,,2.119138240814209,global_scalar_z,117
AMASS/train,,2.1179277896881104,global_scalar_z,541
AMASS/all,,2.1179277896881104,global_scalar_z,541
ALL/all,,2.1177732944488525,global_scalar_z,185
DIP/all,,2.11775541305542,global_scalar_z,43
ALL/all,,2.1176257133483887,global_scalar_z,539
ALL/all,,2.1174685955047607,global_scalar_z,895
TotalCapture/all,,2.117403030395508,global_scalar_z,40
ALL/all,,2.1167051792144775,global_scalar_z,1235
AMASS/train,,2.1164631843566895,global_scalar_z,483
AMASS/all,,2.1164631843566895,global_scalar_z,483
ALL/all,,2.116429090499878,global_scalar_z,1329
AMASS/train,,2.1161558628082275,global_scalar_z,539
AMASS/all,,2.1161558628082275,global_scalar_z,539
ALL/all,,2.1159987449645996,global_scalar_z,271
AMASS/train,,2.1159982681274414,global_scalar_z,895
AMASS/all,,2.1159982681274414,global_scalar_z,895
ALL/all,,2.115495204925537,global_scalar_z,655
ALL/all,,2.1154086589813232,global_scalar_z,1388
AMASS/train,,2.115234136581421,global_scalar_z,1235
AMASS/all,,2.115234136581421,global_scalar_z,1235
ALL/all,,2.1146507263183594,global_scalar_z,1339
ALL/all,,2.114553689956665,global_scalar_z,1383
AMASS/train,,2.1145267486572266,global_scalar_z,271
AMASS/all,,2.1145267486572266,global_scalar_z,271
ALL/all,,2.1144189834594727,global_scalar_z,273
ALL/all,,2.114215612411499,global_scalar_z,1398
ALL/all,,2.1141982078552246,global_scalar_z,1313
AMASS/train,,2.114022731781006,global_scalar_z,655
AMASS/all,,2.114022731781006,global_scalar_z,655
ALL/all,,2.1134400367736816,global_scalar_z,577
AMASS/train,,2.112945318222046,global_scalar_z,273
AMASS/all,,2.112945318222046,global_scalar_z,273
AMASS/train,,2.1128194332122803,global_scalar_z,1205
AMASS/all,,2.1128194332122803,global_scalar_z,1205
AMASS/train,,2.1127381324768066,global_scalar_z,437
AMASS/all,,2.1127381324768066,global_scalar_z,437
TotalCapture/train,,2.1122982501983643,global_scalar_z,8
TotalCapture/all,,2.111052989959717,global_scalar_z,30
DIP/all,,2.1101863384246826,global_scalar_z,2
ALL/all,,2.110116720199585,global_scalar_z,483
ALL/all,,2.1072678565979004,global_scalar_z,1384
TotalCapture/all,,2.107178211212158,global_scalar_z,28
DIP/all,,2.107104539871216,global_scalar_z,53
TotalCapture/all,,2.107020378112793,global_scalar_z,26
ALL/all,,2.1064770221710205,global_scalar_z,1205
ALL/all,,2.106395959854126,global_scalar_z,437
AMASS/train,,2.105400562286377,global_scalar_z,1019
AMASS/all,,2.105400562286377,global_scalar_z,1019
TotalCapture/all,,2.102729320526123,global_scalar_z,16
TotalCapture/train,,2.1025643348693848,global_scalar_z,29
TotalCapture/train,,2.101686716079712,global_scalar_z,24
ALL/all,,2.1009340286254883,global_scalar_z,1304
DIP/train,,2.100419759750366,global_scalar_z,10
AMASS/train,,2.1002185344696045,global_scalar_z,949
AMASS/all,,2.1002185344696045,global_scalar_z,949
ALL/all,,2.0999605655670166,global_scalar_z,1312
DIP/all,,2.0996670722961426,global_scalar_z,15
ALL/all,,2.0996012687683105,global_scalar_z,137
AMASS/train,,2.099595069885254,global_scalar_z,511
AMASS/all,,2.099595069885254,global_scalar_z,511
ALL/all,,2.099066734313965,global_scalar_z,1019
ALL/all,,2.098172426223755,global_scalar_z,1357
AMASS/train,,2.0981104373931885,global_scalar_z,137
AMASS/all,,2.0981104373931885,global_scalar_z,137
DIP/all,,2.096797466278076,global_scalar_z,48
AMASS/train,,2.09641695022583,global_scalar_z,901
AMASS/all,,2.09641695022583,global_scalar_z,901
ALL/all,,2.09641170501709,global_scalar_z,1025
AMASS/train,,2.0960161685943604,global_scalar_z,403
AMASS/all,,2.0960161685943604,global_scalar_z,403
AMASS/train,,2.095717430114746,global_scalar_z,1295
AMASS/all,,2.095717430114746,global_scalar_z,1295
AMASS/train,,2.095337152481079,global_scalar_z,1287
AMASS/all,,2.095337152481079,global_scalar_z,1287
AMASS/train,,2.0949172973632812,global_scalar_z,1025
AMASS/all,,2.0949172973632812,global_scalar_z,1025
ALL/all,,2.094637870788574,global_scalar_z,521
TotalCapture/train,,2.094207525253296,global_scalar_z,25
ALL/all,,2.09389066696167,global_scalar_z,949
ALL/all,,2.0932679176330566,global_scalar_z,511
AMASS/train,,2.0931413173675537,global_scalar_z,521
AMASS/all,,2.0931413173675537,global_scalar_z,521
TotalCapture/val,,2.09251070022583,global_scalar_z,2
ALL/all,,2.0904877185821533,global_scalar_z,1077
ALL/all,,2.0900933742523193,global_scalar_z,901
TotalCapture/all,,2.08986234664917,global_scalar_z,39
ALL/all,,2.089693069458008,global_scalar_z,403
TotalCapture/all,,2.0894978046417236,global_scalar_z,35
ALL/all,,2.0893948078155518,global_scalar_z,1295
ALL/all,,2.089057207107544,global_scalar_z,911
ALL/all,,2.089015007019043,global_scalar_z,1287
AMASS/train,,2.088986396789551,global_scalar_z,1077
AMASS/all,,2.088986396789551,global_scalar_z,1077
ALL/all,,2.088927745819092,global_scalar_z,1378
AMASS/train,,2.087554454803467,global_scalar_z,911
AMASS/all,,2.087554454803467,global_scalar_z,911
DIP/all,,2.086726665496826,global_scalar_z,6
DIP/all,,2.0857768058776855,global_scalar_z,14
ALL/all,,2.0850493907928467,global_scalar_z,1393
ALL/all,,2.0843448638916016,global_scalar_z,1343
DIP/all,,2.0840322971343994,global_scalar_z,59
DIP/all,,2.0838282108306885,global_scalar_z,31
ALL/all,,2.0814647674560547,global_scalar_z,517
AMASS/train,,2.080145835876465,global_scalar_z,517
AMASS/all,,2.080145835876465,global_scalar_z,517
TotalCapture/test,,2.07877516746521,global_scalar_z,1
AMASS/train,,2.077792167663574,global_scalar_z,157
AMASS/all,,2.077792167663574,global_scalar_z,157
ALL/all,,2.07765531539917,global_scalar_z,1358
TotalCapture/train,,2.075380325317383,global_scalar_z,19
ALL/all,,2.0749118328094482,global_scalar_z,877
AMASS/train,,2.073392629623413,global_scalar_z,877
AMASS/all,,2.073392629623413,global_scalar_z,877
TotalCapture/all,,2.0724141597747803,global_scalar_z,8
ALL/all,,2.0714900493621826,global_scalar_z,157
TotalCapture/train,,2.071398973464966,global_scalar_z,34
TotalCapture/all,,2.070281505584717,global_scalar_z,37
ALL/all,,2.0691587924957275,global_scalar_z,1336
ALL/all,,2.0691490173339844,global_scalar_z,1402
DIP/train,,2.0690112113952637,global_scalar_z,2
ALL/all,,2.066762685775757,global_scalar_z,1267
ALL/all,,2.066561698913574,global_scalar_z,1324
DIP/all,,2.065433979034424,global_scalar_z,41
AMASS/train,,2.0652339458465576,global_scalar_z,1267
AMASS/all,,2.0652339458465576,global_scalar_z,1267
AMASS/train,,2.0647997856140137,global_scalar_z,1007
AMASS/all,,2.0647997856140137,global_scalar_z,1007
ALL/all,,2.064143657684326,global_scalar_z,629
DIP/all,,2.0640158653259277,global_scalar_z,60
AMASS/train,,2.063389301300049,global_scalar_z,129
AMASS/all,,2.063389301300049,global_scalar_z,129
ALL/all,,2.063314199447632,global_scalar_z,883
ALL/all,,2.063145637512207,global_scalar_z,869
ALL/all,,2.0629167556762695,global_scalar_z,155
TotalCapture/all,,2.062892198562622,global_scalar_z,29
AMASS/train,,2.062803030014038,global_scalar_z,525
AMASS/all,,2.062803030014038,global_scalar_z,525
AMASS/train,,2.0626120567321777,global_scalar_z,629
AMASS/all,,2.0626120567321777,global_scalar_z,629
ALL/all,,2.062533140182495,global_scalar_z,1372
AMASS/train,,2.0621466636657715,global_scalar_z,85
AMASS/all,,2.0621466636657715,global_scalar_z,85
ALL/all,,2.0620875358581543,global_scalar_z,1354
TotalCapture/all,,2.0620336532592773,global_scalar_z,24
AMASS/train,,2.061781406402588,global_scalar_z,883
AMASS/all,,2.061781406402588,global_scalar_z,883
AMASS/train,,2.061612844467163,global_scalar_z,869
AMASS/all,,2.061612844467163,global_scalar_z,869
AMASS/train,,2.0613837242126465,global_scalar_z,155
AMASS/all,,2.0613837242126465,global_scalar_z,155
ALL/all,,2.060535192489624,global_scalar_z,1309
ALL/all,,2.060131311416626,global_scalar_z,107
AMASS/train,,2.059983968734741,global_scalar_z,1001
AMASS/all,,2.059983968734741,global_scalar_z,1001
ALL/all,,2.058797597885132,global_scalar_z,1392
DIP/train,,2.0586626529693604,global_scalar_z,15
AMASS/train,,2.0585951805114746,global_scalar_z,107
AMASS/all,,2.0585951805114746,global_scalar_z,107
ALL/all,,2.0585126876831055,global_scalar_z,1007
ALL/all,,2.0571038722991943,global_scalar_z,129
ALL/all,,2.056898832321167,global_scalar_z,1305
ALL/all,,2.056518316268921,global_scalar_z,525
ALL/all,,2.0558626651763916,global_scalar_z,85
DIP/all,,2.055727005004883,global_scalar_z,38
TotalCapture/all,,2.0547170639038086,global_scalar_z,25
ALL/all,,2.054246664047241,global_scalar_z,723
ALL/all,,2.0537025928497314,global_scalar_z,1001
ALL/all,,2.053560972213745,global_scalar_z,549
ALL/all,,2.052889347076416,global_scalar_z,971
AMASS/train,,2.052703619003296,global_scalar_z,723
AMASS/all,,2.052703619003296,global_scalar_z,723
AMASS/train,,2.0525760650634766,global_scalar_z,829
AMASS/all,,2.0525760650634766,global_scalar_z,829
AMASS/train,,2.052074670791626,global_scalar_z,737
AMASS/all,,2.052074670791626,global_scalar_z,737
AMASS/train,,2.0520172119140625,global_scalar_z,549
AMASS/all,,2.0520172119140625,global_scalar_z,549
ALL/all,,2.0516772270202637,global_scalar_z,389
AMASS/train,,2.051344633102417,global_scalar_z,971
AMASS/all,,2.051344633102417,global_scalar_z,971
AMASS/train,,2.0501549243927,global_scalar_z,199
AMASS/all,,2.0501549243927,global_scalar_z,199
AMASS/train,,2.05013108253479,global_scalar_z,389
AMASS/all,,2.05013108253479,global_scalar_z,389
ALL/all,,2.0491418838500977,global_scalar_z,1331
ALL/all,,2.048909902572632,global_scalar_z,1330
DIP/all,,2.048828363418579,global_scalar_z,56
AMASS/train,,2.0487940311431885,global_scalar_z,601
AMASS/all,,2.0487940311431885,global_scalar_z,601
AMASS/train,,2.0486419200897217,global_scalar_z,1131
AMASS/all,,2.0486419200897217,global_scalar_z,1131
AMASS/train,,2.0485830307006836,global_scalar_z,467
AMASS/all,,2.0485830307006836,global_scalar_z,467
TotalCapture/train,,2.0482850074768066,global_scalar_z,13
ALL/all,,2.0478289127349854,global_scalar_z,91
DIP/val,,2.047074556350708,global_scalar_z,5
ALL/all,,2.0463030338287354,global_scalar_z,829
AMASS/train,,2.046278238296509,global_scalar_z,91
AMASS/all,,2.046278238296509,global_scalar_z,91
DIP/train,,2.0459325313568115,global_scalar_z,6
ALL/all,,2.045802354812622,global_scalar_z,737
ALL/all,,2.0452773571014404,global_scalar_z,447
ALL/all,,2.045107364654541,global_scalar_z,599
DIP/train,,2.0449981689453125,global_scalar_z,14
TotalCapture/train,,2.044450521469116,global_scalar_z,33
TotalCapture/train,,2.0444114208221436,global_scalar_z,18
ALL/all,,2.043884754180908,global_scalar_z,199
AMASS/train,,2.0437238216400146,global_scalar_z,447
AMASS/all,,2.0437238216400146,global_scalar_z,447
AMASS/train,,2.043553590774536,global_scalar_z,599
AMASS/all,,2.043553590774536,global_scalar_z,599
DIP/train,,2.043081045150757,global_scalar_z,31
DIP/test,,2.042675018310547,global_scalar_z,3
ALL/all,,2.04252552986145,global_scalar_z,601
ALL/all,,2.0423736572265625,global_scalar_z,1131
ALL/all,,2.0423147678375244,global_scalar_z,467
TotalCapture/test,,2.0422556400299072,global_scalar_z,0
ALL/all,,2.040790319442749,global_scalar_z,1322
ALL/all,,2.0370588302612305,global_scalar_z,1386
TotalCapture/all,,2.036299228668213,global_scalar_z,19
AMASS/train,,2.034350872039795,global_scalar_z,503
AMASS/all,,2.034350872039795,global_scalar_z,503
AMASS/train,,2.033946990966797,global_scalar_z,831
AMASS/all,,2.033946990966797,global_scalar_z,831
ALL/all,,2.033660411834717,global_scalar_z,1215
TotalCapture/all,,2.0324044227600098,global_scalar_z,34
AMASS/train,,2.0320935249328613,global_scalar_z,1215
AMASS/all,,2.0320935249328613,global_scalar_z,1215
ALL/all,,2.0319161415100098,global_scalar_z,351
ALL/all,,2.031102418899536,global_scalar_z,1373
AMASS/train,,2.0303473472595215,global_scalar_z,351
AMASS/all,,2.0303473472595215,global_scalar_z,351
ALL/all,,2.0280988216400146,global_scalar_z,503
DIP/all,,2.0280508995056152,global_scalar_z,24
ALL/all,,2.027695417404175,global_scalar_z,831
DIP/val,,2.0267510414123535,global_scalar_z,2
ALL/all,,2.0252163410186768,global_scalar_z,1323
ALL/all,,2.024364948272705,global_scalar_z,1328
ALL/all,,2.022904634475708,global_scalar_z,1055
ALL/all,,2.022564172744751,global_scalar_z,1011
ALL/all,,2.0223889350891113,global_scalar_z,641
TotalCapture/train,,2.02213454246521,global_scalar_z,27
ALL/all,,2.0219833850860596,global_scalar_z,1380
AMASS/train,,2.0213255882263184,global_scalar_z,1055
AMASS/all,,2.0213255882263184,global_scalar_z,1055
AMASS/train,,2.020984649658203,global_scalar_z,1011
AMASS/all,,2.020984649658203,global_scalar_z,1011
AMASS/train,,2.020951986312866,global_scalar_z,1191
AMASS/all,,2.020951986312866,global_scalar_z,1191
AMASS/train,,2.0208091735839844,global_scalar_z,641
AMASS/all,,2.0208091735839844,global_scalar_z,641
ALL/all,,2.0165631771087646,global_scalar_z,1371
TotalCapture/train,,2.016019821166992,global_scalar_z,14
ALL/all,,2.0147156715393066,global_scalar_z,1191
ALL/all,,2.0137345790863037,global_scalar_z,1381
AMASS/train,,2.013206958770752,global_scalar_z,1239
AMASS/all,,2.013206958770752,global_scalar_z,1239
DIP/all,,2.0131688117980957,global_scalar_z,26
DIP/all,,2.012857437133789,global_scalar_z,25
ALL/all,,2.011340379714966,global_scalar_z,1139
ALL/all,,2.011091947555542,global_scalar_z,75
AMASS/train,,2.010964870452881,global_scalar_z,1203
AMASS/all,,2.010964870452881,global_scalar_z,1203
TotalCapture/test,,2.0105137825012207,global_scalar_z,3
TotalCapture/all,,2.0097930431365967,global_scalar_z,13
AMASS/train,,2.0097477436065674,global_scalar_z,1139
AMASS/all,,2.0097477436065674,global_scalar_z,1139
AMASS/train,,2.0094990730285645,global_scalar_z,75
AMASS/all,,2.0094990730285645,global_scalar_z,75
ALL/all,,2.0088388919830322,global_scalar_z,1377
ALL/all,,2.008589029312134,global_scalar_z,931
TotalCapture/train,,2.0079383850097656,global_scalar_z,12
AMASS/train,,2.006993293762207,global_scalar_z,931
AMASS/all,,2.006993293762207,global_scalar_z,931
ALL/all,,2.006979465484619,global_scalar_z,1239
TotalCapture/train,,2.0066587924957275,global_scalar_z,21
TotalCapture/all,,2.0060417652130127,global_scalar_z,33
ALL/all,,2.004739999771118,global_scalar_z,1203
ALL/all,,2.003614902496338,global_scalar_z,643
AMASS/train,,2.0020134449005127,global_scalar_z,643
AMASS/all,,2.0020134449005127,global_scalar_z,643
TotalCapture/val,,2.001797676086426,global_scalar_z,0
AMASS/train,,1.9995709657669067,global_scalar_z,407
AMASS/all,,1.9995709657669067,global_scalar_z,407
ALL/all,,1.9994738101959229,global_scalar_z,335
TotalCapture/train,,1.998190999031067,global_scalar_z,22
AMASS/train,,1.9978675842285156,global_scalar_z,335
AMASS/all,,1.9978675842285156,global_scalar_z,335
ALL/all,,1.9971873760223389,global_scalar_z,1179
DIP/all,,1.9963815212249756,global_scalar_z,45
ALL/all,,1.995885968208313,global_scalar_z,1089
ALL/all,,1.9957743883132935,global_scalar_z,367
AMASS/train,,1.9955785274505615,global_scalar_z,1179
AMASS/all,,1.9955785274505615,global_scalar_z,1179
ALL/all,,1.9951313734054565,global_scalar_z,307
ALL/all,,1.994513988494873,global_scalar_z,1193
AMASS/train,,1.9942755699157715,global_scalar_z,1089
AMASS/all,,1.9942755699157715,global_scalar_z,1089
AMASS/train,,1.9941638708114624,global_scalar_z,367
AMASS/all,,1.9941638708114624,global_scalar_z,367
TotalCapture/all,,1.9939143657684326,global_scalar_z,18
AMASS/train,,1.9935200214385986,global_scalar_z,307
AMASS/all,,1.9935200214385986,global_scalar_z,307
ALL/all,,1.993359088897705,global_scalar_z,407
AMASS/train,,1.9929020404815674,global_scalar_z,1193
AMASS/all,,1.9929020404815674,global_scalar_z,1193
AMASS/train,,1.990508794784546,global_scalar_z,741
AMASS/all,,1.990508794784546,global_scalar_z,741
ALL/all,,1.9893009662628174,global_scalar_z,1325
DIP/train,,1.9882094860076904,global_scalar_z,24
ALL/all,,1.9843072891235352,global_scalar_z,741
TotalCapture/all,,1.9842109680175781,global_scalar_z,27
ALL/all,,1.9821141958236694,global_scalar_z,715
AMASS/train,,1.9804879426956177,global_scalar_z,715
AMASS/all,,1.9804879426956177,global_scalar_z,715
ALL/all,,1.98048734664917,global_scalar_z,1081
ALL/all,,1.9795656204223633,global_scalar_z,1379
AMASS/train,,1.9788591861724854,global_scalar_z,1081
AMASS/all,,1.9788591861724854,global_scalar_z,1081
TotalCapture/all,,1.9782294034957886,global_scalar_z,14
DIP/all,,1.9778186082839966,global_scalar_z,27
ALL/all,,1.97725510597229,global_scalar_z,1247
AMASS/train,,1.9756232500076294,global_scalar_z,1247
AMASS/all,,1.9756232500076294,global_scalar_z,1247
ALL/all,,1.9747496843338013,global_scalar_z,445
ALL/all,,1.9739136695861816,global_scalar_z,1067
DIP/train,,1.9735691547393799,global_scalar_z,26
AMASS/train,,1.9734710454940796,global_scalar_z,251
AMASS/all,,1.9734710454940796,global_scalar_z,251
DIP/train,,1.9732625484466553,global_scalar_z,25
DIP/all,,1.9731533527374268,global_scalar_z,11
AMASS/train,,1.9731148481369019,global_scalar_z,445
AMASS/all,,1.9731148481369019,global_scalar_z,445
ALL/all,,1.972352385520935,global_scalar_z,1347
AMASS/train,,1.9722779989242554,global_scalar_z,1067
AMASS/all,,1.9722779989242554,global_scalar_z,1067
ALL/all,,1.97161066532135,global_scalar_z,1213
TotalCapture/val,,1.970881700515747,global_scalar_z,3
AMASS/train,,1.9699722528457642,global_scalar_z,1213
AMASS/all,,1.9699722528457642,global_scalar_z,1213
DIP/all,,1.9696056842803955,global_scalar_z,7
TotalCapture/all,,1.9690717458724976,global_scalar_z,21
ALL/all,,1.9672893285751343,global_scalar_z,251
ALL/all,,1.9663658142089844,global_scalar_z,1321
AMASS/train,,1.9651809930801392,global_scalar_z,1245
AMASS/all,,1.9651809930801392,global_scalar_z,1245
TotalCapture/all,,1.9636287689208984,global_scalar_z,12
DIP/all,,1.9634660482406616,global_scalar_z,30
TotalCapture/train,,1.9631147384643555,global_scalar_z,20
DIP/all,,1.9620381593704224,global_scalar_z,33
DIP/all,,1.9618117809295654,global_scalar_z,32
TotalCapture/all,,1.9607881307601929,global_scalar_z,22
ALL/all,,1.9602501392364502,global_scalar_z,189
ALL/all,,1.9590086936950684,global_scalar_z,1245
AMASS/train,,1.9585986137390137,global_scalar_z,189
AMASS/all,,1.9585986137390137,global_scalar_z,189
TotalCapture/val,,1.9582488536834717,global_scalar_z,4
ALL/all,,1.9578461647033691,global_scalar_z,173
AMASS/train,,1.956191897392273,global_scalar_z,173
AMASS/all,,1.956191897392273,global_scalar_z,173
DIP/all,,1.95073401927948,global_scalar_z,23
DIP/train,,1.9480280876159668,global_scalar_z,11
ALL/all,,1.947768211364746,global_scalar_z,443
AMASS/train,,1.9473505020141602,global_scalar_z,1187
AMASS/all,,1.9473505020141602,global_scalar_z,1187
ALL/all,,1.946829080581665,global_scalar_z,711
ALL/all,,1.946263313293457,global_scalar_z,849
AMASS/train,,1.946102261543274,global_scalar_z,443
AMASS/all,,1.946102261543274,global_scalar_z,443
ALL/all,,1.9454890489578247,global_scalar_z,1356
AMASS/train,,1.9451621770858765,global_scalar_z,711
AMASS/all,,1.9451621770858765,global_scalar_z,711
AMASS/train,,1.9445956945419312,global_scalar_z,849
AMASS/all,,1.9445956945419312,global_scalar_z,849
DIP/train,,1.9445381164550781,global_scalar_z,7
ALL/all,,1.9411988258361816,global_scalar_z,1187
ALL/all,,1.9406689405441284,global_scalar_z,1035
ALL/all,,1.9397270679473877,global_scalar_z,259
ALL/all,,1.9396787881851196,global_scalar_z,939
AMASS/train,,1.9389948844909668,global_scalar_z,1035
AMASS/all,,1.9389948844909668,global_scalar_z,1035
DIP/train,,1.9387928247451782,global_scalar_z,27
TotalCapture/train,,1.93866765499115,global_scalar_z,23
AMASS/train,,1.9385535717010498,global_scalar_z,683
AMASS/all,,1.9385535717010498,global_scalar_z,683
AMASS/train,,1.9380519390106201,global_scalar_z,259
AMASS/all,,1.9380519390106201,global_scalar_z,259
AMASS/train,,1.9380035400390625,global_scalar_z,939
AMASS/all,,1.9380035400390625,global_scalar_z,939
ALL/all,,1.9371742010116577,global_scalar_z,1382
DIP/train,,1.9370933771133423,global_scalar_z,33
DIP/train,,1.9368706941604614,global_scalar_z,32
AMASS/train,,1.9340031147003174,global_scalar_z,177
AMASS/all,,1.9340031147003174,global_scalar_z,177
ALL/all,,1.9331187009811401,global_scalar_z,1376
ALL/all,,1.9331014156341553,global_scalar_z,707
ALL/all,,1.932412028312683,global_scalar_z,683
AMASS/train,,1.931418538093567,global_scalar_z,707
AMASS/all,,1.931418538093567,global_scalar_z,707
ALL/all,,1.9303996562957764,global_scalar_z,1344
DIP/test,,1.929681420326233,global_scalar_z,7
ALL/all,,1.92963445186615,global_scalar_z,177
TotalCapture/val,,1.9268649816513062,global_scalar_z,1
TotalCapture/all,,1.9264745712280273,global_scalar_z,20
DIP/train,,1.924673318862915,global_scalar_z,30
ALL/all,,1.9176267385482788,global_scalar_z,981
AMASS/train,,1.9159260988235474,global_scalar_z,981
AMASS/all,,1.9159260988235474,global_scalar_z,981
TotalCapture/train,,1.915434718132019,global_scalar_z,17
AMASS/train,,1.9147450923919678,global_scalar_z,823
AMASS/all,,1.9147450923919678,global_scalar_z,823
DIP/train,,1.9121479988098145,global_scalar_z,23
ALL/all,,1.9086309671401978,global_scalar_z,823
DIP/test,,1.9025779962539673,global_scalar_z,16
DIP/test,,1.8979651927947998,global_scalar_z,12
TotalCapture/all,,1.8904697895050049,global_scalar_z,23
DIP/test,,1.8873536586761475,global_scalar_z,4
DIP/all,,1.8871231079101562,global_scalar_z,49
TotalCapture/test,,1.8825161457061768,global_scalar_z,2
TotalCapture/all,,1.879831314086914,global_scalar_z,17
ALL/all,,1.8764821290969849,global_scalar_z,905
ALL/all,,1.876062273979187,global_scalar_z,531
AMASS/train,,1.8747340440750122,global_scalar_z,905
AMASS/all,,1.8747340440750122,global_scalar_z,905
AMASS/train,,1.8743135929107666,global_scalar_z,531
AMASS/all,,1.8743135929107666,global_scalar_z,531
AMASS/train,,1.8694390058517456,global_scalar_z,1121
AMASS/all,,1.8694390058517456,global_scalar_z,1121
ALL/all,,1.8633770942687988,global_scalar_z,1121
AMASS/train,,1.8633493185043335,global_scalar_z,857
AMASS/all,,1.8633493185043335,global_scalar_z,857
AMASS/train,,1.8616563081741333,global_scalar_z,487
AMASS/all,,1.8616563081741333,global_scalar_z,487
DIP/all,,1.8609155416488647,global_scalar_z,58
ALL/all,,1.8572943210601807,global_scalar_z,857
ALL/all,,1.8556033372879028,global_scalar_z,487
AMASS/train,,1.8549249172210693,global_scalar_z,109
AMASS/all,,1.8549249172210693,global_scalar_z,109
ALL/all,,1.8488796949386597,global_scalar_z,109
DIP/all,,1.8461945056915283,global_scalar_z,46
ALL/all,,1.8288729190826416,global_scalar_z,159
ALL/all,,1.8270715475082397,global_scalar_z,789
AMASS/train,,1.827069878578186,global_scalar_z,159
AMASS/all,,1.827069878578186,global_scalar_z,159
AMASS/train,,1.8252663612365723,global_scalar_z,789
AMASS/all,,1.8252663612365723,global_scalar_z,789
ALL/all,,1.8238128423690796,global_scalar_z,245
AMASS/train,,1.822003960609436,global_scalar_z,245
AMASS/all,,1.822003960609436,global_scalar_z,245
ALL/all,,1.8213765621185303,global_scalar_z,1352
DIP/all,,1.8139935731887817,global_scalar_z,54
ALL/all,,1.8062891960144043,global_scalar_z,371
AMASS/train,,1.804460048675537,global_scalar_z,371
AMASS/all,,1.804460048675537,global_scalar_z,371
AMASS/train,,1.7589819431304932,global_scalar_z,611
AMASS/all,,1.7589819431304932,global_scalar_z,611
ALL/all,,1.7586658000946045,global_scalar_z,611
ALL/all,,1.7187522649765015,global_scalar_z,1103
AMASS/train,,1.7168221473693848,global_scalar_z,1103
AMASS/all,,1.7168221473693848,global_scalar_z,1103
ALL/all,,1.6576660871505737,global_scalar_z,1326
DIP/all,,1.6542795896530151,global_scalar_z,28
DIP/train,,1.620507001876831,global_scalar_z,28
